2026-01-26 23:40:52,377 - __main__ - INFO - Iniciando ExtractMogi
2026-01-26 23:40:52,559 - __main__ - INFO - Banco de dados inicializado
2026-01-26 23:41:19,686 - src.processors.async_processor - INFO - CSV lido com sucesso: 371 empresas encontradas
2026-01-26 23:41:19,688 - __main__ - INFO - CSV carregado: 20260124_140352_busca_mogi_perfil.csv com 371 empresas
2026-01-26 23:41:30,138 - __main__ - INFO - Iniciando processamento de empresas
2026-01-26 23:41:30,141 - src.processors.async_processor - INFO - CSV lido com sucesso: 371 empresas encontradas
2026-01-26 23:41:30,141 - src.processors.async_processor - INFO - Iniciando processamento assíncrono de 371 empresas
2026-01-26 23:43:58,063 - __main__ - INFO - Iniciando ExtractMogi
2026-01-26 23:43:58,221 - __main__ - INFO - Banco de dados inicializado
2026-01-26 23:44:12,375 - src.processors.async_processor - INFO - CSV lido com sucesso: 371 empresas encontradas
2026-01-26 23:44:12,376 - __main__ - INFO - CSV carregado: 20260124_140352_busca_mogi_perfil.csv com 371 empresas
2026-01-26 23:44:14,492 - __main__ - INFO - Iniciando processamento de empresas
2026-01-26 23:44:14,498 - src.processors.async_processor - INFO - CSV lido com sucesso: 371 empresas encontradas
2026-01-26 23:44:14,498 - src.processors.async_processor - INFO - Iniciando processamento assíncrono de 371 empresas
2026-01-26 23:44:24,706 - __main__ - INFO - Iniciando: SELETA & NATURAL
2026-01-26 23:44:24,720 - src.processors.async_processor - INFO - [1/371] Processando: SELETA & NATURAL
2026-01-26 23:44:32,383 - src.scrappers.google_scraper - INFO - Buscando: "SELETA & NATURAL" Mogi Mirim
2026-01-26 23:44:43,554 - src.scrappers.google_scraper - WARNING - Widget do Google Meu Negócio não encontrado para: SELETA & NATURAL
2026-01-26 23:44:43,609 - src.processors.async_processor - INFO - Novo registro criado: SELETA & NATURAL
2026-01-26 23:44:43,767 - __main__ - INFO - Concluído: SELETA & NATURAL - Sem dados
2026-01-26 23:44:44,781 - __main__ - INFO - Iniciando: REMPEL INSTALACAO E MANUTENCAO INDUSTRIAL
2026-01-26 23:44:44,785 - src.processors.async_processor - INFO - [2/371] Processando: REMPEL INSTALACAO E MANUTENCAO INDUSTRIAL
2026-01-26 23:44:45,035 - src.scrappers.google_scraper - INFO - Buscando: "REMPEL INSTALACAO E MANUTENCAO INDUSTRIAL" Mogi Mirim
2026-01-26 23:44:52,765 - src.scrappers.google_scraper - WARNING - Widget do Google Meu Negócio não encontrado para: REMPEL INSTALACAO E MANUTENCAO INDUSTRIAL
2026-01-26 23:44:52,799 - src.processors.async_processor - INFO - Novo registro criado: REMPEL INSTALACAO E MANUTENCAO INDUSTRIAL
2026-01-26 23:44:52,888 - __main__ - INFO - Concluído: REMPEL INSTALACAO E MANUTENCAO INDUSTRIAL - Sem dados
2026-01-26 23:44:53,895 - __main__ - INFO - Iniciando: KIOSQUE DOS AMIGOS
2026-01-26 23:44:53,899 - src.processors.async_processor - INFO - [3/371] Processando: KIOSQUE DOS AMIGOS
2026-01-26 23:44:54,201 - src.scrappers.google_scraper - INFO - Buscando: "KIOSQUE DOS AMIGOS" Mogi Mirim
2026-01-26 23:45:02,067 - src.scrappers.google_scraper - WARNING - Widget do Google Meu Negócio não encontrado para: KIOSQUE DOS AMIGOS
2026-01-26 23:45:02,082 - src.processors.async_processor - INFO - Novo registro criado: KIOSQUE DOS AMIGOS
2026-01-26 23:45:02,171 - __main__ - INFO - Concluído: KIOSQUE DOS AMIGOS - Sem dados
2026-01-26 23:45:03,173 - __main__ - INFO - Iniciando: ALECINIAS MATSUMOTO
2026-01-26 23:45:03,177 - src.processors.async_processor - INFO - [4/371] Processando: ALECINIAS MATSUMOTO
2026-01-26 23:45:03,300 - src.scrappers.google_scraper - INFO - Buscando: "ALECINIAS MATSUMOTO" Mogi Mirim
2026-01-26 23:45:11,075 - src.scrappers.google_scraper - WARNING - Widget do Google Meu Negócio não encontrado para: ALECINIAS MATSUMOTO
2026-01-26 23:45:11,090 - src.processors.async_processor - INFO - Novo registro criado: ALECINIAS MATSUMOTO
2026-01-26 23:45:11,177 - __main__ - INFO - Concluído: ALECINIAS MATSUMOTO - Sem dados
2026-01-26 23:45:12,187 - __main__ - INFO - Iniciando: S. & A. JARDINAGEM
2026-01-26 23:45:12,191 - src.processors.async_processor - INFO - [5/371] Processando: S. & A. JARDINAGEM
2026-01-26 23:45:12,469 - src.scrappers.google_scraper - INFO - Buscando: "S. & A. JARDINAGEM" Mogi Mirim
2026-01-26 23:45:20,289 - src.scrappers.google_scraper - WARNING - Widget do Google Meu Negócio não encontrado para: S. & A. JARDINAGEM
2026-01-26 23:45:20,302 - src.processors.async_processor - INFO - Novo registro criado: S. & A. JARDINAGEM
2026-01-26 23:45:20,371 - __main__ - INFO - Concluído: S. & A. JARDINAGEM - Sem dados
2026-01-26 23:45:21,392 - __main__ - INFO - Iniciando: RC MOTORS
2026-01-26 23:45:21,397 - src.processors.async_processor - INFO - [6/371] Processando: RC MOTORS
2026-01-26 23:45:21,598 - src.scrappers.google_scraper - INFO - Buscando: "RC MOTORS" Mogi Mirim
2026-01-26 23:45:29,365 - src.scrappers.google_scraper - WARNING - Widget do Google Meu Negócio não encontrado para: RC MOTORS
2026-01-26 23:45:29,404 - src.processors.async_processor - INFO - Novo registro criado: RC MOTORS
2026-01-26 23:45:29,530 - __main__ - INFO - Concluído: RC MOTORS - Sem dados
2026-01-26 23:45:30,588 - __main__ - INFO - Iniciando: CLEIDE MODA PLUS SIZE
2026-01-26 23:45:30,592 - src.processors.async_processor - INFO - [7/371] Processando: CLEIDE MODA PLUS SIZE
2026-01-26 23:45:30,730 - src.scrappers.google_scraper - INFO - Buscando: "CLEIDE MODA PLUS SIZE" Mogi Mirim
2026-01-26 23:45:38,456 - src.scrappers.google_scraper - WARNING - Widget do Google Meu Negócio não encontrado para: CLEIDE MODA PLUS SIZE
2026-01-26 23:45:38,470 - src.processors.async_processor - INFO - Novo registro criado: CLEIDE MODA PLUS SIZE
2026-01-26 23:45:38,550 - __main__ - INFO - Concluído: CLEIDE MODA PLUS SIZE - Sem dados
2026-01-26 23:45:39,563 - __main__ - INFO - Iniciando: DK FASHION STORE
2026-01-26 23:45:39,567 - src.processors.async_processor - INFO - [8/371] Processando: DK FASHION STORE
2026-01-26 23:45:39,698 - src.scrappers.google_scraper - INFO - Buscando: "DK FASHION STORE" Mogi Mirim
2026-01-26 23:45:47,328 - src.scrappers.google_scraper - WARNING - Widget do Google Meu Negócio não encontrado para: DK FASHION STORE
2026-01-26 23:45:47,344 - src.processors.async_processor - INFO - Novo registro criado: DK FASHION STORE
2026-01-26 23:45:47,468 - __main__ - INFO - Concluído: DK FASHION STORE - Sem dados
2026-01-26 23:45:48,490 - __main__ - INFO - Iniciando: MV SISTEMAS
2026-01-26 23:45:48,492 - src.processors.async_processor - INFO - [9/371] Processando: MV SISTEMAS
2026-01-26 23:45:48,615 - src.scrappers.google_scraper - INFO - Buscando: "MV SISTEMAS" Mogi Mirim
2026-01-26 23:45:56,483 - src.scrappers.google_scraper - WARNING - Widget do Google Meu Negócio não encontrado para: MV SISTEMAS
2026-01-26 23:45:56,522 - src.processors.async_processor - INFO - Novo registro criado: MV SISTEMAS
2026-01-26 23:45:56,593 - __main__ - INFO - Concluído: MV SISTEMAS - Sem dados
2026-01-26 23:45:57,638 - __main__ - INFO - Iniciando: ADEMAR LANCHES
2026-01-26 23:45:57,641 - src.processors.async_processor - INFO - [10/371] Processando: ADEMAR LANCHES
2026-01-26 23:45:57,775 - src.scrappers.google_scraper - INFO - Buscando: "ADEMAR LANCHES" Mogi Mirim
2026-01-26 23:46:05,358 - src.scrappers.google_scraper - WARNING - Widget do Google Meu Negócio não encontrado para: ADEMAR LANCHES
2026-01-26 23:46:05,399 - src.processors.async_processor - INFO - Novo registro criado: ADEMAR LANCHES
2026-01-26 23:46:05,515 - __main__ - INFO - Concluído: ADEMAR LANCHES - Sem dados
2026-01-26 23:46:06,564 - __main__ - INFO - Iniciando: A D TRANSPORTES
2026-01-26 23:46:06,566 - src.processors.async_processor - INFO - [11/371] Processando: A D TRANSPORTES
2026-01-26 23:46:06,736 - src.scrappers.google_scraper - INFO - Buscando: "A D TRANSPORTES" Mogi Mirim
2026-01-26 23:46:14,222 - src.scrappers.google_scraper - WARNING - Widget do Google Meu Negócio não encontrado para: A D TRANSPORTES
2026-01-26 23:46:14,264 - src.processors.async_processor - INFO - Novo registro criado: A D TRANSPORTES
2026-01-26 23:46:14,344 - __main__ - INFO - Concluído: A D TRANSPORTES - Sem dados
2026-01-26 23:46:15,363 - __main__ - INFO - Iniciando: MALU MADALENA
2026-01-26 23:46:15,368 - src.processors.async_processor - INFO - [12/371] Processando: MALU MADALENA
2026-01-26 23:46:15,511 - src.scrappers.google_scraper - INFO - Buscando: "MALU MADALENA" Mogi Mirim
2026-01-26 23:46:23,082 - src.scrappers.google_scraper - WARNING - Widget do Google Meu Negócio não encontrado para: MALU MADALENA
2026-01-26 23:46:23,103 - src.processors.async_processor - INFO - Novo registro criado: MALU MADALENA
2026-01-26 23:46:23,207 - __main__ - INFO - Concluído: MALU MADALENA - Sem dados
2026-01-26 23:46:24,257 - __main__ - INFO - Iniciando: LUZZERIE
2026-01-26 23:46:24,259 - src.processors.async_processor - INFO - [13/371] Processando: LUZZERIE
2026-01-26 23:46:24,407 - src.scrappers.google_scraper - INFO - Buscando: "LUZZERIE" Mogi Mirim
2026-01-26 23:46:32,137 - src.scrappers.google_scraper - WARNING - Widget do Google Meu Negócio não encontrado para: LUZZERIE
2026-01-26 23:46:32,185 - src.processors.async_processor - INFO - Novo registro criado: LUZZERIE
2026-01-26 23:46:32,280 - __main__ - INFO - Concluído: LUZZERIE - Sem dados
2026-01-26 23:46:33,335 - __main__ - INFO - Iniciando: GASTRONOMEU GOURMET
2026-01-26 23:46:33,341 - src.processors.async_processor - INFO - [14/371] Processando: GASTRONOMEU GOURMET
2026-01-26 23:46:33,470 - src.scrappers.google_scraper - INFO - Buscando: "GASTRONOMEU GOURMET" Mogi Mirim
2026-01-26 23:46:40,673 - src.scrappers.google_scraper - WARNING - Widget do Google Meu Negócio não encontrado para: GASTRONOMEU GOURMET
2026-01-26 23:46:40,691 - src.processors.async_processor - INFO - Novo registro criado: GASTRONOMEU GOURMET
2026-01-26 23:46:40,780 - __main__ - INFO - Concluído: GASTRONOMEU GOURMET - Sem dados
2026-01-26 23:46:41,813 - __main__ - INFO - Iniciando: MARCENARIA PALERMO
2026-01-26 23:46:41,814 - src.processors.async_processor - INFO - [15/371] Processando: MARCENARIA PALERMO
2026-01-26 23:46:41,935 - src.scrappers.google_scraper - INFO - Buscando: "MARCENARIA PALERMO" Mogi Mirim
2026-01-26 23:46:49,766 - src.scrappers.google_scraper - WARNING - Widget do Google Meu Negócio não encontrado para: MARCENARIA PALERMO
2026-01-26 23:46:49,805 - src.processors.async_processor - INFO - Novo registro criado: MARCENARIA PALERMO
2026-01-26 23:46:49,927 - src.processors.async_processor - ERROR - Erro ao processar MARCENARIA PALERMO: App is not running
2026-01-26 23:46:50,500 - __main__ - ERROR - Erro durante processamento: App is not running
2026-01-26 23:52:05,397 - __main__ - INFO - Iniciando ExtractMogi
2026-01-26 23:52:05,517 - __main__ - INFO - Banco de dados inicializado
2026-01-26 23:52:20,527 - src.processors.async_processor - INFO - CSV lido com sucesso: 371 empresas encontradas
2026-01-26 23:52:20,529 - __main__ - INFO - CSV carregado: 20260124_140352_busca_mogi_perfil.csv com 371 empresas
2026-01-26 23:52:22,118 - __main__ - INFO - Iniciando processamento de empresas
2026-01-26 23:52:22,122 - src.processors.async_processor - INFO - CSV lido com sucesso: 371 empresas encontradas
2026-01-26 23:52:22,123 - src.processors.async_processor - INFO - Iniciando processamento assíncrono de 371 empresas
2026-01-26 23:52:27,452 - __main__ - INFO - Iniciando: SELETA & NATURAL
2026-01-26 23:52:27,460 - src.processors.async_processor - INFO - [1/371] Processando: SELETA & NATURAL
2026-01-26 23:52:28,937 - src.scrappers.google_scraper - INFO - Buscando: "SELETA & NATURAL" Mogi Mirim
2026-01-26 23:52:37,687 - src.scrappers.google_scraper - WARNING - Widget do Google Meu Negócio não encontrado para: SELETA & NATURAL
2026-01-26 23:52:37,731 - src.processors.async_processor - INFO - Registro atualizado: SELETA & NATURAL
2026-01-26 23:52:37,740 - __main__ - INFO - Concluído: SELETA & NATURAL - Sem dados
2026-01-26 23:52:38,759 - __main__ - INFO - Iniciando: REMPEL INSTALACAO E MANUTENCAO INDUSTRIAL
2026-01-26 23:52:38,764 - src.processors.async_processor - INFO - [2/371] Processando: REMPEL INSTALACAO E MANUTENCAO INDUSTRIAL
2026-01-26 23:52:38,878 - src.scrappers.google_scraper - INFO - Buscando: "REMPEL INSTALACAO E MANUTENCAO INDUSTRIAL" Mogi Mirim
2026-01-26 23:52:47,999 - src.scrappers.google_scraper - WARNING - Widget do Google Meu Negócio não encontrado para: REMPEL INSTALACAO E MANUTENCAO INDUSTRIAL
2026-01-26 23:52:48,046 - src.processors.async_processor - INFO - Registro atualizado: REMPEL INSTALACAO E MANUTENCAO INDUSTRIAL
2026-01-26 23:52:48,057 - __main__ - INFO - Concluído: REMPEL INSTALACAO E MANUTENCAO INDUSTRIAL - Sem dados
2026-01-26 23:52:49,096 - __main__ - INFO - Iniciando: KIOSQUE DOS AMIGOS
2026-01-26 23:52:49,098 - src.processors.async_processor - INFO - [3/371] Processando: KIOSQUE DOS AMIGOS
2026-01-26 23:52:49,248 - src.scrappers.google_scraper - INFO - Buscando: "KIOSQUE DOS AMIGOS" Mogi Mirim
2026-01-26 23:52:56,874 - src.scrappers.google_scraper - WARNING - Widget do Google Meu Negócio não encontrado para: KIOSQUE DOS AMIGOS
2026-01-26 23:52:56,940 - src.processors.async_processor - INFO - Registro atualizado: KIOSQUE DOS AMIGOS
2026-01-26 23:52:56,956 - __main__ - INFO - Concluído: KIOSQUE DOS AMIGOS - Sem dados
2026-01-26 23:52:58,011 - src.processors.async_processor - ERROR - Erro ao processar ALECINIAS MATSUMOTO: App is not running
2026-01-26 23:52:58,498 - __main__ - ERROR - Erro durante processamento: App is not running
2026-01-27 00:07:32,276 - __main__ - INFO - Iniciando ExtractMogi
2026-01-27 00:07:32,304 - __main__ - INFO - Banco de dados inicializado
2026-01-27 00:07:56,168 - src.processors.async_processor - INFO - CSV lido com sucesso: 371 empresas encontradas
2026-01-27 00:07:56,170 - __main__ - INFO - CSV carregado: 20260124_140352_busca_mogi_perfil.csv com 371 empresas
2026-01-27 00:08:04,305 - __main__ - INFO - Iniciando processamento de empresas
2026-01-27 00:08:04,308 - src.processors.async_processor - INFO - CSV lido com sucesso: 371 empresas encontradas
2026-01-27 00:08:04,308 - src.processors.async_processor - INFO - Iniciando processamento assíncrono de 371 empresas
2026-01-27 00:08:07,920 - __main__ - INFO - Iniciando: SELETA & NATURAL
2026-01-27 00:08:07,937 - src.processors.async_processor - INFO - [1/371] Processando: SELETA & NATURAL
2026-01-27 00:08:08,879 - src.scrappers.google_scraper - INFO - Buscando: "SELETA & NATURAL" Mogi Mirim
2026-01-27 00:08:20,890 - src.scrappers.google_scraper - WARNING - Widget do Google Meu Negócio não encontrado para: SELETA & NATURAL
2026-01-27 00:08:20,910 - src.processors.async_processor - INFO - Registro atualizado: SELETA & NATURAL
2026-01-27 00:08:20,913 - __main__ - INFO - Concluído: SELETA & NATURAL - Sem dados
2026-01-27 00:08:26,230 - __main__ - INFO - Iniciando: REMPEL INSTALACAO E MANUTENCAO INDUSTRIAL
2026-01-27 00:08:26,237 - src.processors.async_processor - INFO - [2/371] Processando: REMPEL INSTALACAO E MANUTENCAO INDUSTRIAL
2026-01-27 00:08:26,403 - src.scrappers.google_scraper - INFO - Buscando: "REMPEL INSTALACAO E MANUTENCAO INDUSTRIAL" Mogi Mirim
2026-01-27 00:08:30,268 - src.scrappers.google_scraper - WARNING - CAPTCHA detectado via seletor: form#captcha-form
2026-01-27 00:08:30,268 - src.processors.async_processor - WARNING - CAPTCHA detectado para: REMPEL INSTALACAO E MANUTENCAO INDUSTRIAL
2026-01-27 00:08:30,277 - __main__ - WARNING - CAPTCHA: REMPEL INSTALACAO E MANUTENCAO INDUSTRIAL - CAPTCHA detectado! Aguardando resolução manual...
2026-01-27 00:08:30,278 - src.scrappers.google_scraper - WARNING - CAPTCHA detectado em modo headless. Sugerindo modo visual.
2026-01-27 00:08:30,294 - src.processors.async_processor - ERROR - CAPTCHA detectado para REMPEL INSTALACAO E MANUTENCAO INDUSTRIAL: CAPTCHA detectado. Execute com headless=False para resolver manualmente.
2026-01-27 00:08:30,296 - __main__ - ERROR - Erro em REMPEL INSTALACAO E MANUTENCAO INDUSTRIAL: CAPTCHA: CAPTCHA detectado. Execute com headless=False para resolver manualmente.
2026-01-27 00:08:30,297 - src.processors.async_processor - WARNING - DICA: Execute novamente com headless=False para resolver CAPTCHAs manualmente
2026-01-27 00:08:30,298 - __main__ - INFO - Iniciando: KIOSQUE DOS AMIGOS
2026-01-27 00:08:30,299 - src.processors.async_processor - INFO - [3/371] Processando: KIOSQUE DOS AMIGOS
2026-01-27 00:08:30,464 - src.scrappers.google_scraper - INFO - Buscando: "KIOSQUE DOS AMIGOS" Mogi Mirim
2026-01-27 00:08:34,280 - src.scrappers.google_scraper - WARNING - CAPTCHA detectado via seletor: form#captcha-form
2026-01-27 00:08:34,280 - src.processors.async_processor - WARNING - CAPTCHA detectado para: KIOSQUE DOS AMIGOS
2026-01-27 00:08:34,283 - __main__ - WARNING - CAPTCHA: KIOSQUE DOS AMIGOS - CAPTCHA detectado! Aguardando resolução manual...
2026-01-27 00:08:34,291 - src.scrappers.google_scraper - WARNING - CAPTCHA detectado em modo headless. Sugerindo modo visual.
2026-01-27 00:08:34,314 - src.processors.async_processor - ERROR - CAPTCHA detectado para KIOSQUE DOS AMIGOS: CAPTCHA detectado. Execute com headless=False para resolver manualmente.
2026-01-27 00:08:34,316 - __main__ - ERROR - Erro em KIOSQUE DOS AMIGOS: CAPTCHA: CAPTCHA detectado. Execute com headless=False para resolver manualmente.
2026-01-27 00:08:34,317 - src.processors.async_processor - WARNING - DICA: Execute novamente com headless=False para resolver CAPTCHAs manualmente
2026-01-27 00:08:34,318 - __main__ - INFO - Iniciando: ALECINIAS MATSUMOTO
2026-01-27 00:08:34,319 - src.processors.async_processor - INFO - [4/371] Processando: ALECINIAS MATSUMOTO
2026-01-27 00:08:34,443 - src.scrappers.google_scraper - INFO - Buscando: "ALECINIAS MATSUMOTO" Mogi Mirim
2026-01-27 00:08:38,710 - src.scrappers.google_scraper - WARNING - CAPTCHA detectado via seletor: form#captcha-form
2026-01-27 00:08:38,711 - src.processors.async_processor - WARNING - CAPTCHA detectado para: ALECINIAS MATSUMOTO
2026-01-27 00:08:38,720 - __main__ - WARNING - CAPTCHA: ALECINIAS MATSUMOTO - CAPTCHA detectado! Aguardando resolução manual...
2026-01-27 00:08:38,720 - src.scrappers.google_scraper - WARNING - CAPTCHA detectado em modo headless. Sugerindo modo visual.
2026-01-27 00:08:38,735 - src.processors.async_processor - ERROR - CAPTCHA detectado para ALECINIAS MATSUMOTO: CAPTCHA detectado. Execute com headless=False para resolver manualmente.
2026-01-27 00:08:38,737 - __main__ - ERROR - Erro em ALECINIAS MATSUMOTO: CAPTCHA: CAPTCHA detectado. Execute com headless=False para resolver manualmente.
2026-01-27 00:08:38,738 - src.processors.async_processor - WARNING - DICA: Execute novamente com headless=False para resolver CAPTCHAs manualmente
2026-01-27 00:08:38,738 - __main__ - INFO - Iniciando: S. & A. JARDINAGEM
2026-01-27 00:08:38,740 - src.processors.async_processor - INFO - [5/371] Processando: S. & A. JARDINAGEM
2026-01-27 00:08:38,872 - src.scrappers.google_scraper - INFO - Buscando: "S. & A. JARDINAGEM" Mogi Mirim
2026-01-27 00:08:43,242 - src.scrappers.google_scraper - WARNING - CAPTCHA detectado via seletor: form#captcha-form
2026-01-27 00:08:43,242 - src.processors.async_processor - WARNING - CAPTCHA detectado para: S. & A. JARDINAGEM
2026-01-27 00:08:43,249 - __main__ - WARNING - CAPTCHA: S. & A. JARDINAGEM - CAPTCHA detectado! Aguardando resolução manual...
2026-01-27 00:08:43,249 - src.scrappers.google_scraper - WARNING - CAPTCHA detectado em modo headless. Sugerindo modo visual.
2026-01-27 00:08:43,264 - src.processors.async_processor - ERROR - CAPTCHA detectado para S. & A. JARDINAGEM: CAPTCHA detectado. Execute com headless=False para resolver manualmente.
2026-01-27 00:08:43,267 - __main__ - ERROR - Erro em S. & A. JARDINAGEM: CAPTCHA: CAPTCHA detectado. Execute com headless=False para resolver manualmente.
2026-01-27 00:08:43,281 - src.processors.async_processor - WARNING - DICA: Execute novamente com headless=False para resolver CAPTCHAs manualmente
2026-01-27 00:08:43,293 - __main__ - INFO - Iniciando: RC MOTORS
2026-01-27 00:08:43,295 - src.processors.async_processor - INFO - [6/371] Processando: RC MOTORS
2026-01-27 00:08:43,434 - src.scrappers.google_scraper - INFO - Buscando: "RC MOTORS" Mogi Mirim
2026-01-27 00:08:47,956 - src.scrappers.google_scraper - WARNING - CAPTCHA detectado via seletor: form#captcha-form
2026-01-27 00:08:47,956 - src.processors.async_processor - WARNING - CAPTCHA detectado para: RC MOTORS
2026-01-27 00:08:47,964 - __main__ - WARNING - CAPTCHA: RC MOTORS - CAPTCHA detectado! Aguardando resolução manual...
2026-01-27 00:08:47,965 - src.scrappers.google_scraper - WARNING - CAPTCHA detectado em modo headless. Sugerindo modo visual.
2026-01-27 00:08:47,980 - src.processors.async_processor - ERROR - CAPTCHA detectado para RC MOTORS: CAPTCHA detectado. Execute com headless=False para resolver manualmente.
2026-01-27 00:08:47,982 - __main__ - ERROR - Erro em RC MOTORS: CAPTCHA: CAPTCHA detectado. Execute com headless=False para resolver manualmente.
2026-01-27 00:08:48,002 - src.processors.async_processor - WARNING - DICA: Execute novamente com headless=False para resolver CAPTCHAs manualmente
2026-01-27 00:08:48,016 - __main__ - INFO - Iniciando: CLEIDE MODA PLUS SIZE
2026-01-27 00:08:48,017 - src.processors.async_processor - INFO - [7/371] Processando: CLEIDE MODA PLUS SIZE
2026-01-27 00:08:48,162 - src.scrappers.google_scraper - INFO - Buscando: "CLEIDE MODA PLUS SIZE" Mogi Mirim
2026-01-27 00:08:52,630 - src.scrappers.google_scraper - ERROR - Erro ao buscar CLEIDE MODA PLUS SIZE: Page.wait_for_selector: Target page, context or browser has been closed
2026-01-27 00:08:52,644 - src.processors.async_processor - INFO - Registro atualizado: CLEIDE MODA PLUS SIZE
2026-01-27 00:08:52,645 - src.processors.async_processor - ERROR - Erro ao processar CLEIDE MODA PLUS SIZE: App is not running
2026-01-27 00:08:52,667 - __main__ - ERROR - Erro durante processamento: BrowserContext.close: Target page, context or browser has been closed
2026-01-27 00:09:44,905 - __main__ - INFO - Iniciando ExtractMogi
2026-01-27 00:09:44,926 - __main__ - INFO - Banco de dados inicializado
2026-01-27 00:10:02,465 - src.processors.async_processor - INFO - CSV lido com sucesso: 371 empresas encontradas
2026-01-27 00:10:02,467 - __main__ - INFO - CSV carregado: 20260124_140352_busca_mogi_perfil.csv com 371 empresas
2026-01-27 00:10:03,848 - __main__ - INFO - Iniciando processamento de empresas
2026-01-27 00:10:03,857 - src.processors.async_processor - INFO - CSV lido com sucesso: 371 empresas encontradas
2026-01-27 00:10:03,858 - src.processors.async_processor - INFO - Iniciando processamento assíncrono de 371 empresas
2026-01-27 00:10:05,018 - __main__ - INFO - Iniciando: SELETA & NATURAL
2026-01-27 00:10:05,027 - src.processors.async_processor - INFO - [1/371] Processando: SELETA & NATURAL
2026-01-27 00:10:05,487 - src.scrappers.google_scraper - INFO - Buscando: "SELETA & NATURAL" Mogi Mirim
2026-01-27 00:10:09,987 - src.scrappers.google_scraper - WARNING - CAPTCHA detectado via seletor: form#captcha-form
2026-01-27 00:10:10,021 - src.processors.async_processor - WARNING - CAPTCHA detectado para: SELETA & NATURAL
2026-01-27 00:10:10,035 - __main__ - WARNING - CAPTCHA: SELETA & NATURAL - CAPTCHA detectado! Aguardando resolução manual...
2026-01-27 00:10:10,035 - src.scrappers.google_scraper - WARNING - CAPTCHA detectado! Aguardando intervenção humana...
2026-01-27 00:10:10,035 - src.scrappers.google_scraper - WARNING - ============================================================
2026-01-27 00:10:10,064 - src.scrappers.google_scraper - WARNING - ============================================================
2026-01-27 00:10:10,064 - src.scrappers.google_scraper - WARNING - Empresa: SELETA & NATURAL
2026-01-27 00:10:10,070 - src.scrappers.google_scraper - WARNING - Instruções:
2026-01-27 00:10:10,071 - src.scrappers.google_scraper - WARNING - 1. Resolva o CAPTCHA manualmente na janela do navegador
2026-01-27 00:10:10,076 - src.scrappers.google_scraper - WARNING - 2. Aguarde até ver os resultados da busca aparecerem
2026-01-27 00:10:10,076 - src.scrappers.google_scraper - WARNING - 3. O script continuará automaticamente
2026-01-27 00:10:10,077 - src.scrappers.google_scraper - WARNING - ============================================================
2026-01-27 00:10:26,891 - src.scrappers.google_scraper - WARNING - Widget do Google Meu Negócio não encontrado para: SELETA & NATURAL
2026-01-27 00:10:26,966 - src.processors.async_processor - INFO - Registro atualizado: SELETA & NATURAL
2026-01-27 00:10:26,985 - __main__ - INFO - Concluído: SELETA & NATURAL - Sem dados
2026-01-27 00:10:30,388 - __main__ - INFO - Iniciando: REMPEL INSTALACAO E MANUTENCAO INDUSTRIAL
2026-01-27 00:10:30,392 - src.processors.async_processor - INFO - [2/371] Processando: REMPEL INSTALACAO E MANUTENCAO INDUSTRIAL
2026-01-27 00:10:30,588 - src.scrappers.google_scraper - INFO - Buscando: "REMPEL INSTALACAO E MANUTENCAO INDUSTRIAL" Mogi Mirim
2026-01-27 00:10:40,013 - src.scrappers.google_scraper - WARNING - Widget do Google Meu Negócio não encontrado para: REMPEL INSTALACAO E MANUTENCAO INDUSTRIAL
2026-01-27 00:10:40,037 - src.processors.async_processor - INFO - Registro atualizado: REMPEL INSTALACAO E MANUTENCAO INDUSTRIAL
2026-01-27 00:10:40,107 - __main__ - INFO - Concluído: REMPEL INSTALACAO E MANUTENCAO INDUSTRIAL - Sem dados
2026-01-27 00:10:47,073 - __main__ - INFO - Iniciando: KIOSQUE DOS AMIGOS
2026-01-27 00:10:47,078 - src.processors.async_processor - INFO - [3/371] Processando: KIOSQUE DOS AMIGOS
2026-01-27 00:10:47,218 - src.scrappers.google_scraper - INFO - Buscando: "KIOSQUE DOS AMIGOS" Mogi Mirim
2026-01-27 00:10:56,502 - src.scrappers.google_scraper - WARNING - Widget do Google Meu Negócio não encontrado para: KIOSQUE DOS AMIGOS
2026-01-27 00:10:56,520 - src.processors.async_processor - INFO - Registro atualizado: KIOSQUE DOS AMIGOS
2026-01-27 00:10:56,564 - __main__ - INFO - Concluído: KIOSQUE DOS AMIGOS - Sem dados
2026-01-27 00:11:01,399 - __main__ - INFO - Iniciando: ALECINIAS MATSUMOTO
2026-01-27 00:11:01,403 - src.processors.async_processor - INFO - [4/371] Processando: ALECINIAS MATSUMOTO
2026-01-27 00:11:01,560 - src.scrappers.google_scraper - INFO - Buscando: "ALECINIAS MATSUMOTO" Mogi Mirim
2026-01-27 00:11:10,769 - src.scrappers.google_scraper - WARNING - Widget do Google Meu Negócio não encontrado para: ALECINIAS MATSUMOTO
2026-01-27 00:11:10,806 - src.processors.async_processor - INFO - Registro atualizado: ALECINIAS MATSUMOTO
2026-01-27 00:11:10,835 - __main__ - INFO - Concluído: ALECINIAS MATSUMOTO - Sem dados
2026-01-27 00:11:14,083 - __main__ - INFO - Iniciando: S. & A. JARDINAGEM
2026-01-27 00:11:14,086 - src.processors.async_processor - INFO - [5/371] Processando: S. & A. JARDINAGEM
2026-01-27 00:11:14,233 - src.scrappers.google_scraper - INFO - Buscando: "S. & A. JARDINAGEM" Mogi Mirim
2026-01-27 00:11:24,299 - src.scrappers.google_scraper - WARNING - Widget do Google Meu Negócio não encontrado para: S. & A. JARDINAGEM
2026-01-27 00:11:24,356 - src.processors.async_processor - INFO - Registro atualizado: S. & A. JARDINAGEM
2026-01-27 00:11:24,389 - __main__ - INFO - Concluído: S. & A. JARDINAGEM - Sem dados
2026-01-27 00:11:30,764 - __main__ - INFO - Iniciando: RC MOTORS
2026-01-27 00:11:30,769 - src.processors.async_processor - INFO - [6/371] Processando: RC MOTORS
2026-01-27 00:11:30,968 - src.scrappers.google_scraper - INFO - Buscando: "RC MOTORS" Mogi Mirim
2026-01-27 00:11:40,463 - src.scrappers.google_scraper - WARNING - Widget do Google Meu Negócio não encontrado para: RC MOTORS
2026-01-27 00:11:40,486 - src.processors.async_processor - INFO - Registro atualizado: RC MOTORS
2026-01-27 00:11:40,525 - __main__ - INFO - Concluído: RC MOTORS - Sem dados
2026-01-27 00:11:46,342 - __main__ - INFO - Iniciando: CLEIDE MODA PLUS SIZE
2026-01-27 00:11:46,346 - src.processors.async_processor - INFO - [7/371] Processando: CLEIDE MODA PLUS SIZE
2026-01-27 00:11:46,495 - src.scrappers.google_scraper - INFO - Buscando: "CLEIDE MODA PLUS SIZE" Mogi Mirim
2026-01-27 00:11:55,967 - src.scrappers.google_scraper - WARNING - Widget do Google Meu Negócio não encontrado para: CLEIDE MODA PLUS SIZE
2026-01-27 00:11:55,992 - src.processors.async_processor - INFO - Registro atualizado: CLEIDE MODA PLUS SIZE
2026-01-27 00:11:56,009 - __main__ - INFO - Concluído: CLEIDE MODA PLUS SIZE - Sem dados
2026-01-27 00:11:59,556 - __main__ - INFO - Iniciando: DK FASHION STORE
2026-01-27 00:11:59,560 - src.processors.async_processor - INFO - [8/371] Processando: DK FASHION STORE
2026-01-27 00:11:59,690 - src.scrappers.google_scraper - INFO - Buscando: "DK FASHION STORE" Mogi Mirim
2026-01-27 00:12:09,579 - src.scrappers.google_scraper - WARNING - Widget do Google Meu Negócio não encontrado para: DK FASHION STORE
2026-01-27 00:12:09,642 - src.processors.async_processor - INFO - Registro atualizado: DK FASHION STORE
2026-01-27 00:12:09,677 - __main__ - INFO - Concluído: DK FASHION STORE - Sem dados
2026-01-27 00:12:12,927 - __main__ - INFO - Iniciando: MV SISTEMAS
2026-01-27 00:12:12,931 - src.processors.async_processor - INFO - [9/371] Processando: MV SISTEMAS
2026-01-27 00:12:13,230 - src.scrappers.google_scraper - INFO - Buscando: "MV SISTEMAS" Mogi Mirim
2026-01-27 00:12:22,912 - src.scrappers.google_scraper - WARNING - Widget do Google Meu Negócio não encontrado para: MV SISTEMAS
2026-01-27 00:12:22,953 - src.processors.async_processor - INFO - Registro atualizado: MV SISTEMAS
2026-01-27 00:12:22,980 - __main__ - INFO - Concluído: MV SISTEMAS - Sem dados
2026-01-27 00:12:29,173 - __main__ - INFO - Iniciando: ADEMAR LANCHES
2026-01-27 00:12:29,175 - src.processors.async_processor - INFO - [10/371] Processando: ADEMAR LANCHES
2026-01-27 00:12:29,316 - src.scrappers.google_scraper - INFO - Buscando: "ADEMAR LANCHES" Mogi Mirim
2026-01-27 00:12:39,025 - src.scrappers.google_scraper - WARNING - Widget do Google Meu Negócio não encontrado para: ADEMAR LANCHES
2026-01-27 00:12:39,051 - src.processors.async_processor - INFO - Registro atualizado: ADEMAR LANCHES
2026-01-27 00:12:39,086 - __main__ - INFO - Concluído: ADEMAR LANCHES - Sem dados
2026-01-27 00:12:43,664 - __main__ - INFO - Iniciando: A D TRANSPORTES
2026-01-27 00:12:43,668 - src.processors.async_processor - INFO - [11/371] Processando: A D TRANSPORTES
2026-01-27 00:12:43,843 - src.scrappers.google_scraper - INFO - Buscando: "A D TRANSPORTES" Mogi Mirim
2026-01-27 00:12:53,310 - src.scrappers.google_scraper - WARNING - Widget do Google Meu Negócio não encontrado para: A D TRANSPORTES
2026-01-27 00:12:53,331 - src.processors.async_processor - INFO - Registro atualizado: A D TRANSPORTES
2026-01-27 00:12:53,356 - __main__ - INFO - Concluído: A D TRANSPORTES - Sem dados
2026-01-27 00:12:58,273 - __main__ - INFO - Iniciando: MALU MADALENA
2026-01-27 00:12:58,277 - src.processors.async_processor - INFO - [12/371] Processando: MALU MADALENA
2026-01-27 00:12:58,571 - src.scrappers.google_scraper - INFO - Buscando: "MALU MADALENA" Mogi Mirim
2026-01-27 00:13:07,572 - src.scrappers.google_scraper - WARNING - Widget do Google Meu Negócio não encontrado para: MALU MADALENA
2026-01-27 00:13:07,626 - src.processors.async_processor - INFO - Registro atualizado: MALU MADALENA
2026-01-27 00:13:07,664 - __main__ - INFO - Concluído: MALU MADALENA - Sem dados
2026-01-27 00:13:13,986 - src.processors.async_processor - ERROR - Erro ao processar LUZZERIE: App is not running
2026-01-27 00:13:14,634 - __main__ - ERROR - Erro durante processamento: App is not running
2026-01-27 22:03:49,535 - __main__ - INFO - Iniciando ExtractMogi
2026-01-27 22:03:49,949 - __main__ - INFO - Banco de dados inicializado
2026-01-27 22:04:09,705 - src.processors.async_processor - INFO - CSV lido com sucesso: 371 empresas encontradas
2026-01-27 22:04:09,706 - __main__ - INFO - CSV carregado: 20260124_140352_busca_mogi_perfil.csv com 371 empresas
2026-01-27 22:04:11,216 - __main__ - INFO - Iniciando processamento de empresas
2026-01-27 22:04:11,224 - src.processors.async_processor - INFO - CSV lido com sucesso: 371 empresas encontradas
2026-01-27 22:04:11,225 - src.processors.async_processor - INFO - Iniciando processamento assíncrono de 371 empresas
2026-01-27 22:04:45,956 - __main__ - INFO - Iniciando: SELETA & NATURAL
2026-01-27 22:04:45,961 - src.processors.async_processor - INFO - [1/371] Processando: SELETA & NATURAL
2026-01-27 22:04:55,120 - src.scrappers.google_scraper - INFO - Buscando: "SELETA & NATURAL" Mogi Mirim
2026-01-27 22:05:00,886 - src.scrappers.google_scraper - WARNING - CAPTCHA detectado via seletor: form#captcha-form
2026-01-27 22:05:00,889 - src.processors.async_processor - WARNING - CAPTCHA detectado para: SELETA & NATURAL
2026-01-27 22:05:00,906 - __main__ - WARNING - CAPTCHA: SELETA & NATURAL - CAPTCHA detectado! Aguardando resolução manual...
2026-01-27 22:05:00,908 - src.scrappers.google_scraper - WARNING - CAPTCHA detectado! Aguardando intervenção humana...
2026-01-27 22:05:00,909 - src.scrappers.google_scraper - WARNING - ============================================================
2026-01-27 22:05:00,995 - src.scrappers.google_scraper - WARNING - ============================================================
2026-01-27 22:05:00,995 - src.scrappers.google_scraper - WARNING - Empresa: SELETA & NATURAL
2026-01-27 22:05:00,995 - src.scrappers.google_scraper - WARNING - Instruções:
2026-01-27 22:05:00,996 - src.scrappers.google_scraper - WARNING - 1. Resolva o CAPTCHA manualmente na janela do navegador
2026-01-27 22:05:00,996 - src.scrappers.google_scraper - WARNING - 2. Aguarde até ver os resultados da busca aparecerem
2026-01-27 22:05:00,996 - src.scrappers.google_scraper - WARNING - 3. O script continuará automaticamente
2026-01-27 22:05:00,996 - src.scrappers.google_scraper - WARNING - ============================================================
2026-01-27 22:05:15,599 - src.scrappers.google_scraper - WARNING - Widget do Google Meu Negócio não encontrado para: SELETA & NATURAL
2026-01-27 22:05:15,834 - src.processors.async_processor - INFO - Registro atualizado: SELETA & NATURAL
2026-01-27 22:05:15,865 - __main__ - INFO - Concluído: SELETA & NATURAL - Sem dados
2026-01-27 22:05:20,847 - __main__ - INFO - Iniciando: REMPEL INSTALACAO E MANUTENCAO INDUSTRIAL
2026-01-27 22:05:20,852 - src.processors.async_processor - INFO - [2/371] Processando: REMPEL INSTALACAO E MANUTENCAO INDUSTRIAL
2026-01-27 22:05:21,163 - src.scrappers.google_scraper - INFO - Buscando: "REMPEL INSTALACAO E MANUTENCAO INDUSTRIAL" Mogi Mirim
2026-01-27 22:05:31,727 - src.scrappers.google_scraper - WARNING - Widget do Google Meu Negócio não encontrado para: REMPEL INSTALACAO E MANUTENCAO INDUSTRIAL
2026-01-27 22:05:31,770 - src.processors.async_processor - INFO - Registro atualizado: REMPEL INSTALACAO E MANUTENCAO INDUSTRIAL
2026-01-27 22:05:31,814 - __main__ - INFO - Concluído: REMPEL INSTALACAO E MANUTENCAO INDUSTRIAL - Sem dados
2026-01-27 22:05:37,688 - __main__ - INFO - Iniciando: KIOSQUE DOS AMIGOS
2026-01-27 22:05:37,692 - src.processors.async_processor - INFO - [3/371] Processando: KIOSQUE DOS AMIGOS
2026-01-27 22:05:37,985 - src.scrappers.google_scraper - INFO - Buscando: "KIOSQUE DOS AMIGOS" Mogi Mirim
2026-01-27 22:05:47,976 - src.scrappers.google_scraper - WARNING - Widget do Google Meu Negócio não encontrado para: KIOSQUE DOS AMIGOS
2026-01-27 22:05:48,026 - src.processors.async_processor - INFO - Registro atualizado: KIOSQUE DOS AMIGOS
2026-01-27 22:05:48,078 - __main__ - INFO - Concluído: KIOSQUE DOS AMIGOS - Sem dados
2026-01-27 22:05:53,697 - __main__ - INFO - Iniciando: ALECINIAS MATSUMOTO
2026-01-27 22:05:53,699 - src.processors.async_processor - INFO - [4/371] Processando: ALECINIAS MATSUMOTO
2026-01-27 22:05:53,948 - src.scrappers.google_scraper - INFO - Buscando: "ALECINIAS MATSUMOTO" Mogi Mirim
2026-01-27 22:06:04,445 - src.scrappers.google_scraper - WARNING - Widget do Google Meu Negócio não encontrado para: ALECINIAS MATSUMOTO
2026-01-27 22:06:04,503 - src.processors.async_processor - INFO - Registro atualizado: ALECINIAS MATSUMOTO
2026-01-27 22:06:04,534 - __main__ - INFO - Concluído: ALECINIAS MATSUMOTO - Sem dados
2026-01-27 22:06:10,320 - __main__ - INFO - Iniciando: S. & A. JARDINAGEM
2026-01-27 22:06:10,322 - src.processors.async_processor - INFO - [5/371] Processando: S. & A. JARDINAGEM
2026-01-27 22:06:10,551 - src.scrappers.google_scraper - INFO - Buscando: "S. & A. JARDINAGEM" Mogi Mirim
2026-01-27 22:06:20,665 - src.scrappers.google_scraper - WARNING - Widget do Google Meu Negócio não encontrado para: S. & A. JARDINAGEM
2026-01-27 22:06:20,718 - src.processors.async_processor - INFO - Registro atualizado: S. & A. JARDINAGEM
2026-01-27 22:06:20,721 - __main__ - INFO - Concluído: S. & A. JARDINAGEM - Sem dados
2026-01-27 22:06:24,328 - __main__ - INFO - Iniciando: RC MOTORS
2026-01-27 22:06:24,333 - src.processors.async_processor - INFO - [6/371] Processando: RC MOTORS
2026-01-27 22:06:24,761 - src.scrappers.google_scraper - INFO - Buscando: "RC MOTORS" Mogi Mirim
2026-01-27 22:06:35,820 - src.scrappers.google_scraper - WARNING - Widget do Google Meu Negócio não encontrado para: RC MOTORS
2026-01-27 22:06:35,885 - src.processors.async_processor - INFO - Registro atualizado: RC MOTORS
2026-01-27 22:06:35,935 - __main__ - INFO - Concluído: RC MOTORS - Sem dados
2026-01-27 22:06:39,469 - __main__ - INFO - Iniciando: CLEIDE MODA PLUS SIZE
2026-01-27 22:06:39,473 - src.processors.async_processor - INFO - [7/371] Processando: CLEIDE MODA PLUS SIZE
2026-01-27 22:06:39,782 - src.scrappers.google_scraper - INFO - Buscando: "CLEIDE MODA PLUS SIZE" Mogi Mirim
2026-01-27 22:06:50,487 - src.scrappers.google_scraper - WARNING - Widget do Google Meu Negócio não encontrado para: CLEIDE MODA PLUS SIZE
2026-01-27 22:06:50,535 - src.processors.async_processor - INFO - Registro atualizado: CLEIDE MODA PLUS SIZE
2026-01-27 22:06:50,581 - __main__ - INFO - Concluído: CLEIDE MODA PLUS SIZE - Sem dados
2026-01-27 22:06:55,959 - __main__ - INFO - Iniciando: DK FASHION STORE
2026-01-27 22:06:55,966 - src.processors.async_processor - INFO - [8/371] Processando: DK FASHION STORE
2026-01-27 22:06:56,209 - src.scrappers.google_scraper - INFO - Buscando: "DK FASHION STORE" Mogi Mirim
2026-01-27 22:07:06,724 - src.scrappers.google_scraper - WARNING - Widget do Google Meu Negócio não encontrado para: DK FASHION STORE
2026-01-27 22:07:06,747 - src.processors.async_processor - INFO - Registro atualizado: DK FASHION STORE
2026-01-27 22:07:06,785 - __main__ - INFO - Concluído: DK FASHION STORE - Sem dados
2026-01-27 22:07:11,583 - src.processors.async_processor - ERROR - Erro ao processar MV SISTEMAS: App is not running
2026-01-27 22:07:12,213 - __main__ - ERROR - Erro durante processamento: App is not running
2026-01-27 22:11:10,945 - __main__ - INFO - Iniciando ExtractMogi
2026-01-27 22:11:11,044 - __main__ - INFO - Banco de dados inicializado
2026-01-27 22:11:19,433 - src.processors.async_processor - INFO - CSV lido com sucesso: 371 empresas encontradas
2026-01-27 22:11:19,435 - __main__ - INFO - CSV carregado: 20260124_140352_busca_mogi_perfil.csv com 371 empresas
2026-01-27 22:11:20,649 - __main__ - INFO - Iniciando processamento de empresas
2026-01-27 22:11:20,658 - src.processors.async_processor - INFO - CSV lido com sucesso: 371 empresas encontradas
2026-01-27 22:11:20,659 - src.processors.async_processor - INFO - Iniciando processamento assíncrono de 371 empresas
2026-01-27 22:11:21,827 - __main__ - INFO - Iniciando: SELETA & NATURAL
2026-01-27 22:11:21,850 - src.processors.async_processor - INFO - [1/371] Processando: SELETA & NATURAL
2026-01-27 22:11:22,328 - src.scrappers.google_scraper - INFO - Buscando: "SELETA & NATURAL" Mogi Mirim
2026-01-27 22:11:29,198 - src.scrappers.google_scraper - WARNING - CAPTCHA detectado via seletor: form#captcha-form
2026-01-27 22:11:29,199 - src.processors.async_processor - WARNING - CAPTCHA detectado para: SELETA & NATURAL
2026-01-27 22:11:29,208 - __main__ - WARNING - CAPTCHA: SELETA & NATURAL - CAPTCHA detectado! Aguardando resolução manual...
2026-01-27 22:11:29,209 - src.scrappers.google_scraper - WARNING - CAPTCHA detectado! Aguardando intervenção humana...
2026-01-27 22:11:29,209 - src.scrappers.google_scraper - WARNING - ============================================================
2026-01-27 22:11:29,214 - src.scrappers.google_scraper - WARNING - ============================================================
2026-01-27 22:11:29,214 - src.scrappers.google_scraper - WARNING - Empresa: SELETA & NATURAL
2026-01-27 22:11:29,214 - src.scrappers.google_scraper - WARNING - Instruções:
2026-01-27 22:11:29,215 - src.scrappers.google_scraper - WARNING - 1. Resolva o CAPTCHA manualmente na janela do navegador
2026-01-27 22:11:29,215 - src.scrappers.google_scraper - WARNING - 2. Aguarde até ver os resultados da busca aparecerem
2026-01-27 22:11:29,215 - src.scrappers.google_scraper - WARNING - 3. O script continuará automaticamente
2026-01-27 22:11:29,215 - src.scrappers.google_scraper - WARNING - ============================================================
2026-01-27 22:11:44,601 - src.scrappers.google_scraper - WARNING - Widget do Google Meu Negócio não encontrado para: SELETA & NATURAL
2026-01-27 22:11:44,696 - src.processors.async_processor - INFO - Registro atualizado: SELETA & NATURAL
2026-01-27 22:11:44,722 - __main__ - INFO - Concluído: SELETA & NATURAL - Sem dados
2026-01-27 22:11:49,991 - __main__ - INFO - Iniciando: REMPEL INSTALACAO E MANUTENCAO INDUSTRIAL
2026-01-27 22:11:49,998 - src.processors.async_processor - INFO - [2/371] Processando: REMPEL INSTALACAO E MANUTENCAO INDUSTRIAL
2026-01-27 22:11:50,255 - src.scrappers.google_scraper - INFO - Buscando: "REMPEL INSTALACAO E MANUTENCAO INDUSTRIAL" Mogi Mirim
2026-01-27 22:12:00,248 - src.scrappers.google_scraper - WARNING - Widget do Google Meu Negócio não encontrado para: REMPEL INSTALACAO E MANUTENCAO INDUSTRIAL
2026-01-27 22:12:00,271 - src.processors.async_processor - INFO - Registro atualizado: REMPEL INSTALACAO E MANUTENCAO INDUSTRIAL
2026-01-27 22:12:00,317 - __main__ - INFO - Concluído: REMPEL INSTALACAO E MANUTENCAO INDUSTRIAL - Sem dados
2026-01-27 22:12:03,642 - __main__ - INFO - Iniciando: KIOSQUE DOS AMIGOS
2026-01-27 22:12:03,647 - src.processors.async_processor - INFO - [3/371] Processando: KIOSQUE DOS AMIGOS
2026-01-27 22:12:03,823 - src.scrappers.google_scraper - INFO - Buscando: "KIOSQUE DOS AMIGOS" Mogi Mirim
2026-01-27 22:12:13,792 - src.scrappers.google_scraper - WARNING - Widget do Google Meu Negócio não encontrado para: KIOSQUE DOS AMIGOS
2026-01-27 22:12:13,819 - src.processors.async_processor - INFO - Registro atualizado: KIOSQUE DOS AMIGOS
2026-01-27 22:12:13,849 - __main__ - INFO - Concluído: KIOSQUE DOS AMIGOS - Sem dados
2026-01-27 22:12:19,204 - __main__ - INFO - Iniciando: ALECINIAS MATSUMOTO
2026-01-27 22:12:19,220 - src.processors.async_processor - INFO - [4/371] Processando: ALECINIAS MATSUMOTO
2026-01-27 22:12:19,358 - src.scrappers.google_scraper - INFO - Buscando: "ALECINIAS MATSUMOTO" Mogi Mirim
2026-01-27 22:12:29,415 - src.scrappers.google_scraper - WARNING - Widget do Google Meu Negócio não encontrado para: ALECINIAS MATSUMOTO
2026-01-27 22:12:29,471 - src.processors.async_processor - INFO - Registro atualizado: ALECINIAS MATSUMOTO
2026-01-27 22:12:29,500 - __main__ - INFO - Concluído: ALECINIAS MATSUMOTO - Sem dados
2026-01-27 22:12:34,538 - __main__ - INFO - Iniciando: S. & A. JARDINAGEM
2026-01-27 22:12:34,555 - src.processors.async_processor - INFO - [5/371] Processando: S. & A. JARDINAGEM
2026-01-27 22:12:34,669 - src.scrappers.google_scraper - INFO - Buscando: "S. & A. JARDINAGEM" Mogi Mirim
2026-01-27 22:12:44,850 - src.scrappers.google_scraper - WARNING - Widget do Google Meu Negócio não encontrado para: S. & A. JARDINAGEM
2026-01-27 22:12:44,912 - src.processors.async_processor - INFO - Registro atualizado: S. & A. JARDINAGEM
2026-01-27 22:12:44,942 - __main__ - INFO - Concluído: S. & A. JARDINAGEM - Sem dados
2026-01-27 22:12:50,776 - __main__ - INFO - Iniciando: RC MOTORS
2026-01-27 22:12:50,778 - src.processors.async_processor - INFO - [6/371] Processando: RC MOTORS
2026-01-27 22:12:51,080 - src.scrappers.google_scraper - INFO - Buscando: "RC MOTORS" Mogi Mirim
2026-01-27 22:13:01,202 - src.scrappers.google_scraper - WARNING - Widget do Google Meu Negócio não encontrado para: RC MOTORS
2026-01-27 22:13:01,225 - src.processors.async_processor - INFO - Registro atualizado: RC MOTORS
2026-01-27 22:13:01,271 - __main__ - INFO - Concluído: RC MOTORS - Sem dados
2026-01-27 22:13:05,902 - __main__ - INFO - Iniciando: CLEIDE MODA PLUS SIZE
2026-01-27 22:13:05,904 - src.processors.async_processor - INFO - [7/371] Processando: CLEIDE MODA PLUS SIZE
2026-01-27 22:13:06,040 - src.scrappers.google_scraper - INFO - Buscando: "CLEIDE MODA PLUS SIZE" Mogi Mirim
2026-01-27 22:13:17,122 - src.scrappers.google_scraper - WARNING - Widget do Google Meu Negócio não encontrado para: CLEIDE MODA PLUS SIZE
2026-01-27 22:13:17,162 - src.processors.async_processor - INFO - Registro atualizado: CLEIDE MODA PLUS SIZE
2026-01-27 22:13:17,192 - __main__ - INFO - Concluído: CLEIDE MODA PLUS SIZE - Sem dados
2026-01-27 22:13:20,875 - __main__ - INFO - Iniciando: DK FASHION STORE
2026-01-27 22:13:20,880 - src.processors.async_processor - INFO - [8/371] Processando: DK FASHION STORE
2026-01-27 22:13:21,021 - src.scrappers.google_scraper - INFO - Buscando: "DK FASHION STORE" Mogi Mirim
2026-01-27 22:13:30,984 - src.scrappers.google_scraper - WARNING - Widget do Google Meu Negócio não encontrado para: DK FASHION STORE
2026-01-27 22:13:31,015 - src.processors.async_processor - INFO - Registro atualizado: DK FASHION STORE
2026-01-27 22:13:31,028 - __main__ - INFO - Concluído: DK FASHION STORE - Sem dados
2026-01-27 22:13:35,863 - __main__ - INFO - Iniciando: MV SISTEMAS
2026-01-27 22:13:35,869 - src.processors.async_processor - INFO - [9/371] Processando: MV SISTEMAS
2026-01-27 22:13:36,179 - src.scrappers.google_scraper - INFO - Buscando: "MV SISTEMAS" Mogi Mirim
2026-01-27 22:13:47,112 - src.scrappers.google_scraper - WARNING - Widget do Google Meu Negócio não encontrado para: MV SISTEMAS
2026-01-27 22:13:47,170 - src.processors.async_processor - INFO - Registro atualizado: MV SISTEMAS
2026-01-27 22:13:47,190 - __main__ - INFO - Concluído: MV SISTEMAS - Sem dados
2026-01-27 22:13:51,283 - __main__ - INFO - Iniciando: ADEMAR LANCHES
2026-01-27 22:13:51,285 - src.processors.async_processor - INFO - [10/371] Processando: ADEMAR LANCHES
2026-01-27 22:13:51,541 - src.scrappers.google_scraper - INFO - Buscando: "ADEMAR LANCHES" Mogi Mirim
2026-01-27 22:14:02,155 - src.scrappers.google_scraper - WARNING - Widget do Google Meu Negócio não encontrado para: ADEMAR LANCHES
2026-01-27 22:14:02,177 - src.processors.async_processor - INFO - Registro atualizado: ADEMAR LANCHES
2026-01-27 22:14:02,181 - __main__ - INFO - Concluído: ADEMAR LANCHES - Sem dados
2026-01-27 22:14:05,396 - src.processors.async_processor - ERROR - Erro ao processar A D TRANSPORTES: App is not running
2026-01-27 22:14:05,851 - __main__ - ERROR - Erro durante processamento: App is not running
2026-01-27 22:18:08,666 - __main__ - INFO - Iniciando ExtractMogi
2026-01-27 22:18:08,690 - __main__ - INFO - Banco de dados inicializado
2026-01-27 22:18:16,167 - src.processors.async_processor - INFO - CSV lido com sucesso: 371 empresas encontradas
2026-01-27 22:18:16,169 - __main__ - INFO - CSV carregado: 20260124_140352_busca_mogi_perfil.csv com 371 empresas
2026-01-27 22:18:17,093 - __main__ - INFO - Iniciando processamento de empresas
2026-01-27 22:18:17,100 - src.processors.async_processor - INFO - CSV lido com sucesso: 371 empresas encontradas
2026-01-27 22:18:17,101 - src.processors.async_processor - INFO - Iniciando processamento assíncrono de 371 empresas
2026-01-27 22:18:18,292 - __main__ - INFO - Iniciando: SELETA & NATURAL
2026-01-27 22:18:18,297 - src.processors.async_processor - INFO - [1/371] Processando: SELETA & NATURAL
2026-01-27 22:18:18,751 - src.scrappers.google_scraper - INFO - Buscando: "SELETA & NATURAL" Mogi Mirim
2026-01-27 22:18:23,414 - src.scrappers.google_scraper - WARNING - CAPTCHA detectado via seletor: form#captcha-form
2026-01-27 22:18:23,414 - src.processors.async_processor - WARNING - CAPTCHA detectado para: SELETA & NATURAL
2026-01-27 22:18:23,430 - __main__ - WARNING - CAPTCHA: SELETA & NATURAL - CAPTCHA detectado! Aguardando resolução manual...
2026-01-27 22:18:23,431 - src.scrappers.google_scraper - WARNING - CAPTCHA detectado! Aguardando intervenção humana...
2026-01-27 22:18:23,431 - src.scrappers.google_scraper - WARNING - ============================================================
2026-01-27 22:18:23,435 - src.scrappers.google_scraper - WARNING - ============================================================
2026-01-27 22:18:23,435 - src.scrappers.google_scraper - WARNING - Empresa: SELETA & NATURAL
2026-01-27 22:18:23,435 - src.scrappers.google_scraper - WARNING - Instruções:
2026-01-27 22:18:23,436 - src.scrappers.google_scraper - WARNING - 1. Resolva o CAPTCHA manualmente na janela do navegador
2026-01-27 22:18:23,436 - src.scrappers.google_scraper - WARNING - 2. Aguarde até ver os resultados da busca aparecerem
2026-01-27 22:18:23,436 - src.scrappers.google_scraper - WARNING - 3. O script continuará automaticamente
2026-01-27 22:18:23,436 - src.scrappers.google_scraper - WARNING - ============================================================
2026-01-27 22:18:38,367 - src.scrappers.google_scraper - WARNING - Widget do Google Meu Negócio não encontrado para: SELETA & NATURAL
2026-01-27 22:18:39,187 - src.processors.async_processor - INFO - Registro atualizado: SELETA & NATURAL
2026-01-27 22:18:39,205 - __main__ - INFO - Concluído: SELETA & NATURAL - Sem dados
2026-01-27 22:18:45,662 - __main__ - INFO - Iniciando: REMPEL INSTALACAO E MANUTENCAO INDUSTRIAL
2026-01-27 22:18:45,673 - src.processors.async_processor - INFO - [2/371] Processando: REMPEL INSTALACAO E MANUTENCAO INDUSTRIAL
2026-01-27 22:18:45,807 - src.scrappers.google_scraper - INFO - Buscando: "REMPEL INSTALACAO E MANUTENCAO INDUSTRIAL" Mogi Mirim
2026-01-27 22:18:55,537 - src.scrappers.google_scraper - WARNING - Widget do Google Meu Negócio não encontrado para: REMPEL INSTALACAO E MANUTENCAO INDUSTRIAL
2026-01-27 22:18:55,560 - src.processors.async_processor - INFO - Registro atualizado: REMPEL INSTALACAO E MANUTENCAO INDUSTRIAL
2026-01-27 22:18:55,598 - __main__ - INFO - Concluído: REMPEL INSTALACAO E MANUTENCAO INDUSTRIAL - Sem dados
2026-01-27 22:19:01,540 - __main__ - INFO - Iniciando: KIOSQUE DOS AMIGOS
2026-01-27 22:19:01,542 - src.processors.async_processor - INFO - [3/371] Processando: KIOSQUE DOS AMIGOS
2026-01-27 22:19:01,680 - src.scrappers.google_scraper - INFO - Buscando: "KIOSQUE DOS AMIGOS" Mogi Mirim
2026-01-27 22:19:10,944 - src.scrappers.google_scraper - WARNING - Widget do Google Meu Negócio não encontrado para: KIOSQUE DOS AMIGOS
2026-01-27 22:19:10,997 - src.processors.async_processor - INFO - Registro atualizado: KIOSQUE DOS AMIGOS
2026-01-27 22:19:11,012 - __main__ - INFO - Concluído: KIOSQUE DOS AMIGOS - Sem dados
2026-01-27 22:19:14,900 - __main__ - INFO - Iniciando: ALECINIAS MATSUMOTO
2026-01-27 22:19:14,904 - src.processors.async_processor - INFO - [4/371] Processando: ALECINIAS MATSUMOTO
2026-01-27 22:19:15,072 - src.scrappers.google_scraper - INFO - Buscando: "ALECINIAS MATSUMOTO" Mogi Mirim
2026-01-27 22:19:24,196 - src.scrappers.google_scraper - WARNING - Widget do Google Meu Negócio não encontrado para: ALECINIAS MATSUMOTO
2026-01-27 22:19:24,235 - src.processors.async_processor - INFO - Registro atualizado: ALECINIAS MATSUMOTO
2026-01-27 22:19:24,264 - __main__ - INFO - Concluído: ALECINIAS MATSUMOTO - Sem dados
2026-01-27 22:19:27,564 - __main__ - INFO - Iniciando: S. & A. JARDINAGEM
2026-01-27 22:19:27,567 - src.processors.async_processor - INFO - [5/371] Processando: S. & A. JARDINAGEM
2026-01-27 22:19:27,731 - src.scrappers.google_scraper - INFO - Buscando: "S. & A. JARDINAGEM" Mogi Mirim
2026-01-27 22:19:37,445 - src.scrappers.google_scraper - WARNING - Widget do Google Meu Negócio não encontrado para: S. & A. JARDINAGEM
2026-01-27 22:19:37,501 - src.processors.async_processor - INFO - Registro atualizado: S. & A. JARDINAGEM
2026-01-27 22:19:37,517 - __main__ - INFO - Concluído: S. & A. JARDINAGEM - Sem dados
2026-01-27 22:19:44,344 - __main__ - INFO - Iniciando: RC MOTORS
2026-01-27 22:19:44,350 - src.processors.async_processor - INFO - [6/371] Processando: RC MOTORS
2026-01-27 22:19:44,531 - src.scrappers.google_scraper - INFO - Buscando: "RC MOTORS" Mogi Mirim
2026-01-27 22:19:54,692 - src.scrappers.google_scraper - WARNING - Widget do Google Meu Negócio não encontrado para: RC MOTORS
2026-01-27 22:19:54,716 - src.processors.async_processor - INFO - Registro atualizado: RC MOTORS
2026-01-27 22:19:54,719 - __main__ - INFO - Concluído: RC MOTORS - Sem dados
2026-01-27 22:19:59,811 - __main__ - INFO - Iniciando: CLEIDE MODA PLUS SIZE
2026-01-27 22:19:59,815 - src.processors.async_processor - INFO - [7/371] Processando: CLEIDE MODA PLUS SIZE
2026-01-27 22:19:59,950 - src.scrappers.google_scraper - INFO - Buscando: "CLEIDE MODA PLUS SIZE" Mogi Mirim
2026-01-27 22:20:10,243 - src.scrappers.google_scraper - WARNING - Widget do Google Meu Negócio não encontrado para: CLEIDE MODA PLUS SIZE
2026-01-27 22:20:10,294 - src.processors.async_processor - INFO - Registro atualizado: CLEIDE MODA PLUS SIZE
2026-01-27 22:20:10,332 - __main__ - INFO - Concluído: CLEIDE MODA PLUS SIZE - Sem dados
2026-01-27 22:20:15,609 - __main__ - INFO - Iniciando: DK FASHION STORE
2026-01-27 22:20:15,614 - src.processors.async_processor - INFO - [8/371] Processando: DK FASHION STORE
2026-01-27 22:20:15,793 - src.scrappers.google_scraper - INFO - Buscando: "DK FASHION STORE" Mogi Mirim
2026-01-27 22:20:25,102 - src.scrappers.google_scraper - WARNING - Widget do Google Meu Negócio não encontrado para: DK FASHION STORE
2026-01-27 22:20:25,164 - src.processors.async_processor - INFO - Registro atualizado: DK FASHION STORE
2026-01-27 22:20:25,202 - __main__ - INFO - Concluído: DK FASHION STORE - Sem dados
2026-01-27 22:20:31,036 - src.processors.async_processor - ERROR - Erro ao processar MV SISTEMAS: App is not running
2026-01-27 22:20:31,458 - __main__ - ERROR - Erro durante processamento: App is not running
2026-01-27 22:36:12,612 - __main__ - INFO - Iniciando ExtractMogi
2026-01-27 22:36:12,634 - __main__ - INFO - Banco de dados inicializado
2026-01-27 22:36:34,262 - src.processors.async_processor - INFO - CSV lido com sucesso: 371 empresas encontradas
2026-01-27 22:36:34,263 - __main__ - INFO - CSV carregado: 20260124_140352_busca_mogi_perfil.csv com 371 empresas
2026-01-27 22:36:35,459 - __main__ - INFO - Iniciando processamento de empresas
2026-01-27 22:36:35,462 - src.processors.async_processor - INFO - CSV lido com sucesso: 371 empresas encontradas
2026-01-27 22:36:35,463 - src.processors.async_processor - INFO - Iniciando processamento assíncrono de 371 empresas
2026-01-27 22:36:39,456 - __main__ - INFO - Iniciando: SELETA & NATURAL
2026-01-27 22:36:39,490 - src.processors.async_processor - INFO - [1/371] Processando: SELETA & NATURAL
2026-01-27 22:36:42,063 - src.scrappers.google_scraper - INFO - Buscando: "SELETA & NATURAL" Mogi Mirim
2026-01-27 22:36:54,600 - src.scrappers.google_scraper - INFO - Dados extraídos para SELETA & NATURAL: {'telefone': '(19) 6166-7662', 'facebook_link': 'https://www.instagram.com/seletaeducacao/', 'site': 'http://seletaeducacao.com.br/'}
2026-01-27 22:36:55,094 - src.scrappers.facebook_scraper - INFO - Acessando Facebook: https://www.instagram.com/seletaeducacao/
2026-01-27 22:38:38,489 - src.scrappers.facebook_scraper - INFO - Email encontrado: contato@seletaeducacao.com.br
2026-01-27 22:38:38,493 - src.scrappers.facebook_scraper - INFO - WhatsApp encontrado: (19) 94863-4583
2026-01-27 22:38:38,493 - src.scrappers.facebook_scraper - INFO - Dados do Facebook extraídos: {'email': 'contato@seletaeducacao.com.br', 'celular_whatsapp': '(19) 94863-4583'}
2026-01-27 22:38:38,519 - src.processors.async_processor - INFO - Registro atualizado: SELETA & NATURAL
2026-01-27 22:38:44,271 - __main__ - INFO - Iniciando: REMPEL INSTALACAO E MANUTENCAO INDUSTRIAL
2026-01-27 22:38:44,278 - src.processors.async_processor - INFO - [2/371] Processando: REMPEL INSTALACAO E MANUTENCAO INDUSTRIAL
2026-01-27 22:38:44,584 - src.scrappers.google_scraper - INFO - Buscando: "REMPEL INSTALACAO E MANUTENCAO INDUSTRIAL" Mogi Mirim
2026-01-27 22:38:48,930 - src.scrappers.google_scraper - WARNING - CAPTCHA detectado via seletor: form#captcha-form
2026-01-27 22:38:48,931 - src.processors.async_processor - WARNING - CAPTCHA detectado para: REMPEL INSTALACAO E MANUTENCAO INDUSTRIAL
2026-01-27 22:38:48,939 - __main__ - WARNING - CAPTCHA: REMPEL INSTALACAO E MANUTENCAO INDUSTRIAL - CAPTCHA detectado! Aguardando resolução manual...
2026-01-27 22:38:48,939 - src.scrappers.google_scraper - WARNING - CAPTCHA detectado em modo headless. Sugerindo modo visual.
2026-01-27 22:38:48,951 - src.processors.async_processor - ERROR - CAPTCHA detectado para REMPEL INSTALACAO E MANUTENCAO INDUSTRIAL: CAPTCHA detectado. Execute com headless=False para resolver manualmente.
2026-01-27 22:38:48,953 - __main__ - ERROR - Erro em REMPEL INSTALACAO E MANUTENCAO INDUSTRIAL: CAPTCHA: CAPTCHA detectado. Execute com headless=False para resolver manualmente.
2026-01-27 22:38:48,953 - src.processors.async_processor - WARNING - DICA: Execute novamente com headless=False para resolver CAPTCHAs manualmente
2026-01-27 22:38:48,955 - __main__ - INFO - Iniciando: KIOSQUE DOS AMIGOS
2026-01-27 22:38:48,956 - src.processors.async_processor - INFO - [3/371] Processando: KIOSQUE DOS AMIGOS
2026-01-27 22:38:49,113 - src.scrappers.google_scraper - INFO - Buscando: "KIOSQUE DOS AMIGOS" Mogi Mirim
2026-01-27 22:38:53,193 - src.scrappers.google_scraper - WARNING - CAPTCHA detectado via seletor: form#captcha-form
2026-01-27 22:38:53,194 - src.processors.async_processor - WARNING - CAPTCHA detectado para: KIOSQUE DOS AMIGOS
2026-01-27 22:38:53,200 - __main__ - WARNING - CAPTCHA: KIOSQUE DOS AMIGOS - CAPTCHA detectado! Aguardando resolução manual...
2026-01-27 22:38:53,201 - src.scrappers.google_scraper - WARNING - CAPTCHA detectado em modo headless. Sugerindo modo visual.
2026-01-27 22:38:53,213 - src.processors.async_processor - ERROR - CAPTCHA detectado para KIOSQUE DOS AMIGOS: CAPTCHA detectado. Execute com headless=False para resolver manualmente.
2026-01-27 22:38:53,215 - __main__ - ERROR - Erro em KIOSQUE DOS AMIGOS: CAPTCHA: CAPTCHA detectado. Execute com headless=False para resolver manualmente.
2026-01-27 22:38:53,215 - src.processors.async_processor - WARNING - DICA: Execute novamente com headless=False para resolver CAPTCHAs manualmente
2026-01-27 22:38:53,217 - __main__ - INFO - Iniciando: ALECINIAS MATSUMOTO
2026-01-27 22:38:53,218 - src.processors.async_processor - INFO - [4/371] Processando: ALECINIAS MATSUMOTO
2026-01-27 22:38:53,381 - src.scrappers.google_scraper - INFO - Buscando: "ALECINIAS MATSUMOTO" Mogi Mirim
2026-01-27 22:38:57,428 - src.scrappers.google_scraper - WARNING - CAPTCHA detectado via seletor: form#captcha-form
2026-01-27 22:38:57,435 - src.processors.async_processor - WARNING - CAPTCHA detectado para: ALECINIAS MATSUMOTO
2026-01-27 22:38:57,448 - __main__ - WARNING - CAPTCHA: ALECINIAS MATSUMOTO - CAPTCHA detectado! Aguardando resolução manual...
2026-01-27 22:38:57,448 - src.scrappers.google_scraper - WARNING - CAPTCHA detectado em modo headless. Sugerindo modo visual.
2026-01-27 22:38:57,463 - src.processors.async_processor - ERROR - CAPTCHA detectado para ALECINIAS MATSUMOTO: CAPTCHA detectado. Execute com headless=False para resolver manualmente.
2026-01-27 22:38:57,465 - __main__ - ERROR - Erro em ALECINIAS MATSUMOTO: CAPTCHA: CAPTCHA detectado. Execute com headless=False para resolver manualmente.
2026-01-27 22:38:57,465 - src.processors.async_processor - WARNING - DICA: Execute novamente com headless=False para resolver CAPTCHAs manualmente
2026-01-27 22:38:57,466 - __main__ - INFO - Iniciando: S. & A. JARDINAGEM
2026-01-27 22:38:57,467 - src.processors.async_processor - INFO - [5/371] Processando: S. & A. JARDINAGEM
2026-01-27 22:38:57,620 - src.scrappers.google_scraper - INFO - Buscando: "S. & A. JARDINAGEM" Mogi Mirim
2026-01-27 22:39:01,947 - src.scrappers.google_scraper - WARNING - CAPTCHA detectado via seletor: form#captcha-form
2026-01-27 22:39:01,948 - src.processors.async_processor - WARNING - CAPTCHA detectado para: S. & A. JARDINAGEM
2026-01-27 22:39:01,961 - __main__ - WARNING - CAPTCHA: S. & A. JARDINAGEM - CAPTCHA detectado! Aguardando resolução manual...
2026-01-27 22:39:01,961 - src.scrappers.google_scraper - WARNING - CAPTCHA detectado em modo headless. Sugerindo modo visual.
2026-01-27 22:39:02,001 - src.processors.async_processor - ERROR - CAPTCHA detectado para S. & A. JARDINAGEM: CAPTCHA detectado. Execute com headless=False para resolver manualmente.
2026-01-27 22:39:02,016 - __main__ - ERROR - Erro em S. & A. JARDINAGEM: CAPTCHA: CAPTCHA detectado. Execute com headless=False para resolver manualmente.
2026-01-27 22:39:02,017 - src.processors.async_processor - WARNING - DICA: Execute novamente com headless=False para resolver CAPTCHAs manualmente
2026-01-27 22:39:02,018 - __main__ - INFO - Iniciando: RC MOTORS
2026-01-27 22:39:02,019 - src.processors.async_processor - INFO - [6/371] Processando: RC MOTORS
2026-01-27 22:39:02,204 - src.scrappers.google_scraper - INFO - Buscando: "RC MOTORS" Mogi Mirim
2026-01-27 22:39:07,058 - src.scrappers.google_scraper - WARNING - CAPTCHA detectado via seletor: form#captcha-form
2026-01-27 22:39:07,059 - src.processors.async_processor - WARNING - CAPTCHA detectado para: RC MOTORS
2026-01-27 22:39:07,068 - __main__ - WARNING - CAPTCHA: RC MOTORS - CAPTCHA detectado! Aguardando resolução manual...
2026-01-27 22:39:07,068 - src.scrappers.google_scraper - WARNING - CAPTCHA detectado em modo headless. Sugerindo modo visual.
2026-01-27 22:39:07,083 - src.processors.async_processor - ERROR - CAPTCHA detectado para RC MOTORS: CAPTCHA detectado. Execute com headless=False para resolver manualmente.
2026-01-27 22:39:07,084 - __main__ - ERROR - Erro em RC MOTORS: CAPTCHA: CAPTCHA detectado. Execute com headless=False para resolver manualmente.
2026-01-27 22:39:07,085 - src.processors.async_processor - WARNING - DICA: Execute novamente com headless=False para resolver CAPTCHAs manualmente
2026-01-27 22:39:07,086 - __main__ - INFO - Iniciando: CLEIDE MODA PLUS SIZE
2026-01-27 22:39:07,088 - src.processors.async_processor - INFO - [7/371] Processando: CLEIDE MODA PLUS SIZE
2026-01-27 22:39:07,262 - src.scrappers.google_scraper - INFO - Buscando: "CLEIDE MODA PLUS SIZE" Mogi Mirim
2026-01-27 22:39:11,115 - src.scrappers.google_scraper - WARNING - CAPTCHA detectado via seletor: form#captcha-form
2026-01-27 22:39:11,116 - src.processors.async_processor - WARNING - CAPTCHA detectado para: CLEIDE MODA PLUS SIZE
2026-01-27 22:39:11,124 - __main__ - WARNING - CAPTCHA: CLEIDE MODA PLUS SIZE - CAPTCHA detectado! Aguardando resolução manual...
2026-01-27 22:39:11,124 - src.scrappers.google_scraper - WARNING - CAPTCHA detectado em modo headless. Sugerindo modo visual.
2026-01-27 22:39:11,137 - src.processors.async_processor - ERROR - CAPTCHA detectado para CLEIDE MODA PLUS SIZE: CAPTCHA detectado. Execute com headless=False para resolver manualmente.
2026-01-27 22:39:11,139 - __main__ - ERROR - Erro em CLEIDE MODA PLUS SIZE: CAPTCHA: CAPTCHA detectado. Execute com headless=False para resolver manualmente.
2026-01-27 22:39:11,140 - src.processors.async_processor - WARNING - DICA: Execute novamente com headless=False para resolver CAPTCHAs manualmente
2026-01-27 22:39:11,141 - __main__ - INFO - Iniciando: DK FASHION STORE
2026-01-27 22:39:11,175 - src.processors.async_processor - INFO - [8/371] Processando: DK FASHION STORE
2026-01-27 22:39:11,298 - src.scrappers.google_scraper - INFO - Buscando: "DK FASHION STORE" Mogi Mirim
2026-01-27 22:39:15,803 - src.scrappers.google_scraper - WARNING - CAPTCHA detectado via seletor: form#captcha-form
2026-01-27 22:39:15,803 - src.processors.async_processor - WARNING - CAPTCHA detectado para: DK FASHION STORE
2026-01-27 22:39:15,808 - __main__ - WARNING - CAPTCHA: DK FASHION STORE - CAPTCHA detectado! Aguardando resolução manual...
2026-01-27 22:39:15,809 - src.scrappers.google_scraper - WARNING - CAPTCHA detectado em modo headless. Sugerindo modo visual.
2026-01-27 22:39:15,822 - src.processors.async_processor - ERROR - CAPTCHA detectado para DK FASHION STORE: CAPTCHA detectado. Execute com headless=False para resolver manualmente.
2026-01-27 22:39:15,825 - __main__ - ERROR - Erro em DK FASHION STORE: CAPTCHA: CAPTCHA detectado. Execute com headless=False para resolver manualmente.
2026-01-27 22:39:15,839 - src.processors.async_processor - WARNING - DICA: Execute novamente com headless=False para resolver CAPTCHAs manualmente
2026-01-27 22:39:15,856 - __main__ - INFO - Iniciando: MV SISTEMAS
2026-01-27 22:39:15,857 - src.processors.async_processor - INFO - [9/371] Processando: MV SISTEMAS
2026-01-27 22:39:15,959 - src.scrappers.google_scraper - INFO - Buscando: "MV SISTEMAS" Mogi Mirim
2026-01-27 22:39:20,007 - src.scrappers.google_scraper - WARNING - CAPTCHA detectado via seletor: form#captcha-form
2026-01-27 22:39:20,007 - src.processors.async_processor - WARNING - CAPTCHA detectado para: MV SISTEMAS
2026-01-27 22:39:20,015 - __main__ - WARNING - CAPTCHA: MV SISTEMAS - CAPTCHA detectado! Aguardando resolução manual...
2026-01-27 22:39:20,016 - src.scrappers.google_scraper - WARNING - CAPTCHA detectado em modo headless. Sugerindo modo visual.
2026-01-27 22:39:20,032 - src.processors.async_processor - ERROR - CAPTCHA detectado para MV SISTEMAS: CAPTCHA detectado. Execute com headless=False para resolver manualmente.
2026-01-27 22:39:20,034 - __main__ - ERROR - Erro em MV SISTEMAS: CAPTCHA: CAPTCHA detectado. Execute com headless=False para resolver manualmente.
2026-01-27 22:39:20,035 - src.processors.async_processor - WARNING - DICA: Execute novamente com headless=False para resolver CAPTCHAs manualmente
2026-01-27 22:39:20,036 - __main__ - INFO - Iniciando: ADEMAR LANCHES
2026-01-27 22:39:20,038 - src.processors.async_processor - INFO - [10/371] Processando: ADEMAR LANCHES
2026-01-27 22:39:20,210 - src.scrappers.google_scraper - INFO - Buscando: "ADEMAR LANCHES" Mogi Mirim
2026-01-27 22:39:24,235 - src.scrappers.google_scraper - WARNING - CAPTCHA detectado via seletor: form#captcha-form
2026-01-27 22:39:24,236 - src.processors.async_processor - WARNING - CAPTCHA detectado para: ADEMAR LANCHES
2026-01-27 22:39:24,243 - __main__ - WARNING - CAPTCHA: ADEMAR LANCHES - CAPTCHA detectado! Aguardando resolução manual...
2026-01-27 22:39:24,243 - src.scrappers.google_scraper - WARNING - CAPTCHA detectado em modo headless. Sugerindo modo visual.
2026-01-27 22:39:24,257 - src.processors.async_processor - ERROR - CAPTCHA detectado para ADEMAR LANCHES: CAPTCHA detectado. Execute com headless=False para resolver manualmente.
2026-01-27 22:39:24,259 - __main__ - ERROR - Erro em ADEMAR LANCHES: CAPTCHA: CAPTCHA detectado. Execute com headless=False para resolver manualmente.
2026-01-27 22:39:24,259 - src.processors.async_processor - WARNING - DICA: Execute novamente com headless=False para resolver CAPTCHAs manualmente
2026-01-27 22:39:24,260 - __main__ - INFO - Iniciando: A D TRANSPORTES
2026-01-27 22:39:24,261 - src.processors.async_processor - INFO - [11/371] Processando: A D TRANSPORTES
2026-01-27 22:39:24,392 - src.scrappers.google_scraper - INFO - Buscando: "A D TRANSPORTES" Mogi Mirim
2026-01-27 22:39:28,579 - src.scrappers.google_scraper - WARNING - CAPTCHA detectado via seletor: form#captcha-form
2026-01-27 22:39:28,579 - src.processors.async_processor - WARNING - CAPTCHA detectado para: A D TRANSPORTES
2026-01-27 22:39:28,587 - __main__ - WARNING - CAPTCHA: A D TRANSPORTES - CAPTCHA detectado! Aguardando resolução manual...
2026-01-27 22:39:28,587 - src.scrappers.google_scraper - WARNING - CAPTCHA detectado em modo headless. Sugerindo modo visual.
2026-01-27 22:39:28,599 - src.processors.async_processor - ERROR - CAPTCHA detectado para A D TRANSPORTES: CAPTCHA detectado. Execute com headless=False para resolver manualmente.
2026-01-27 22:39:28,601 - __main__ - ERROR - Erro em A D TRANSPORTES: CAPTCHA: CAPTCHA detectado. Execute com headless=False para resolver manualmente.
2026-01-27 22:39:28,602 - src.processors.async_processor - WARNING - DICA: Execute novamente com headless=False para resolver CAPTCHAs manualmente
2026-01-27 22:39:28,603 - __main__ - INFO - Iniciando: MALU MADALENA
2026-01-27 22:39:28,605 - src.processors.async_processor - INFO - [12/371] Processando: MALU MADALENA
2026-01-27 22:39:28,747 - src.scrappers.google_scraper - INFO - Buscando: "MALU MADALENA" Mogi Mirim
2026-01-27 22:39:32,704 - src.scrappers.google_scraper - WARNING - CAPTCHA detectado via seletor: form#captcha-form
2026-01-27 22:39:32,704 - src.processors.async_processor - WARNING - CAPTCHA detectado para: MALU MADALENA
2026-01-27 22:39:32,711 - __main__ - WARNING - CAPTCHA: MALU MADALENA - CAPTCHA detectado! Aguardando resolução manual...
2026-01-27 22:39:32,712 - src.scrappers.google_scraper - WARNING - CAPTCHA detectado em modo headless. Sugerindo modo visual.
2026-01-27 22:39:32,725 - src.processors.async_processor - ERROR - CAPTCHA detectado para MALU MADALENA: CAPTCHA detectado. Execute com headless=False para resolver manualmente.
2026-01-27 22:39:32,727 - __main__ - ERROR - Erro em MALU MADALENA: CAPTCHA: CAPTCHA detectado. Execute com headless=False para resolver manualmente.
2026-01-27 22:39:32,727 - src.processors.async_processor - WARNING - DICA: Execute novamente com headless=False para resolver CAPTCHAs manualmente
2026-01-27 22:39:32,728 - __main__ - INFO - Iniciando: LUZZERIE
2026-01-27 22:39:32,729 - src.processors.async_processor - INFO - [13/371] Processando: LUZZERIE
2026-01-27 22:39:32,864 - src.scrappers.google_scraper - INFO - Buscando: "LUZZERIE" Mogi Mirim
2026-01-27 22:39:37,191 - src.scrappers.google_scraper - WARNING - CAPTCHA detectado via seletor: form#captcha-form
2026-01-27 22:39:37,191 - src.processors.async_processor - WARNING - CAPTCHA detectado para: LUZZERIE
2026-01-27 22:39:37,197 - __main__ - WARNING - CAPTCHA: LUZZERIE - CAPTCHA detectado! Aguardando resolução manual...
2026-01-27 22:39:37,198 - src.scrappers.google_scraper - WARNING - CAPTCHA detectado em modo headless. Sugerindo modo visual.
2026-01-27 22:39:37,211 - src.processors.async_processor - ERROR - CAPTCHA detectado para LUZZERIE: CAPTCHA detectado. Execute com headless=False para resolver manualmente.
2026-01-27 22:39:37,213 - __main__ - ERROR - Erro em LUZZERIE: CAPTCHA: CAPTCHA detectado. Execute com headless=False para resolver manualmente.
2026-01-27 22:39:37,214 - src.processors.async_processor - WARNING - DICA: Execute novamente com headless=False para resolver CAPTCHAs manualmente
2026-01-27 22:39:37,215 - __main__ - INFO - Iniciando: GASTRONOMEU GOURMET
2026-01-27 22:39:37,216 - src.processors.async_processor - INFO - [14/371] Processando: GASTRONOMEU GOURMET
2026-01-27 22:39:37,344 - src.scrappers.google_scraper - INFO - Buscando: "GASTRONOMEU GOURMET" Mogi Mirim
2026-01-27 22:39:42,206 - src.scrappers.google_scraper - WARNING - CAPTCHA detectado via seletor: form#captcha-form
2026-01-27 22:39:42,207 - src.processors.async_processor - WARNING - CAPTCHA detectado para: GASTRONOMEU GOURMET
2026-01-27 22:39:42,219 - __main__ - WARNING - CAPTCHA: GASTRONOMEU GOURMET - CAPTCHA detectado! Aguardando resolução manual...
2026-01-27 22:39:42,220 - src.scrappers.google_scraper - WARNING - CAPTCHA detectado em modo headless. Sugerindo modo visual.
2026-01-27 22:39:42,241 - src.processors.async_processor - ERROR - CAPTCHA detectado para GASTRONOMEU GOURMET: CAPTCHA detectado. Execute com headless=False para resolver manualmente.
2026-01-27 22:39:42,290 - __main__ - ERROR - Erro em GASTRONOMEU GOURMET: CAPTCHA: CAPTCHA detectado. Execute com headless=False para resolver manualmente.
2026-01-27 22:39:42,290 - src.processors.async_processor - WARNING - DICA: Execute novamente com headless=False para resolver CAPTCHAs manualmente
2026-01-27 22:39:42,291 - __main__ - INFO - Iniciando: MARCENARIA PALERMO
2026-01-27 22:39:42,291 - src.processors.async_processor - INFO - [15/371] Processando: MARCENARIA PALERMO
2026-01-27 22:39:42,428 - src.scrappers.google_scraper - INFO - Buscando: "MARCENARIA PALERMO" Mogi Mirim
2026-01-27 22:39:47,063 - src.scrappers.google_scraper - WARNING - CAPTCHA detectado via seletor: form#captcha-form
2026-01-27 22:39:47,063 - src.processors.async_processor - WARNING - CAPTCHA detectado para: MARCENARIA PALERMO
2026-01-27 22:39:47,069 - __main__ - WARNING - CAPTCHA: MARCENARIA PALERMO - CAPTCHA detectado! Aguardando resolução manual...
2026-01-27 22:39:47,070 - src.scrappers.google_scraper - WARNING - CAPTCHA detectado em modo headless. Sugerindo modo visual.
2026-01-27 22:39:47,081 - src.processors.async_processor - ERROR - CAPTCHA detectado para MARCENARIA PALERMO: CAPTCHA detectado. Execute com headless=False para resolver manualmente.
2026-01-27 22:39:47,084 - __main__ - ERROR - Erro em MARCENARIA PALERMO: CAPTCHA: CAPTCHA detectado. Execute com headless=False para resolver manualmente.
2026-01-27 22:39:47,084 - src.processors.async_processor - WARNING - DICA: Execute novamente com headless=False para resolver CAPTCHAs manualmente
2026-01-27 22:39:47,085 - __main__ - INFO - Iniciando: WG VIDROS TEMPERADOS
2026-01-27 22:39:47,086 - src.processors.async_processor - INFO - [16/371] Processando: WG VIDROS TEMPERADOS
2026-01-27 22:39:47,268 - src.scrappers.google_scraper - INFO - Buscando: "WG VIDROS TEMPERADOS" Mogi Mirim
2026-01-27 22:39:51,626 - src.scrappers.google_scraper - WARNING - CAPTCHA detectado via seletor: form#captcha-form
2026-01-27 22:39:51,626 - src.processors.async_processor - WARNING - CAPTCHA detectado para: WG VIDROS TEMPERADOS
2026-01-27 22:39:51,634 - __main__ - WARNING - CAPTCHA: WG VIDROS TEMPERADOS - CAPTCHA detectado! Aguardando resolução manual...
2026-01-27 22:39:51,635 - src.scrappers.google_scraper - WARNING - CAPTCHA detectado em modo headless. Sugerindo modo visual.
2026-01-27 22:39:51,654 - src.processors.async_processor - ERROR - CAPTCHA detectado para WG VIDROS TEMPERADOS: CAPTCHA detectado. Execute com headless=False para resolver manualmente.
2026-01-27 22:39:51,657 - __main__ - ERROR - Erro em WG VIDROS TEMPERADOS: CAPTCHA: CAPTCHA detectado. Execute com headless=False para resolver manualmente.
2026-01-27 22:39:51,679 - src.processors.async_processor - WARNING - DICA: Execute novamente com headless=False para resolver CAPTCHAs manualmente
2026-01-27 22:39:51,709 - __main__ - INFO - Iniciando: CASA DO SALGADO
2026-01-27 22:39:51,710 - src.processors.async_processor - INFO - [17/371] Processando: CASA DO SALGADO
2026-01-27 22:39:51,840 - src.scrappers.google_scraper - INFO - Buscando: "CASA DO SALGADO" Mogi Mirim
2026-01-27 22:39:55,856 - src.scrappers.google_scraper - WARNING - CAPTCHA detectado via seletor: form#captcha-form
2026-01-27 22:39:55,857 - src.processors.async_processor - WARNING - CAPTCHA detectado para: CASA DO SALGADO
2026-01-27 22:39:55,865 - __main__ - WARNING - CAPTCHA: CASA DO SALGADO - CAPTCHA detectado! Aguardando resolução manual...
2026-01-27 22:39:55,866 - src.scrappers.google_scraper - WARNING - CAPTCHA detectado em modo headless. Sugerindo modo visual.
2026-01-27 22:39:55,879 - src.processors.async_processor - ERROR - CAPTCHA detectado para CASA DO SALGADO: CAPTCHA detectado. Execute com headless=False para resolver manualmente.
2026-01-27 22:39:55,881 - __main__ - ERROR - Erro em CASA DO SALGADO: CAPTCHA: CAPTCHA detectado. Execute com headless=False para resolver manualmente.
2026-01-27 22:39:55,882 - src.processors.async_processor - WARNING - DICA: Execute novamente com headless=False para resolver CAPTCHAs manualmente
2026-01-27 22:39:55,883 - __main__ - INFO - Iniciando: MOGI MIRIM ACESSORIOS PARA CELULARES
2026-01-27 22:39:55,884 - src.processors.async_processor - INFO - [18/371] Processando: MOGI MIRIM ACESSORIOS PARA CELULARES
2026-01-27 22:39:56,031 - src.scrappers.google_scraper - INFO - Buscando: "MOGI MIRIM ACESSORIOS PARA CELULARES" Mogi Mirim
2026-01-27 22:40:00,394 - src.scrappers.google_scraper - WARNING - CAPTCHA detectado via seletor: form#captcha-form
2026-01-27 22:40:00,394 - src.processors.async_processor - WARNING - CAPTCHA detectado para: MOGI MIRIM ACESSORIOS PARA CELULARES
2026-01-27 22:40:00,402 - __main__ - WARNING - CAPTCHA: MOGI MIRIM ACESSORIOS PARA CELULARES - CAPTCHA detectado! Aguardando resolução manual...
2026-01-27 22:40:00,403 - src.scrappers.google_scraper - WARNING - CAPTCHA detectado em modo headless. Sugerindo modo visual.
2026-01-27 22:40:00,417 - src.processors.async_processor - ERROR - CAPTCHA detectado para MOGI MIRIM ACESSORIOS PARA CELULARES: CAPTCHA detectado. Execute com headless=False para resolver manualmente.
2026-01-27 22:40:00,419 - __main__ - ERROR - Erro em MOGI MIRIM ACESSORIOS PARA CELULARES: CAPTCHA: CAPTCHA detectado. Execute com headless=False para resolver manualmente.
2026-01-27 22:40:00,420 - src.processors.async_processor - WARNING - DICA: Execute novamente com headless=False para resolver CAPTCHAs manualmente
2026-01-27 22:40:00,421 - __main__ - INFO - Iniciando: MJR VENDAS
2026-01-27 22:40:00,423 - src.processors.async_processor - INFO - [19/371] Processando: MJR VENDAS
2026-01-27 22:40:00,584 - src.scrappers.google_scraper - INFO - Buscando: "MJR VENDAS" Mogi Mirim
2026-01-27 22:40:04,821 - src.scrappers.google_scraper - WARNING - CAPTCHA detectado via seletor: form#captcha-form
2026-01-27 22:40:04,821 - src.processors.async_processor - WARNING - CAPTCHA detectado para: MJR VENDAS
2026-01-27 22:40:04,829 - __main__ - WARNING - CAPTCHA: MJR VENDAS - CAPTCHA detectado! Aguardando resolução manual...
2026-01-27 22:40:04,829 - src.scrappers.google_scraper - WARNING - CAPTCHA detectado em modo headless. Sugerindo modo visual.
2026-01-27 22:40:04,841 - src.processors.async_processor - ERROR - CAPTCHA detectado para MJR VENDAS: CAPTCHA detectado. Execute com headless=False para resolver manualmente.
2026-01-27 22:40:04,843 - __main__ - ERROR - Erro em MJR VENDAS: CAPTCHA: CAPTCHA detectado. Execute com headless=False para resolver manualmente.
2026-01-27 22:40:04,844 - src.processors.async_processor - WARNING - DICA: Execute novamente com headless=False para resolver CAPTCHAs manualmente
2026-01-27 22:40:04,845 - __main__ - INFO - Iniciando: LONDON CAFE
2026-01-27 22:40:04,846 - src.processors.async_processor - INFO - [20/371] Processando: LONDON CAFE
2026-01-27 22:40:04,983 - src.scrappers.google_scraper - INFO - Buscando: "LONDON CAFE" Mogi Mirim
2026-01-27 22:40:09,400 - src.scrappers.google_scraper - WARNING - CAPTCHA detectado via seletor: form#captcha-form
2026-01-27 22:40:09,401 - src.processors.async_processor - WARNING - CAPTCHA detectado para: LONDON CAFE
2026-01-27 22:40:09,411 - __main__ - WARNING - CAPTCHA: LONDON CAFE - CAPTCHA detectado! Aguardando resolução manual...
2026-01-27 22:40:09,411 - src.scrappers.google_scraper - WARNING - CAPTCHA detectado em modo headless. Sugerindo modo visual.
2026-01-27 22:40:09,424 - src.processors.async_processor - ERROR - CAPTCHA detectado para LONDON CAFE: CAPTCHA detectado. Execute com headless=False para resolver manualmente.
2026-01-27 22:40:09,426 - __main__ - ERROR - Erro em LONDON CAFE: CAPTCHA: CAPTCHA detectado. Execute com headless=False para resolver manualmente.
2026-01-27 22:40:09,426 - src.processors.async_processor - WARNING - DICA: Execute novamente com headless=False para resolver CAPTCHAs manualmente
2026-01-27 22:40:09,427 - __main__ - INFO - Iniciando: LUAN MUNHOZ
2026-01-27 22:40:09,428 - src.processors.async_processor - INFO - [21/371] Processando: LUAN MUNHOZ
2026-01-27 22:40:09,567 - src.scrappers.google_scraper - INFO - Buscando: "LUAN MUNHOZ" Mogi Mirim
2026-01-27 22:40:14,406 - src.scrappers.google_scraper - WARNING - CAPTCHA detectado via seletor: form#captcha-form
2026-01-27 22:40:14,407 - src.processors.async_processor - WARNING - CAPTCHA detectado para: LUAN MUNHOZ
2026-01-27 22:40:14,416 - __main__ - WARNING - CAPTCHA: LUAN MUNHOZ - CAPTCHA detectado! Aguardando resolução manual...
2026-01-27 22:40:14,416 - src.scrappers.google_scraper - WARNING - CAPTCHA detectado em modo headless. Sugerindo modo visual.
2026-01-27 22:40:14,432 - src.processors.async_processor - ERROR - CAPTCHA detectado para LUAN MUNHOZ: CAPTCHA detectado. Execute com headless=False para resolver manualmente.
2026-01-27 22:40:14,434 - __main__ - ERROR - Erro em LUAN MUNHOZ: CAPTCHA: CAPTCHA detectado. Execute com headless=False para resolver manualmente.
2026-01-27 22:40:14,434 - src.processors.async_processor - WARNING - DICA: Execute novamente com headless=False para resolver CAPTCHAs manualmente
2026-01-27 22:40:14,436 - __main__ - INFO - Iniciando: TANIA BINOTTI JACOBINA LONGATTO
2026-01-27 22:40:14,438 - src.processors.async_processor - INFO - [22/371] Processando: TANIA BINOTTI JACOBINA LONGATTO
2026-01-27 22:40:14,627 - src.scrappers.google_scraper - INFO - Buscando: "TANIA BINOTTI JACOBINA LONGATTO" Mogi Mirim
2026-01-27 22:40:18,502 - src.scrappers.google_scraper - WARNING - CAPTCHA detectado via seletor: form#captcha-form
2026-01-27 22:40:18,502 - src.processors.async_processor - WARNING - CAPTCHA detectado para: TANIA BINOTTI JACOBINA LONGATTO
2026-01-27 22:40:18,509 - __main__ - WARNING - CAPTCHA: TANIA BINOTTI JACOBINA LONGATTO - CAPTCHA detectado! Aguardando resolução manual...
2026-01-27 22:40:18,510 - src.scrappers.google_scraper - WARNING - CAPTCHA detectado em modo headless. Sugerindo modo visual.
2026-01-27 22:40:18,522 - src.processors.async_processor - ERROR - CAPTCHA detectado para TANIA BINOTTI JACOBINA LONGATTO: CAPTCHA detectado. Execute com headless=False para resolver manualmente.
2026-01-27 22:40:18,525 - __main__ - ERROR - Erro em TANIA BINOTTI JACOBINA LONGATTO: CAPTCHA: CAPTCHA detectado. Execute com headless=False para resolver manualmente.
2026-01-27 22:40:18,539 - src.processors.async_processor - WARNING - DICA: Execute novamente com headless=False para resolver CAPTCHAs manualmente
2026-01-27 22:40:18,563 - __main__ - INFO - Iniciando: TAB EXPRESS
2026-01-27 22:40:18,564 - src.processors.async_processor - INFO - [23/371] Processando: TAB EXPRESS
2026-01-27 22:40:18,690 - src.scrappers.google_scraper - INFO - Buscando: "TAB EXPRESS" Mogi Mirim
2026-01-27 22:40:23,031 - src.scrappers.google_scraper - WARNING - CAPTCHA detectado via seletor: form#captcha-form
2026-01-27 22:40:23,032 - src.processors.async_processor - WARNING - CAPTCHA detectado para: TAB EXPRESS
2026-01-27 22:40:23,040 - __main__ - WARNING - CAPTCHA: TAB EXPRESS - CAPTCHA detectado! Aguardando resolução manual...
2026-01-27 22:40:23,041 - src.scrappers.google_scraper - WARNING - CAPTCHA detectado em modo headless. Sugerindo modo visual.
2026-01-27 22:40:23,057 - src.processors.async_processor - ERROR - CAPTCHA detectado para TAB EXPRESS: CAPTCHA detectado. Execute com headless=False para resolver manualmente.
2026-01-27 22:40:23,100 - __main__ - ERROR - Erro em TAB EXPRESS: CAPTCHA: CAPTCHA detectado. Execute com headless=False para resolver manualmente.
2026-01-27 22:40:23,101 - src.processors.async_processor - WARNING - DICA: Execute novamente com headless=False para resolver CAPTCHAs manualmente
2026-01-27 22:40:23,101 - __main__ - INFO - Iniciando: FSC GESTAO EM RECURSOS HUMANOS
2026-01-27 22:40:23,102 - src.processors.async_processor - INFO - [24/371] Processando: FSC GESTAO EM RECURSOS HUMANOS
2026-01-27 22:40:23,230 - src.scrappers.google_scraper - INFO - Buscando: "FSC GESTAO EM RECURSOS HUMANOS" Mogi Mirim
2026-01-27 22:40:27,398 - src.scrappers.google_scraper - WARNING - CAPTCHA detectado via seletor: form#captcha-form
2026-01-27 22:40:27,398 - src.processors.async_processor - WARNING - CAPTCHA detectado para: FSC GESTAO EM RECURSOS HUMANOS
2026-01-27 22:40:27,408 - __main__ - WARNING - CAPTCHA: FSC GESTAO EM RECURSOS HUMANOS - CAPTCHA detectado! Aguardando resolução manual...
2026-01-27 22:40:27,408 - src.scrappers.google_scraper - WARNING - CAPTCHA detectado em modo headless. Sugerindo modo visual.
2026-01-27 22:40:27,420 - src.processors.async_processor - ERROR - CAPTCHA detectado para FSC GESTAO EM RECURSOS HUMANOS: CAPTCHA detectado. Execute com headless=False para resolver manualmente.
2026-01-27 22:40:27,422 - __main__ - ERROR - Erro em FSC GESTAO EM RECURSOS HUMANOS: CAPTCHA: CAPTCHA detectado. Execute com headless=False para resolver manualmente.
2026-01-27 22:40:27,422 - src.processors.async_processor - WARNING - DICA: Execute novamente com headless=False para resolver CAPTCHAs manualmente
2026-01-27 22:40:27,424 - __main__ - INFO - Iniciando: HAIR BEAUTY SALON
2026-01-27 22:40:27,470 - src.processors.async_processor - INFO - [25/371] Processando: HAIR BEAUTY SALON
2026-01-27 22:40:27,581 - src.scrappers.google_scraper - INFO - Buscando: "HAIR BEAUTY SALON" Mogi Mirim
2026-01-27 22:40:31,970 - src.scrappers.google_scraper - WARNING - CAPTCHA detectado via seletor: form#captcha-form
2026-01-27 22:40:31,970 - src.processors.async_processor - WARNING - CAPTCHA detectado para: HAIR BEAUTY SALON
2026-01-27 22:40:31,977 - __main__ - WARNING - CAPTCHA: HAIR BEAUTY SALON - CAPTCHA detectado! Aguardando resolução manual...
2026-01-27 22:40:31,977 - src.scrappers.google_scraper - WARNING - CAPTCHA detectado em modo headless. Sugerindo modo visual.
2026-01-27 22:40:31,989 - src.processors.async_processor - ERROR - CAPTCHA detectado para HAIR BEAUTY SALON: CAPTCHA detectado. Execute com headless=False para resolver manualmente.
2026-01-27 22:40:31,990 - __main__ - ERROR - Erro em HAIR BEAUTY SALON: CAPTCHA: CAPTCHA detectado. Execute com headless=False para resolver manualmente.
2026-01-27 22:40:31,991 - src.processors.async_processor - WARNING - DICA: Execute novamente com headless=False para resolver CAPTCHAs manualmente
2026-01-27 22:40:31,992 - __main__ - INFO - Iniciando: CASA DE CARNES MAIA
2026-01-27 22:40:31,993 - src.processors.async_processor - INFO - [26/371] Processando: CASA DE CARNES MAIA
2026-01-27 22:40:32,121 - src.scrappers.google_scraper - INFO - Buscando: "CASA DE CARNES MAIA" Mogi Mirim
2026-01-27 22:40:36,233 - src.scrappers.google_scraper - WARNING - CAPTCHA detectado via seletor: form#captcha-form
2026-01-27 22:40:36,233 - src.processors.async_processor - WARNING - CAPTCHA detectado para: CASA DE CARNES MAIA
2026-01-27 22:40:36,240 - __main__ - WARNING - CAPTCHA: CASA DE CARNES MAIA - CAPTCHA detectado! Aguardando resolução manual...
2026-01-27 22:40:36,241 - src.scrappers.google_scraper - WARNING - CAPTCHA detectado em modo headless. Sugerindo modo visual.
2026-01-27 22:40:36,252 - src.processors.async_processor - ERROR - CAPTCHA detectado para CASA DE CARNES MAIA: CAPTCHA detectado. Execute com headless=False para resolver manualmente.
2026-01-27 22:40:36,254 - __main__ - ERROR - Erro em CASA DE CARNES MAIA: CAPTCHA: CAPTCHA detectado. Execute com headless=False para resolver manualmente.
2026-01-27 22:40:36,255 - src.processors.async_processor - WARNING - DICA: Execute novamente com headless=False para resolver CAPTCHAs manualmente
2026-01-27 22:40:36,256 - __main__ - INFO - Iniciando: MAIARA TRANSPORTE ESCOLAR
2026-01-27 22:40:36,257 - src.processors.async_processor - INFO - [27/371] Processando: MAIARA TRANSPORTE ESCOLAR
2026-01-27 22:40:36,430 - src.scrappers.google_scraper - INFO - Buscando: "MAIARA TRANSPORTE ESCOLAR" Mogi Mirim
2026-01-27 22:40:41,155 - src.scrappers.google_scraper - WARNING - CAPTCHA detectado via seletor: form#captcha-form
2026-01-27 22:40:41,156 - src.processors.async_processor - WARNING - CAPTCHA detectado para: MAIARA TRANSPORTE ESCOLAR
2026-01-27 22:40:41,165 - __main__ - WARNING - CAPTCHA: MAIARA TRANSPORTE ESCOLAR - CAPTCHA detectado! Aguardando resolução manual...
2026-01-27 22:40:41,165 - src.scrappers.google_scraper - WARNING - CAPTCHA detectado em modo headless. Sugerindo modo visual.
2026-01-27 22:40:41,177 - src.processors.async_processor - ERROR - CAPTCHA detectado para MAIARA TRANSPORTE ESCOLAR: CAPTCHA detectado. Execute com headless=False para resolver manualmente.
2026-01-27 22:40:41,179 - __main__ - ERROR - Erro em MAIARA TRANSPORTE ESCOLAR: CAPTCHA: CAPTCHA detectado. Execute com headless=False para resolver manualmente.
2026-01-27 22:40:41,179 - src.processors.async_processor - WARNING - DICA: Execute novamente com headless=False para resolver CAPTCHAs manualmente
2026-01-27 22:40:41,180 - __main__ - INFO - Iniciando: NEW BREED ACAI
2026-01-27 22:40:41,181 - src.processors.async_processor - INFO - [28/371] Processando: NEW BREED ACAI
2026-01-27 22:40:41,333 - src.scrappers.google_scraper - INFO - Buscando: "NEW BREED ACAI" Mogi Mirim
2026-01-27 22:40:45,774 - src.scrappers.google_scraper - WARNING - CAPTCHA detectado via seletor: form#captcha-form
2026-01-27 22:40:45,774 - src.processors.async_processor - WARNING - CAPTCHA detectado para: NEW BREED ACAI
2026-01-27 22:40:45,783 - __main__ - WARNING - CAPTCHA: NEW BREED ACAI - CAPTCHA detectado! Aguardando resolução manual...
2026-01-27 22:40:45,784 - src.scrappers.google_scraper - WARNING - CAPTCHA detectado em modo headless. Sugerindo modo visual.
2026-01-27 22:40:45,797 - src.processors.async_processor - ERROR - CAPTCHA detectado para NEW BREED ACAI: CAPTCHA detectado. Execute com headless=False para resolver manualmente.
2026-01-27 22:40:45,799 - __main__ - ERROR - Erro em NEW BREED ACAI: CAPTCHA: CAPTCHA detectado. Execute com headless=False para resolver manualmente.
2026-01-27 22:40:45,800 - src.processors.async_processor - WARNING - DICA: Execute novamente com headless=False para resolver CAPTCHAs manualmente
2026-01-27 22:40:45,801 - __main__ - INFO - Iniciando: CASA DE CARNES CAMPLU
2026-01-27 22:40:45,802 - src.processors.async_processor - INFO - [29/371] Processando: CASA DE CARNES CAMPLU
2026-01-27 22:40:45,994 - src.scrappers.google_scraper - INFO - Buscando: "CASA DE CARNES CAMPLU" Mogi Mirim
2026-01-27 22:40:50,726 - src.scrappers.google_scraper - WARNING - CAPTCHA detectado via seletor: form#captcha-form
2026-01-27 22:40:50,726 - src.processors.async_processor - WARNING - CAPTCHA detectado para: CASA DE CARNES CAMPLU
2026-01-27 22:40:50,736 - __main__ - WARNING - CAPTCHA: CASA DE CARNES CAMPLU - CAPTCHA detectado! Aguardando resolução manual...
2026-01-27 22:40:50,737 - src.scrappers.google_scraper - WARNING - CAPTCHA detectado em modo headless. Sugerindo modo visual.
2026-01-27 22:40:50,748 - src.processors.async_processor - ERROR - CAPTCHA detectado para CASA DE CARNES CAMPLU: CAPTCHA detectado. Execute com headless=False para resolver manualmente.
2026-01-27 22:40:50,750 - __main__ - ERROR - Erro em CASA DE CARNES CAMPLU: CAPTCHA: CAPTCHA detectado. Execute com headless=False para resolver manualmente.
2026-01-27 22:40:50,750 - src.processors.async_processor - WARNING - DICA: Execute novamente com headless=False para resolver CAPTCHAs manualmente
2026-01-27 22:40:50,751 - __main__ - INFO - Iniciando: VIEIRA CONSTRUCOES
2026-01-27 22:40:50,752 - src.processors.async_processor - INFO - [30/371] Processando: VIEIRA CONSTRUCOES
2026-01-27 22:40:50,923 - src.scrappers.google_scraper - INFO - Buscando: "VIEIRA CONSTRUCOES" Mogi Mirim
2026-01-27 22:40:55,142 - src.scrappers.google_scraper - WARNING - CAPTCHA detectado via seletor: form#captcha-form
2026-01-27 22:40:55,142 - src.processors.async_processor - WARNING - CAPTCHA detectado para: VIEIRA CONSTRUCOES
2026-01-27 22:40:55,156 - __main__ - WARNING - CAPTCHA: VIEIRA CONSTRUCOES - CAPTCHA detectado! Aguardando resolução manual...
2026-01-27 22:40:55,157 - src.scrappers.google_scraper - WARNING - CAPTCHA detectado em modo headless. Sugerindo modo visual.
2026-01-27 22:40:55,168 - src.processors.async_processor - ERROR - CAPTCHA detectado para VIEIRA CONSTRUCOES: CAPTCHA detectado. Execute com headless=False para resolver manualmente.
2026-01-27 22:40:55,171 - __main__ - ERROR - Erro em VIEIRA CONSTRUCOES: CAPTCHA: CAPTCHA detectado. Execute com headless=False para resolver manualmente.
2026-01-27 22:40:55,172 - src.processors.async_processor - WARNING - DICA: Execute novamente com headless=False para resolver CAPTCHAs manualmente
2026-01-27 22:40:55,173 - __main__ - INFO - Iniciando: C.T.P.V.
2026-01-27 22:40:55,174 - src.processors.async_processor - INFO - [31/371] Processando: C.T.P.V.
2026-01-27 22:40:55,342 - src.scrappers.google_scraper - INFO - Buscando: "C.T.P.V." Mogi Mirim
2026-01-27 22:41:00,076 - src.scrappers.google_scraper - WARNING - CAPTCHA detectado via seletor: form#captcha-form
2026-01-27 22:41:00,076 - src.processors.async_processor - WARNING - CAPTCHA detectado para: C.T.P.V.
2026-01-27 22:41:00,087 - __main__ - WARNING - CAPTCHA: C.T.P.V. - CAPTCHA detectado! Aguardando resolução manual...
2026-01-27 22:41:00,087 - src.scrappers.google_scraper - WARNING - CAPTCHA detectado em modo headless. Sugerindo modo visual.
2026-01-27 22:41:00,097 - src.processors.async_processor - ERROR - CAPTCHA detectado para C.T.P.V.: CAPTCHA detectado. Execute com headless=False para resolver manualmente.
2026-01-27 22:41:00,099 - __main__ - ERROR - Erro em C.T.P.V.: CAPTCHA: CAPTCHA detectado. Execute com headless=False para resolver manualmente.
2026-01-27 22:41:00,099 - src.processors.async_processor - WARNING - DICA: Execute novamente com headless=False para resolver CAPTCHAs manualmente
2026-01-27 22:41:00,100 - __main__ - INFO - Iniciando: HELENDIONY DE ASSIS SANTANA
2026-01-27 22:41:00,101 - src.processors.async_processor - INFO - [32/371] Processando: HELENDIONY DE ASSIS SANTANA
2026-01-27 22:41:00,241 - src.scrappers.google_scraper - INFO - Buscando: "HELENDIONY DE ASSIS SANTANA" Mogi Mirim
2026-01-27 22:41:04,943 - src.scrappers.google_scraper - WARNING - CAPTCHA detectado via seletor: form#captcha-form
2026-01-27 22:41:04,943 - src.processors.async_processor - WARNING - CAPTCHA detectado para: HELENDIONY DE ASSIS SANTANA
2026-01-27 22:41:04,954 - __main__ - WARNING - CAPTCHA: HELENDIONY DE ASSIS SANTANA - CAPTCHA detectado! Aguardando resolução manual...
2026-01-27 22:41:04,955 - src.scrappers.google_scraper - WARNING - CAPTCHA detectado em modo headless. Sugerindo modo visual.
2026-01-27 22:41:04,968 - src.processors.async_processor - ERROR - CAPTCHA detectado para HELENDIONY DE ASSIS SANTANA: CAPTCHA detectado. Execute com headless=False para resolver manualmente.
2026-01-27 22:41:04,970 - __main__ - ERROR - Erro em HELENDIONY DE ASSIS SANTANA: CAPTCHA: CAPTCHA detectado. Execute com headless=False para resolver manualmente.
2026-01-27 22:41:04,971 - src.processors.async_processor - WARNING - DICA: Execute novamente com headless=False para resolver CAPTCHAs manualmente
2026-01-27 22:41:04,972 - __main__ - INFO - Iniciando: OTICAS CAROL
2026-01-27 22:41:04,973 - src.processors.async_processor - INFO - [33/371] Processando: OTICAS CAROL
2026-01-27 22:41:05,145 - src.scrappers.google_scraper - INFO - Buscando: "OTICAS CAROL" Mogi Mirim
2026-01-27 22:41:09,532 - src.scrappers.google_scraper - WARNING - CAPTCHA detectado via seletor: form#captcha-form
2026-01-27 22:41:09,532 - src.processors.async_processor - WARNING - CAPTCHA detectado para: OTICAS CAROL
2026-01-27 22:41:09,552 - __main__ - WARNING - CAPTCHA: OTICAS CAROL - CAPTCHA detectado! Aguardando resolução manual...
2026-01-27 22:41:09,553 - src.scrappers.google_scraper - WARNING - CAPTCHA detectado em modo headless. Sugerindo modo visual.
2026-01-27 22:41:09,565 - src.processors.async_processor - ERROR - CAPTCHA detectado para OTICAS CAROL: CAPTCHA detectado. Execute com headless=False para resolver manualmente.
2026-01-27 22:41:09,567 - __main__ - ERROR - Erro em OTICAS CAROL: CAPTCHA: CAPTCHA detectado. Execute com headless=False para resolver manualmente.
2026-01-27 22:41:09,567 - src.processors.async_processor - WARNING - DICA: Execute novamente com headless=False para resolver CAPTCHAs manualmente
2026-01-27 22:41:09,568 - __main__ - INFO - Iniciando: SORVETERIA NOVA ERA
2026-01-27 22:41:09,569 - src.processors.async_processor - INFO - [34/371] Processando: SORVETERIA NOVA ERA
2026-01-27 22:41:09,756 - src.scrappers.google_scraper - INFO - Buscando: "SORVETERIA NOVA ERA" Mogi Mirim
2026-01-27 22:41:14,492 - src.scrappers.google_scraper - WARNING - CAPTCHA detectado via seletor: form#captcha-form
2026-01-27 22:41:14,492 - src.processors.async_processor - WARNING - CAPTCHA detectado para: SORVETERIA NOVA ERA
2026-01-27 22:41:14,502 - __main__ - WARNING - CAPTCHA: SORVETERIA NOVA ERA - CAPTCHA detectado! Aguardando resolução manual...
2026-01-27 22:41:14,503 - src.scrappers.google_scraper - WARNING - CAPTCHA detectado em modo headless. Sugerindo modo visual.
2026-01-27 22:41:14,514 - src.processors.async_processor - ERROR - CAPTCHA detectado para SORVETERIA NOVA ERA: CAPTCHA detectado. Execute com headless=False para resolver manualmente.
2026-01-27 22:41:14,516 - __main__ - ERROR - Erro em SORVETERIA NOVA ERA: CAPTCHA: CAPTCHA detectado. Execute com headless=False para resolver manualmente.
2026-01-27 22:41:14,517 - src.processors.async_processor - WARNING - DICA: Execute novamente com headless=False para resolver CAPTCHAs manualmente
2026-01-27 22:41:14,518 - __main__ - INFO - Iniciando: SCP PARK LOG INVEST
2026-01-27 22:41:14,519 - src.processors.async_processor - INFO - [35/371] Processando: SCP PARK LOG INVEST
2026-01-27 22:41:14,681 - src.scrappers.google_scraper - INFO - Buscando: "SCP PARK LOG INVEST" Mogi Mirim
2026-01-27 22:41:19,469 - src.scrappers.google_scraper - WARNING - CAPTCHA detectado via seletor: form#captcha-form
2026-01-27 22:41:19,470 - src.processors.async_processor - WARNING - CAPTCHA detectado para: SCP PARK LOG INVEST
2026-01-27 22:41:19,481 - __main__ - WARNING - CAPTCHA: SCP PARK LOG INVEST - CAPTCHA detectado! Aguardando resolução manual...
2026-01-27 22:41:19,481 - src.scrappers.google_scraper - WARNING - CAPTCHA detectado em modo headless. Sugerindo modo visual.
2026-01-27 22:41:19,493 - src.processors.async_processor - ERROR - CAPTCHA detectado para SCP PARK LOG INVEST: CAPTCHA detectado. Execute com headless=False para resolver manualmente.
2026-01-27 22:41:19,495 - __main__ - ERROR - Erro em SCP PARK LOG INVEST: CAPTCHA: CAPTCHA detectado. Execute com headless=False para resolver manualmente.
2026-01-27 22:41:19,495 - src.processors.async_processor - WARNING - DICA: Execute novamente com headless=False para resolver CAPTCHAs manualmente
2026-01-27 22:41:19,496 - __main__ - INFO - Iniciando: PAMONHAS DA ROCA
2026-01-27 22:41:19,497 - src.processors.async_processor - INFO - [36/371] Processando: PAMONHAS DA ROCA
2026-01-27 22:41:19,624 - src.scrappers.google_scraper - INFO - Buscando: "PAMONHAS DA ROCA" Mogi Mirim
2026-01-27 22:41:23,640 - src.scrappers.google_scraper - WARNING - CAPTCHA detectado via seletor: form#captcha-form
2026-01-27 22:41:23,640 - src.processors.async_processor - WARNING - CAPTCHA detectado para: PAMONHAS DA ROCA
2026-01-27 22:41:23,657 - __main__ - WARNING - CAPTCHA: PAMONHAS DA ROCA - CAPTCHA detectado! Aguardando resolução manual...
2026-01-27 22:41:23,658 - src.scrappers.google_scraper - WARNING - CAPTCHA detectado em modo headless. Sugerindo modo visual.
2026-01-27 22:41:23,670 - src.processors.async_processor - ERROR - CAPTCHA detectado para PAMONHAS DA ROCA: CAPTCHA detectado. Execute com headless=False para resolver manualmente.
2026-01-27 22:41:23,672 - __main__ - ERROR - Erro em PAMONHAS DA ROCA: CAPTCHA: CAPTCHA detectado. Execute com headless=False para resolver manualmente.
2026-01-27 22:41:23,673 - src.processors.async_processor - WARNING - DICA: Execute novamente com headless=False para resolver CAPTCHAs manualmente
2026-01-27 22:41:23,674 - __main__ - INFO - Iniciando: REGINA MANICURE
2026-01-27 22:41:23,718 - src.processors.async_processor - INFO - [37/371] Processando: REGINA MANICURE
2026-01-27 22:41:23,840 - src.scrappers.google_scraper - INFO - Buscando: "REGINA MANICURE" Mogi Mirim
2026-01-27 22:41:28,618 - src.scrappers.google_scraper - WARNING - CAPTCHA detectado via seletor: form#captcha-form
2026-01-27 22:41:28,618 - src.processors.async_processor - WARNING - CAPTCHA detectado para: REGINA MANICURE
2026-01-27 22:41:28,632 - __main__ - WARNING - CAPTCHA: REGINA MANICURE - CAPTCHA detectado! Aguardando resolução manual...
2026-01-27 22:41:28,633 - src.scrappers.google_scraper - WARNING - CAPTCHA detectado em modo headless. Sugerindo modo visual.
2026-01-27 22:41:28,645 - src.processors.async_processor - ERROR - CAPTCHA detectado para REGINA MANICURE: CAPTCHA detectado. Execute com headless=False para resolver manualmente.
2026-01-27 22:41:28,648 - __main__ - ERROR - Erro em REGINA MANICURE: CAPTCHA: CAPTCHA detectado. Execute com headless=False para resolver manualmente.
2026-01-27 22:41:28,648 - src.processors.async_processor - WARNING - DICA: Execute novamente com headless=False para resolver CAPTCHAs manualmente
2026-01-27 22:41:28,649 - __main__ - INFO - Iniciando: L & L ESTAMPARIA
2026-01-27 22:41:28,651 - src.processors.async_processor - INFO - [38/371] Processando: L & L ESTAMPARIA
2026-01-27 22:41:28,807 - src.scrappers.google_scraper - INFO - Buscando: "L & L ESTAMPARIA" Mogi Mirim
2026-01-27 22:41:32,835 - src.scrappers.google_scraper - WARNING - CAPTCHA detectado via seletor: form#captcha-form
2026-01-27 22:41:32,836 - src.processors.async_processor - WARNING - CAPTCHA detectado para: L & L ESTAMPARIA
2026-01-27 22:41:32,846 - __main__ - WARNING - CAPTCHA: L & L ESTAMPARIA - CAPTCHA detectado! Aguardando resolução manual...
2026-01-27 22:41:32,846 - src.scrappers.google_scraper - WARNING - CAPTCHA detectado em modo headless. Sugerindo modo visual.
2026-01-27 22:41:32,858 - src.processors.async_processor - ERROR - CAPTCHA detectado para L & L ESTAMPARIA: CAPTCHA detectado. Execute com headless=False para resolver manualmente.
2026-01-27 22:41:32,860 - __main__ - ERROR - Erro em L & L ESTAMPARIA: CAPTCHA: CAPTCHA detectado. Execute com headless=False para resolver manualmente.
2026-01-27 22:41:32,861 - src.processors.async_processor - WARNING - DICA: Execute novamente com headless=False para resolver CAPTCHAs manualmente
2026-01-27 22:41:32,862 - __main__ - INFO - Iniciando: ***
2026-01-27 22:41:32,863 - src.processors.async_processor - INFO - [39/371] Processando: ***
2026-01-27 22:41:32,993 - src.scrappers.google_scraper - INFO - Buscando: "***" Mogi Mirim
2026-01-27 22:41:37,190 - src.scrappers.google_scraper - WARNING - CAPTCHA detectado via seletor: form#captcha-form
2026-01-27 22:41:37,190 - src.processors.async_processor - WARNING - CAPTCHA detectado para: ***
2026-01-27 22:41:37,200 - __main__ - WARNING - CAPTCHA: *** - CAPTCHA detectado! Aguardando resolução manual...
2026-01-27 22:41:37,200 - src.scrappers.google_scraper - WARNING - CAPTCHA detectado em modo headless. Sugerindo modo visual.
2026-01-27 22:41:37,211 - src.processors.async_processor - ERROR - CAPTCHA detectado para ***: CAPTCHA detectado. Execute com headless=False para resolver manualmente.
2026-01-27 22:41:37,214 - __main__ - ERROR - Erro em ***: CAPTCHA: CAPTCHA detectado. Execute com headless=False para resolver manualmente.
2026-01-27 22:41:37,214 - src.processors.async_processor - WARNING - DICA: Execute novamente com headless=False para resolver CAPTCHAs manualmente
2026-01-27 22:41:37,215 - __main__ - INFO - Iniciando: BRUNO ALMEIDA
2026-01-27 22:41:37,216 - src.processors.async_processor - INFO - [40/371] Processando: BRUNO ALMEIDA
2026-01-27 22:41:37,344 - src.scrappers.google_scraper - INFO - Buscando: "BRUNO ALMEIDA" Mogi Mirim
2026-01-27 22:41:41,827 - src.scrappers.google_scraper - WARNING - CAPTCHA detectado via seletor: form#captcha-form
2026-01-27 22:41:41,827 - src.processors.async_processor - WARNING - CAPTCHA detectado para: BRUNO ALMEIDA
2026-01-27 22:41:41,839 - __main__ - WARNING - CAPTCHA: BRUNO ALMEIDA - CAPTCHA detectado! Aguardando resolução manual...
2026-01-27 22:41:41,839 - src.scrappers.google_scraper - WARNING - CAPTCHA detectado em modo headless. Sugerindo modo visual.
2026-01-27 22:41:41,851 - src.processors.async_processor - ERROR - CAPTCHA detectado para BRUNO ALMEIDA: CAPTCHA detectado. Execute com headless=False para resolver manualmente.
2026-01-27 22:41:41,854 - __main__ - ERROR - Erro em BRUNO ALMEIDA: CAPTCHA: CAPTCHA detectado. Execute com headless=False para resolver manualmente.
2026-01-27 22:41:41,854 - src.processors.async_processor - WARNING - DICA: Execute novamente com headless=False para resolver CAPTCHAs manualmente
2026-01-27 22:41:41,855 - __main__ - INFO - Iniciando: J E J TRANSPORTE E TURISMO
2026-01-27 22:41:41,856 - src.processors.async_processor - INFO - [41/371] Processando: J E J TRANSPORTE E TURISMO
2026-01-27 22:41:42,038 - src.scrappers.google_scraper - INFO - Buscando: "J E J TRANSPORTE E TURISMO" Mogi Mirim
2026-01-27 22:41:46,535 - src.scrappers.google_scraper - WARNING - CAPTCHA detectado via seletor: form#captcha-form
2026-01-27 22:41:46,535 - src.processors.async_processor - WARNING - CAPTCHA detectado para: J E J TRANSPORTE E TURISMO
2026-01-27 22:41:46,545 - __main__ - WARNING - CAPTCHA: J E J TRANSPORTE E TURISMO - CAPTCHA detectado! Aguardando resolução manual...
2026-01-27 22:41:46,546 - src.scrappers.google_scraper - WARNING - CAPTCHA detectado em modo headless. Sugerindo modo visual.
2026-01-27 22:41:46,558 - src.processors.async_processor - ERROR - CAPTCHA detectado para J E J TRANSPORTE E TURISMO: CAPTCHA detectado. Execute com headless=False para resolver manualmente.
2026-01-27 22:41:46,560 - __main__ - ERROR - Erro em J E J TRANSPORTE E TURISMO: CAPTCHA: CAPTCHA detectado. Execute com headless=False para resolver manualmente.
2026-01-27 22:41:46,560 - src.processors.async_processor - WARNING - DICA: Execute novamente com headless=False para resolver CAPTCHAs manualmente
2026-01-27 22:41:46,561 - __main__ - INFO - Iniciando: RT - ROSANA TRENTIN
2026-01-27 22:41:46,562 - src.processors.async_processor - INFO - [42/371] Processando: RT - ROSANA TRENTIN
2026-01-27 22:41:46,710 - src.scrappers.google_scraper - INFO - Buscando: "RT - ROSANA TRENTIN" Mogi Mirim
2026-01-27 22:41:51,391 - src.scrappers.google_scraper - WARNING - CAPTCHA detectado via seletor: form#captcha-form
2026-01-27 22:41:51,392 - src.processors.async_processor - WARNING - CAPTCHA detectado para: RT - ROSANA TRENTIN
2026-01-27 22:41:51,406 - __main__ - WARNING - CAPTCHA: RT - ROSANA TRENTIN - CAPTCHA detectado! Aguardando resolução manual...
2026-01-27 22:41:51,407 - src.scrappers.google_scraper - WARNING - CAPTCHA detectado em modo headless. Sugerindo modo visual.
2026-01-27 22:41:51,421 - src.processors.async_processor - ERROR - CAPTCHA detectado para RT - ROSANA TRENTIN: CAPTCHA detectado. Execute com headless=False para resolver manualmente.
2026-01-27 22:41:51,424 - __main__ - ERROR - Erro em RT - ROSANA TRENTIN: CAPTCHA: CAPTCHA detectado. Execute com headless=False para resolver manualmente.
2026-01-27 22:41:51,439 - src.processors.async_processor - WARNING - DICA: Execute novamente com headless=False para resolver CAPTCHAs manualmente
2026-01-27 22:41:51,470 - __main__ - INFO - Iniciando: CEMITERIO COLINA DOS FLAMBOYANTS
2026-01-27 22:41:51,471 - src.processors.async_processor - INFO - [43/371] Processando: CEMITERIO COLINA DOS FLAMBOYANTS
2026-01-27 22:41:51,598 - src.scrappers.google_scraper - INFO - Buscando: "CEMITERIO COLINA DOS FLAMBOYANTS" Mogi Mirim
2026-01-27 22:41:55,786 - src.scrappers.google_scraper - WARNING - CAPTCHA detectado via seletor: form#captcha-form
2026-01-27 22:41:55,786 - src.processors.async_processor - WARNING - CAPTCHA detectado para: CEMITERIO COLINA DOS FLAMBOYANTS
2026-01-27 22:41:55,796 - __main__ - WARNING - CAPTCHA: CEMITERIO COLINA DOS FLAMBOYANTS - CAPTCHA detectado! Aguardando resolução manual...
2026-01-27 22:41:55,797 - src.scrappers.google_scraper - WARNING - CAPTCHA detectado em modo headless. Sugerindo modo visual.
2026-01-27 22:41:55,810 - src.processors.async_processor - ERROR - CAPTCHA detectado para CEMITERIO COLINA DOS FLAMBOYANTS: CAPTCHA detectado. Execute com headless=False para resolver manualmente.
2026-01-27 22:41:55,812 - __main__ - ERROR - Erro em CEMITERIO COLINA DOS FLAMBOYANTS: CAPTCHA: CAPTCHA detectado. Execute com headless=False para resolver manualmente.
2026-01-27 22:41:55,813 - src.processors.async_processor - WARNING - DICA: Execute novamente com headless=False para resolver CAPTCHAs manualmente
2026-01-27 22:41:55,814 - __main__ - INFO - Iniciando: SOS SUPLEMENTOS
2026-01-27 22:41:55,815 - src.processors.async_processor - INFO - [44/371] Processando: SOS SUPLEMENTOS
2026-01-27 22:41:55,946 - src.scrappers.google_scraper - INFO - Buscando: "SOS SUPLEMENTOS" Mogi Mirim
2026-01-27 22:42:00,178 - src.scrappers.google_scraper - WARNING - CAPTCHA detectado via seletor: form#captcha-form
2026-01-27 22:42:00,179 - src.processors.async_processor - WARNING - CAPTCHA detectado para: SOS SUPLEMENTOS
2026-01-27 22:42:00,189 - __main__ - WARNING - CAPTCHA: SOS SUPLEMENTOS - CAPTCHA detectado! Aguardando resolução manual...
2026-01-27 22:42:00,190 - src.scrappers.google_scraper - WARNING - CAPTCHA detectado em modo headless. Sugerindo modo visual.
2026-01-27 22:42:00,203 - src.processors.async_processor - ERROR - CAPTCHA detectado para SOS SUPLEMENTOS: CAPTCHA detectado. Execute com headless=False para resolver manualmente.
2026-01-27 22:42:00,205 - __main__ - ERROR - Erro em SOS SUPLEMENTOS: CAPTCHA: CAPTCHA detectado. Execute com headless=False para resolver manualmente.
2026-01-27 22:42:00,206 - src.processors.async_processor - WARNING - DICA: Execute novamente com headless=False para resolver CAPTCHAs manualmente
2026-01-27 22:42:00,207 - __main__ - INFO - Iniciando: SCP PARKINVEST
2026-01-27 22:42:00,208 - src.processors.async_processor - INFO - [45/371] Processando: SCP PARKINVEST
2026-01-27 22:42:00,384 - src.scrappers.google_scraper - INFO - Buscando: "SCP PARKINVEST" Mogi Mirim
2026-01-27 22:42:04,549 - src.scrappers.google_scraper - WARNING - CAPTCHA detectado via seletor: form#captcha-form
2026-01-27 22:42:04,549 - src.processors.async_processor - WARNING - CAPTCHA detectado para: SCP PARKINVEST
2026-01-27 22:42:04,558 - __main__ - WARNING - CAPTCHA: SCP PARKINVEST - CAPTCHA detectado! Aguardando resolução manual...
2026-01-27 22:42:04,559 - src.scrappers.google_scraper - WARNING - CAPTCHA detectado em modo headless. Sugerindo modo visual.
2026-01-27 22:42:04,570 - src.processors.async_processor - ERROR - CAPTCHA detectado para SCP PARKINVEST: CAPTCHA detectado. Execute com headless=False para resolver manualmente.
2026-01-27 22:42:04,572 - __main__ - ERROR - Erro em SCP PARKINVEST: CAPTCHA: CAPTCHA detectado. Execute com headless=False para resolver manualmente.
2026-01-27 22:42:04,573 - src.processors.async_processor - WARNING - DICA: Execute novamente com headless=False para resolver CAPTCHAs manualmente
2026-01-27 22:42:04,574 - __main__ - INFO - Iniciando: REFE SERVICOS DE MOTO
2026-01-27 22:42:04,622 - src.processors.async_processor - INFO - [46/371] Processando: REFE SERVICOS DE MOTO
2026-01-27 22:42:04,736 - src.scrappers.google_scraper - INFO - Buscando: "REFE SERVICOS DE MOTO" Mogi Mirim
2026-01-27 22:42:10,556 - src.scrappers.google_scraper - WARNING - CAPTCHA detectado via seletor: form#captcha-form
2026-01-27 22:42:10,557 - src.processors.async_processor - WARNING - CAPTCHA detectado para: REFE SERVICOS DE MOTO
2026-01-27 22:42:10,567 - __main__ - WARNING - CAPTCHA: REFE SERVICOS DE MOTO - CAPTCHA detectado! Aguardando resolução manual...
2026-01-27 22:42:10,568 - src.scrappers.google_scraper - WARNING - CAPTCHA detectado em modo headless. Sugerindo modo visual.
2026-01-27 22:42:10,580 - src.processors.async_processor - ERROR - CAPTCHA detectado para REFE SERVICOS DE MOTO: CAPTCHA detectado. Execute com headless=False para resolver manualmente.
2026-01-27 22:42:10,582 - __main__ - ERROR - Erro em REFE SERVICOS DE MOTO: CAPTCHA: CAPTCHA detectado. Execute com headless=False para resolver manualmente.
2026-01-27 22:42:10,583 - src.processors.async_processor - WARNING - DICA: Execute novamente com headless=False para resolver CAPTCHAs manualmente
2026-01-27 22:42:10,583 - __main__ - INFO - Iniciando: ROSELI MARIA SILVA
2026-01-27 22:42:10,585 - src.processors.async_processor - INFO - [47/371] Processando: ROSELI MARIA SILVA
2026-01-27 22:42:10,744 - src.scrappers.google_scraper - INFO - Buscando: "ROSELI MARIA SILVA" Mogi Mirim
2026-01-27 22:42:14,709 - src.scrappers.google_scraper - WARNING - CAPTCHA detectado via seletor: form#captcha-form
2026-01-27 22:42:14,709 - src.processors.async_processor - WARNING - CAPTCHA detectado para: ROSELI MARIA SILVA
2026-01-27 22:42:14,721 - __main__ - WARNING - CAPTCHA: ROSELI MARIA SILVA - CAPTCHA detectado! Aguardando resolução manual...
2026-01-27 22:42:14,722 - src.scrappers.google_scraper - WARNING - CAPTCHA detectado em modo headless. Sugerindo modo visual.
2026-01-27 22:42:14,735 - src.processors.async_processor - ERROR - CAPTCHA detectado para ROSELI MARIA SILVA: CAPTCHA detectado. Execute com headless=False para resolver manualmente.
2026-01-27 22:42:14,738 - __main__ - ERROR - Erro em ROSELI MARIA SILVA: CAPTCHA: CAPTCHA detectado. Execute com headless=False para resolver manualmente.
2026-01-27 22:42:14,739 - src.processors.async_processor - WARNING - DICA: Execute novamente com headless=False para resolver CAPTCHAs manualmente
2026-01-27 22:42:14,740 - __main__ - INFO - Iniciando: MINEIRO PRESTADORA DE SERVICOS GERAIS
2026-01-27 22:42:14,797 - src.processors.async_processor - INFO - [48/371] Processando: MINEIRO PRESTADORA DE SERVICOS GERAIS
2026-01-27 22:42:14,918 - src.scrappers.google_scraper - INFO - Buscando: "MINEIRO PRESTADORA DE SERVICOS GERAIS" Mogi Mirim
2026-01-27 22:42:19,142 - src.scrappers.google_scraper - WARNING - CAPTCHA detectado via seletor: form#captcha-form
2026-01-27 22:42:19,143 - src.processors.async_processor - WARNING - CAPTCHA detectado para: MINEIRO PRESTADORA DE SERVICOS GERAIS
2026-01-27 22:42:19,162 - __main__ - WARNING - CAPTCHA: MINEIRO PRESTADORA DE SERVICOS GERAIS - CAPTCHA detectado! Aguardando resolução manual...
2026-01-27 22:42:19,163 - src.scrappers.google_scraper - WARNING - CAPTCHA detectado em modo headless. Sugerindo modo visual.
2026-01-27 22:42:19,178 - src.processors.async_processor - ERROR - CAPTCHA detectado para MINEIRO PRESTADORA DE SERVICOS GERAIS: CAPTCHA detectado. Execute com headless=False para resolver manualmente.
2026-01-27 22:42:19,180 - __main__ - ERROR - Erro em MINEIRO PRESTADORA DE SERVICOS GERAIS: CAPTCHA: CAPTCHA detectado. Execute com headless=False para resolver manualmente.
2026-01-27 22:42:19,180 - src.processors.async_processor - WARNING - DICA: Execute novamente com headless=False para resolver CAPTCHAs manualmente
2026-01-27 22:42:19,182 - __main__ - INFO - Iniciando: DOVIGO & TOMAZ MONTAGEM E MANUTENCAO
2026-01-27 22:42:19,182 - src.processors.async_processor - INFO - [49/371] Processando: DOVIGO & TOMAZ MONTAGEM E MANUTENCAO
2026-01-27 22:42:19,330 - src.scrappers.google_scraper - INFO - Buscando: "DOVIGO & TOMAZ MONTAGEM E MANUTENCAO" Mogi Mirim
2026-01-27 22:42:23,475 - src.scrappers.google_scraper - WARNING - CAPTCHA detectado via seletor: form#captcha-form
2026-01-27 22:42:23,475 - src.processors.async_processor - WARNING - CAPTCHA detectado para: DOVIGO & TOMAZ MONTAGEM E MANUTENCAO
2026-01-27 22:42:23,486 - __main__ - WARNING - CAPTCHA: DOVIGO & TOMAZ MONTAGEM E MANUTENCAO - CAPTCHA detectado! Aguardando resolução manual...
2026-01-27 22:42:23,486 - src.scrappers.google_scraper - WARNING - CAPTCHA detectado em modo headless. Sugerindo modo visual.
2026-01-27 22:42:23,498 - src.processors.async_processor - ERROR - CAPTCHA detectado para DOVIGO & TOMAZ MONTAGEM E MANUTENCAO: CAPTCHA detectado. Execute com headless=False para resolver manualmente.
2026-01-27 22:42:23,499 - __main__ - ERROR - Erro em DOVIGO & TOMAZ MONTAGEM E MANUTENCAO: CAPTCHA: CAPTCHA detectado. Execute com headless=False para resolver manualmente.
2026-01-27 22:42:23,500 - src.processors.async_processor - WARNING - DICA: Execute novamente com headless=False para resolver CAPTCHAs manualmente
2026-01-27 22:42:23,501 - __main__ - INFO - Iniciando: BAR SEIS CORACOES
2026-01-27 22:42:23,502 - src.processors.async_processor - INFO - [50/371] Processando: BAR SEIS CORACOES
2026-01-27 22:42:23,695 - src.scrappers.google_scraper - INFO - Buscando: "BAR SEIS CORACOES" Mogi Mirim
2026-01-27 22:42:28,154 - src.scrappers.google_scraper - WARNING - CAPTCHA detectado via seletor: form#captcha-form
2026-01-27 22:42:28,154 - src.processors.async_processor - WARNING - CAPTCHA detectado para: BAR SEIS CORACOES
2026-01-27 22:42:28,167 - __main__ - WARNING - CAPTCHA: BAR SEIS CORACOES - CAPTCHA detectado! Aguardando resolução manual...
2026-01-27 22:42:28,167 - src.scrappers.google_scraper - WARNING - CAPTCHA detectado em modo headless. Sugerindo modo visual.
2026-01-27 22:42:28,182 - src.processors.async_processor - ERROR - CAPTCHA detectado para BAR SEIS CORACOES: CAPTCHA detectado. Execute com headless=False para resolver manualmente.
2026-01-27 22:42:28,184 - __main__ - ERROR - Erro em BAR SEIS CORACOES: CAPTCHA: CAPTCHA detectado. Execute com headless=False para resolver manualmente.
2026-01-27 22:42:28,187 - src.processors.async_processor - WARNING - DICA: Execute novamente com headless=False para resolver CAPTCHAs manualmente
2026-01-27 22:42:28,191 - __main__ - INFO - Iniciando: COMUNIDADE 9 PEONIA
2026-01-27 22:42:28,253 - src.processors.async_processor - INFO - [51/371] Processando: COMUNIDADE 9 PEONIA
2026-01-27 22:42:28,383 - src.scrappers.google_scraper - INFO - Buscando: "COMUNIDADE 9 PEONIA" Mogi Mirim
2026-01-27 22:42:32,426 - src.scrappers.google_scraper - WARNING - CAPTCHA detectado via seletor: form#captcha-form
2026-01-27 22:42:32,426 - src.processors.async_processor - WARNING - CAPTCHA detectado para: COMUNIDADE 9 PEONIA
2026-01-27 22:42:32,437 - __main__ - WARNING - CAPTCHA: COMUNIDADE 9 PEONIA - CAPTCHA detectado! Aguardando resolução manual...
2026-01-27 22:42:32,437 - src.scrappers.google_scraper - WARNING - CAPTCHA detectado em modo headless. Sugerindo modo visual.
2026-01-27 22:42:32,449 - src.processors.async_processor - ERROR - CAPTCHA detectado para COMUNIDADE 9 PEONIA: CAPTCHA detectado. Execute com headless=False para resolver manualmente.
2026-01-27 22:42:32,452 - __main__ - ERROR - Erro em COMUNIDADE 9 PEONIA: CAPTCHA: CAPTCHA detectado. Execute com headless=False para resolver manualmente.
2026-01-27 22:42:32,453 - src.processors.async_processor - WARNING - DICA: Execute novamente com headless=False para resolver CAPTCHAs manualmente
2026-01-27 22:42:32,454 - __main__ - INFO - Iniciando: GRAPE STORE MODA FEMININA
2026-01-27 22:42:32,455 - src.processors.async_processor - INFO - [52/371] Processando: GRAPE STORE MODA FEMININA
2026-01-27 22:42:32,656 - src.scrappers.google_scraper - INFO - Buscando: "GRAPE STORE MODA FEMININA" Mogi Mirim
2026-01-27 22:42:36,984 - src.scrappers.google_scraper - WARNING - CAPTCHA detectado via seletor: form#captcha-form
2026-01-27 22:42:36,984 - src.processors.async_processor - WARNING - CAPTCHA detectado para: GRAPE STORE MODA FEMININA
2026-01-27 22:42:36,995 - __main__ - WARNING - CAPTCHA: GRAPE STORE MODA FEMININA - CAPTCHA detectado! Aguardando resolução manual...
2026-01-27 22:42:36,995 - src.scrappers.google_scraper - WARNING - CAPTCHA detectado em modo headless. Sugerindo modo visual.
2026-01-27 22:42:37,008 - src.processors.async_processor - ERROR - CAPTCHA detectado para GRAPE STORE MODA FEMININA: CAPTCHA detectado. Execute com headless=False para resolver manualmente.
2026-01-27 22:42:37,010 - __main__ - ERROR - Erro em GRAPE STORE MODA FEMININA: CAPTCHA: CAPTCHA detectado. Execute com headless=False para resolver manualmente.
2026-01-27 22:42:37,011 - src.processors.async_processor - WARNING - DICA: Execute novamente com headless=False para resolver CAPTCHAs manualmente
2026-01-27 22:42:37,013 - __main__ - INFO - Iniciando: NUCOPO
2026-01-27 22:42:37,015 - src.processors.async_processor - INFO - [53/371] Processando: NUCOPO
2026-01-27 22:42:37,164 - src.scrappers.google_scraper - INFO - Buscando: "NUCOPO" Mogi Mirim
2026-01-27 22:42:42,201 - src.scrappers.google_scraper - WARNING - CAPTCHA detectado via seletor: form#captcha-form
2026-01-27 22:42:42,201 - src.processors.async_processor - WARNING - CAPTCHA detectado para: NUCOPO
2026-01-27 22:42:42,209 - __main__ - WARNING - CAPTCHA: NUCOPO - CAPTCHA detectado! Aguardando resolução manual...
2026-01-27 22:42:42,210 - src.scrappers.google_scraper - WARNING - CAPTCHA detectado em modo headless. Sugerindo modo visual.
2026-01-27 22:42:42,222 - src.processors.async_processor - ERROR - CAPTCHA detectado para NUCOPO: CAPTCHA detectado. Execute com headless=False para resolver manualmente.
2026-01-27 22:42:42,224 - __main__ - ERROR - Erro em NUCOPO: CAPTCHA: CAPTCHA detectado. Execute com headless=False para resolver manualmente.
2026-01-27 22:42:42,225 - src.processors.async_processor - WARNING - DICA: Execute novamente com headless=False para resolver CAPTCHAs manualmente
2026-01-27 22:42:42,226 - __main__ - INFO - Iniciando: BF TRANSPORTES
2026-01-27 22:42:42,227 - src.processors.async_processor - INFO - [54/371] Processando: BF TRANSPORTES
2026-01-27 22:42:42,362 - src.scrappers.google_scraper - INFO - Buscando: "BF TRANSPORTES" Mogi Mirim
2026-01-27 22:42:47,218 - src.scrappers.google_scraper - WARNING - CAPTCHA detectado via seletor: form#captcha-form
2026-01-27 22:42:47,218 - src.processors.async_processor - WARNING - CAPTCHA detectado para: BF TRANSPORTES
2026-01-27 22:42:47,228 - __main__ - WARNING - CAPTCHA: BF TRANSPORTES - CAPTCHA detectado! Aguardando resolução manual...
2026-01-27 22:42:47,228 - src.scrappers.google_scraper - WARNING - CAPTCHA detectado em modo headless. Sugerindo modo visual.
2026-01-27 22:42:47,240 - src.processors.async_processor - ERROR - CAPTCHA detectado para BF TRANSPORTES: CAPTCHA detectado. Execute com headless=False para resolver manualmente.
2026-01-27 22:42:47,242 - __main__ - ERROR - Erro em BF TRANSPORTES: CAPTCHA: CAPTCHA detectado. Execute com headless=False para resolver manualmente.
2026-01-27 22:42:47,243 - src.processors.async_processor - WARNING - DICA: Execute novamente com headless=False para resolver CAPTCHAs manualmente
2026-01-27 22:42:47,244 - __main__ - INFO - Iniciando: ELAINE CONFECCOES
2026-01-27 22:42:47,245 - src.processors.async_processor - INFO - [55/371] Processando: ELAINE CONFECCOES
2026-01-27 22:42:47,394 - src.scrappers.google_scraper - INFO - Buscando: "ELAINE CONFECCOES" Mogi Mirim
2026-01-27 22:42:51,921 - src.scrappers.google_scraper - WARNING - CAPTCHA detectado via seletor: form#captcha-form
2026-01-27 22:42:51,921 - src.processors.async_processor - WARNING - CAPTCHA detectado para: ELAINE CONFECCOES
2026-01-27 22:42:51,932 - __main__ - WARNING - CAPTCHA: ELAINE CONFECCOES - CAPTCHA detectado! Aguardando resolução manual...
2026-01-27 22:42:51,932 - src.scrappers.google_scraper - WARNING - CAPTCHA detectado em modo headless. Sugerindo modo visual.
2026-01-27 22:42:51,944 - src.processors.async_processor - ERROR - CAPTCHA detectado para ELAINE CONFECCOES: CAPTCHA detectado. Execute com headless=False para resolver manualmente.
2026-01-27 22:42:51,946 - __main__ - ERROR - Erro em ELAINE CONFECCOES: CAPTCHA: CAPTCHA detectado. Execute com headless=False para resolver manualmente.
2026-01-27 22:42:51,946 - src.processors.async_processor - WARNING - DICA: Execute novamente com headless=False para resolver CAPTCHAs manualmente
2026-01-27 22:42:51,948 - __main__ - INFO - Iniciando: A T SERRALHERIA
2026-01-27 22:42:51,949 - src.processors.async_processor - INFO - [56/371] Processando: A T SERRALHERIA
2026-01-27 22:42:52,079 - src.scrappers.google_scraper - INFO - Buscando: "A T SERRALHERIA" Mogi Mirim
2026-01-27 22:42:56,333 - src.scrappers.google_scraper - WARNING - CAPTCHA detectado via seletor: form#captcha-form
2026-01-27 22:42:56,333 - src.processors.async_processor - WARNING - CAPTCHA detectado para: A T SERRALHERIA
2026-01-27 22:42:56,344 - __main__ - WARNING - CAPTCHA: A T SERRALHERIA - CAPTCHA detectado! Aguardando resolução manual...
2026-01-27 22:42:56,345 - src.scrappers.google_scraper - WARNING - CAPTCHA detectado em modo headless. Sugerindo modo visual.
2026-01-27 22:42:56,359 - src.processors.async_processor - ERROR - CAPTCHA detectado para A T SERRALHERIA: CAPTCHA detectado. Execute com headless=False para resolver manualmente.
2026-01-27 22:42:56,361 - __main__ - ERROR - Erro em A T SERRALHERIA: CAPTCHA: CAPTCHA detectado. Execute com headless=False para resolver manualmente.
2026-01-27 22:42:56,362 - src.processors.async_processor - WARNING - DICA: Execute novamente com headless=False para resolver CAPTCHAs manualmente
2026-01-27 22:42:56,362 - __main__ - INFO - Iniciando: NELUX
2026-01-27 22:42:56,364 - src.processors.async_processor - INFO - [57/371] Processando: NELUX
2026-01-27 22:42:56,504 - src.scrappers.google_scraper - INFO - Buscando: "NELUX" Mogi Mirim
2026-01-27 22:43:00,534 - src.scrappers.google_scraper - WARNING - CAPTCHA detectado via seletor: form#captcha-form
2026-01-27 22:43:00,534 - src.processors.async_processor - WARNING - CAPTCHA detectado para: NELUX
2026-01-27 22:43:00,547 - __main__ - WARNING - CAPTCHA: NELUX - CAPTCHA detectado! Aguardando resolução manual...
2026-01-27 22:43:00,547 - src.scrappers.google_scraper - WARNING - CAPTCHA detectado em modo headless. Sugerindo modo visual.
2026-01-27 22:43:00,561 - src.processors.async_processor - ERROR - CAPTCHA detectado para NELUX: CAPTCHA detectado. Execute com headless=False para resolver manualmente.
2026-01-27 22:43:00,564 - __main__ - ERROR - Erro em NELUX: CAPTCHA: CAPTCHA detectado. Execute com headless=False para resolver manualmente.
2026-01-27 22:43:00,564 - src.processors.async_processor - WARNING - DICA: Execute novamente com headless=False para resolver CAPTCHAs manualmente
2026-01-27 22:43:00,565 - __main__ - INFO - Iniciando: YMKD
2026-01-27 22:43:00,567 - src.processors.async_processor - INFO - [58/371] Processando: YMKD
2026-01-27 22:43:00,710 - src.scrappers.google_scraper - INFO - Buscando: "YMKD" Mogi Mirim
2026-01-27 22:43:05,662 - src.scrappers.google_scraper - WARNING - CAPTCHA detectado via seletor: form#captcha-form
2026-01-27 22:43:05,663 - src.processors.async_processor - WARNING - CAPTCHA detectado para: YMKD
2026-01-27 22:43:05,670 - __main__ - WARNING - CAPTCHA: YMKD - CAPTCHA detectado! Aguardando resolução manual...
2026-01-27 22:43:05,670 - src.scrappers.google_scraper - WARNING - CAPTCHA detectado em modo headless. Sugerindo modo visual.
2026-01-27 22:43:05,684 - src.processors.async_processor - ERROR - CAPTCHA detectado para YMKD: CAPTCHA detectado. Execute com headless=False para resolver manualmente.
2026-01-27 22:43:05,687 - __main__ - ERROR - Erro em YMKD: CAPTCHA: CAPTCHA detectado. Execute com headless=False para resolver manualmente.
2026-01-27 22:43:05,688 - src.processors.async_processor - WARNING - DICA: Execute novamente com headless=False para resolver CAPTCHAs manualmente
2026-01-27 22:43:05,689 - __main__ - INFO - Iniciando: MCR CHURRASQUINHO
2026-01-27 22:43:05,690 - src.processors.async_processor - INFO - [59/371] Processando: MCR CHURRASQUINHO
2026-01-27 22:43:05,861 - src.scrappers.google_scraper - INFO - Buscando: "MCR CHURRASQUINHO" Mogi Mirim
2026-01-27 22:43:10,534 - src.scrappers.google_scraper - WARNING - CAPTCHA detectado via seletor: form#captcha-form
2026-01-27 22:43:10,535 - src.processors.async_processor - WARNING - CAPTCHA detectado para: MCR CHURRASQUINHO
2026-01-27 22:43:10,545 - __main__ - WARNING - CAPTCHA: MCR CHURRASQUINHO - CAPTCHA detectado! Aguardando resolução manual...
2026-01-27 22:43:10,546 - src.scrappers.google_scraper - WARNING - CAPTCHA detectado em modo headless. Sugerindo modo visual.
2026-01-27 22:43:10,559 - src.processors.async_processor - ERROR - CAPTCHA detectado para MCR CHURRASQUINHO: CAPTCHA detectado. Execute com headless=False para resolver manualmente.
2026-01-27 22:43:10,561 - __main__ - ERROR - Erro em MCR CHURRASQUINHO: CAPTCHA: CAPTCHA detectado. Execute com headless=False para resolver manualmente.
2026-01-27 22:43:10,561 - src.processors.async_processor - WARNING - DICA: Execute novamente com headless=False para resolver CAPTCHAs manualmente
2026-01-27 22:43:10,562 - __main__ - INFO - Iniciando: DROGAL MOGI MIRIM
2026-01-27 22:43:10,564 - src.processors.async_processor - INFO - [60/371] Processando: DROGAL MOGI MIRIM
2026-01-27 22:43:10,709 - src.scrappers.google_scraper - INFO - Buscando: "DROGAL MOGI MIRIM" Mogi Mirim
2026-01-27 22:43:15,731 - src.scrappers.google_scraper - WARNING - CAPTCHA detectado via seletor: form#captcha-form
2026-01-27 22:43:15,731 - src.processors.async_processor - WARNING - CAPTCHA detectado para: DROGAL MOGI MIRIM
2026-01-27 22:43:15,741 - __main__ - WARNING - CAPTCHA: DROGAL MOGI MIRIM - CAPTCHA detectado! Aguardando resolução manual...
2026-01-27 22:43:15,742 - src.scrappers.google_scraper - WARNING - CAPTCHA detectado em modo headless. Sugerindo modo visual.
2026-01-27 22:43:15,755 - src.processors.async_processor - ERROR - CAPTCHA detectado para DROGAL MOGI MIRIM: CAPTCHA detectado. Execute com headless=False para resolver manualmente.
2026-01-27 22:43:15,757 - __main__ - ERROR - Erro em DROGAL MOGI MIRIM: CAPTCHA: CAPTCHA detectado. Execute com headless=False para resolver manualmente.
2026-01-27 22:43:15,757 - src.processors.async_processor - WARNING - DICA: Execute novamente com headless=False para resolver CAPTCHAs manualmente
2026-01-27 22:43:15,801 - __main__ - INFO - Iniciando: ESTETICA FACIAL
2026-01-27 22:43:15,802 - src.processors.async_processor - INFO - [61/371] Processando: ESTETICA FACIAL
2026-01-27 22:43:15,924 - src.scrappers.google_scraper - INFO - Buscando: "ESTETICA FACIAL" Mogi Mirim
2026-01-27 22:43:20,422 - src.scrappers.google_scraper - WARNING - CAPTCHA detectado via seletor: form#captcha-form
2026-01-27 22:43:20,422 - src.processors.async_processor - WARNING - CAPTCHA detectado para: ESTETICA FACIAL
2026-01-27 22:43:20,431 - __main__ - WARNING - CAPTCHA: ESTETICA FACIAL - CAPTCHA detectado! Aguardando resolução manual...
2026-01-27 22:43:20,432 - src.scrappers.google_scraper - WARNING - CAPTCHA detectado em modo headless. Sugerindo modo visual.
2026-01-27 22:43:20,443 - src.processors.async_processor - ERROR - CAPTCHA detectado para ESTETICA FACIAL: CAPTCHA detectado. Execute com headless=False para resolver manualmente.
2026-01-27 22:43:20,445 - __main__ - ERROR - Erro em ESTETICA FACIAL: CAPTCHA: CAPTCHA detectado. Execute com headless=False para resolver manualmente.
2026-01-27 22:43:20,446 - src.processors.async_processor - WARNING - DICA: Execute novamente com headless=False para resolver CAPTCHAs manualmente
2026-01-27 22:43:20,447 - __main__ - INFO - Iniciando: LARANJA CAFE
2026-01-27 22:43:20,448 - src.processors.async_processor - INFO - [62/371] Processando: LARANJA CAFE
2026-01-27 22:43:20,601 - src.scrappers.google_scraper - INFO - Buscando: "LARANJA CAFE" Mogi Mirim
2026-01-27 22:43:25,221 - src.scrappers.google_scraper - WARNING - CAPTCHA detectado via seletor: form#captcha-form
2026-01-27 22:43:25,222 - src.processors.async_processor - WARNING - CAPTCHA detectado para: LARANJA CAFE
2026-01-27 22:43:25,231 - __main__ - WARNING - CAPTCHA: LARANJA CAFE - CAPTCHA detectado! Aguardando resolução manual...
2026-01-27 22:43:25,231 - src.scrappers.google_scraper - WARNING - CAPTCHA detectado em modo headless. Sugerindo modo visual.
2026-01-27 22:43:25,243 - src.processors.async_processor - ERROR - CAPTCHA detectado para LARANJA CAFE: CAPTCHA detectado. Execute com headless=False para resolver manualmente.
2026-01-27 22:43:25,245 - __main__ - ERROR - Erro em LARANJA CAFE: CAPTCHA: CAPTCHA detectado. Execute com headless=False para resolver manualmente.
2026-01-27 22:43:25,246 - src.processors.async_processor - WARNING - DICA: Execute novamente com headless=False para resolver CAPTCHAs manualmente
2026-01-27 22:43:25,247 - __main__ - INFO - Iniciando: AGRO TERRA
2026-01-27 22:43:25,248 - src.processors.async_processor - INFO - [63/371] Processando: AGRO TERRA
2026-01-27 22:43:25,390 - src.scrappers.google_scraper - INFO - Buscando: "AGRO TERRA" Mogi Mirim
2026-01-27 22:43:29,958 - src.scrappers.google_scraper - WARNING - CAPTCHA detectado via seletor: form#captcha-form
2026-01-27 22:43:29,958 - src.processors.async_processor - WARNING - CAPTCHA detectado para: AGRO TERRA
2026-01-27 22:43:29,968 - __main__ - WARNING - CAPTCHA: AGRO TERRA - CAPTCHA detectado! Aguardando resolução manual...
2026-01-27 22:43:29,970 - src.scrappers.google_scraper - WARNING - CAPTCHA detectado em modo headless. Sugerindo modo visual.
2026-01-27 22:43:29,982 - src.processors.async_processor - ERROR - CAPTCHA detectado para AGRO TERRA: CAPTCHA detectado. Execute com headless=False para resolver manualmente.
2026-01-27 22:43:29,985 - __main__ - ERROR - Erro em AGRO TERRA: CAPTCHA: CAPTCHA detectado. Execute com headless=False para resolver manualmente.
2026-01-27 22:43:29,985 - src.processors.async_processor - WARNING - DICA: Execute novamente com headless=False para resolver CAPTCHAs manualmente
2026-01-27 22:43:29,986 - __main__ - INFO - Iniciando: GRS CLIMATIZACAO
2026-01-27 22:43:29,988 - src.processors.async_processor - INFO - [64/371] Processando: GRS CLIMATIZACAO
2026-01-27 22:43:30,205 - src.scrappers.google_scraper - INFO - Buscando: "GRS CLIMATIZACAO" Mogi Mirim
2026-01-27 22:43:34,874 - src.scrappers.google_scraper - WARNING - CAPTCHA detectado via seletor: form#captcha-form
2026-01-27 22:43:34,874 - src.processors.async_processor - WARNING - CAPTCHA detectado para: GRS CLIMATIZACAO
2026-01-27 22:43:34,884 - __main__ - WARNING - CAPTCHA: GRS CLIMATIZACAO - CAPTCHA detectado! Aguardando resolução manual...
2026-01-27 22:43:34,885 - src.scrappers.google_scraper - WARNING - CAPTCHA detectado em modo headless. Sugerindo modo visual.
2026-01-27 22:43:34,896 - src.processors.async_processor - ERROR - CAPTCHA detectado para GRS CLIMATIZACAO: CAPTCHA detectado. Execute com headless=False para resolver manualmente.
2026-01-27 22:43:34,898 - __main__ - ERROR - Erro em GRS CLIMATIZACAO: CAPTCHA: CAPTCHA detectado. Execute com headless=False para resolver manualmente.
2026-01-27 22:43:34,898 - src.processors.async_processor - WARNING - DICA: Execute novamente com headless=False para resolver CAPTCHAs manualmente
2026-01-27 22:43:34,899 - __main__ - INFO - Iniciando: LANCHONETE GRASSI
2026-01-27 22:43:34,900 - src.processors.async_processor - INFO - [65/371] Processando: LANCHONETE GRASSI
2026-01-27 22:43:35,030 - src.scrappers.google_scraper - INFO - Buscando: "LANCHONETE GRASSI" Mogi Mirim
2026-01-27 22:43:40,111 - src.scrappers.google_scraper - WARNING - CAPTCHA detectado via seletor: form#captcha-form
2026-01-27 22:43:40,111 - src.processors.async_processor - WARNING - CAPTCHA detectado para: LANCHONETE GRASSI
2026-01-27 22:43:40,124 - __main__ - WARNING - CAPTCHA: LANCHONETE GRASSI - CAPTCHA detectado! Aguardando resolução manual...
2026-01-27 22:43:40,125 - src.scrappers.google_scraper - WARNING - CAPTCHA detectado em modo headless. Sugerindo modo visual.
2026-01-27 22:43:40,137 - src.processors.async_processor - ERROR - CAPTCHA detectado para LANCHONETE GRASSI: CAPTCHA detectado. Execute com headless=False para resolver manualmente.
2026-01-27 22:43:40,140 - __main__ - ERROR - Erro em LANCHONETE GRASSI: CAPTCHA: CAPTCHA detectado. Execute com headless=False para resolver manualmente.
2026-01-27 22:43:40,140 - src.processors.async_processor - WARNING - DICA: Execute novamente com headless=False para resolver CAPTCHAs manualmente
2026-01-27 22:43:40,185 - __main__ - INFO - Iniciando: SERENA VEST
2026-01-27 22:43:40,186 - src.processors.async_processor - INFO - [66/371] Processando: SERENA VEST
2026-01-27 22:43:40,315 - src.scrappers.google_scraper - INFO - Buscando: "SERENA VEST" Mogi Mirim
2026-01-27 22:43:45,082 - src.scrappers.google_scraper - WARNING - CAPTCHA detectado via seletor: form#captcha-form
2026-01-27 22:43:45,082 - src.processors.async_processor - WARNING - CAPTCHA detectado para: SERENA VEST
2026-01-27 22:43:45,092 - __main__ - WARNING - CAPTCHA: SERENA VEST - CAPTCHA detectado! Aguardando resolução manual...
2026-01-27 22:43:45,092 - src.scrappers.google_scraper - WARNING - CAPTCHA detectado em modo headless. Sugerindo modo visual.
2026-01-27 22:43:45,104 - src.processors.async_processor - ERROR - CAPTCHA detectado para SERENA VEST: CAPTCHA detectado. Execute com headless=False para resolver manualmente.
2026-01-27 22:43:45,106 - __main__ - ERROR - Erro em SERENA VEST: CAPTCHA: CAPTCHA detectado. Execute com headless=False para resolver manualmente.
2026-01-27 22:43:45,107 - src.processors.async_processor - WARNING - DICA: Execute novamente com headless=False para resolver CAPTCHAs manualmente
2026-01-27 22:43:45,108 - __main__ - INFO - Iniciando: FATIMA
2026-01-27 22:43:45,158 - src.processors.async_processor - INFO - [67/371] Processando: FATIMA
2026-01-27 22:43:45,302 - src.scrappers.google_scraper - INFO - Buscando: "FATIMA" Mogi Mirim
2026-01-27 22:43:49,797 - src.scrappers.google_scraper - WARNING - CAPTCHA detectado via seletor: form#captcha-form
2026-01-27 22:43:49,797 - src.processors.async_processor - WARNING - CAPTCHA detectado para: FATIMA
2026-01-27 22:43:49,807 - __main__ - WARNING - CAPTCHA: FATIMA - CAPTCHA detectado! Aguardando resolução manual...
2026-01-27 22:43:49,807 - src.scrappers.google_scraper - WARNING - CAPTCHA detectado em modo headless. Sugerindo modo visual.
2026-01-27 22:43:49,817 - src.processors.async_processor - ERROR - CAPTCHA detectado para FATIMA: CAPTCHA detectado. Execute com headless=False para resolver manualmente.
2026-01-27 22:43:49,820 - __main__ - ERROR - Erro em FATIMA: CAPTCHA: CAPTCHA detectado. Execute com headless=False para resolver manualmente.
2026-01-27 22:43:49,820 - src.processors.async_processor - WARNING - DICA: Execute novamente com headless=False para resolver CAPTCHAs manualmente
2026-01-27 22:43:49,822 - __main__ - INFO - Iniciando: ***
2026-01-27 22:43:49,823 - src.processors.async_processor - INFO - [68/371] Processando: ***
2026-01-27 22:43:49,980 - src.scrappers.google_scraper - INFO - Buscando: "***" Mogi Mirim
2026-01-27 22:43:54,124 - src.scrappers.google_scraper - WARNING - CAPTCHA detectado via seletor: form#captcha-form
2026-01-27 22:43:54,124 - src.processors.async_processor - WARNING - CAPTCHA detectado para: ***
2026-01-27 22:43:54,137 - __main__ - WARNING - CAPTCHA: *** - CAPTCHA detectado! Aguardando resolução manual...
2026-01-27 22:43:54,138 - src.scrappers.google_scraper - WARNING - CAPTCHA detectado em modo headless. Sugerindo modo visual.
2026-01-27 22:43:54,152 - src.processors.async_processor - ERROR - CAPTCHA detectado para ***: CAPTCHA detectado. Execute com headless=False para resolver manualmente.
2026-01-27 22:43:54,154 - __main__ - ERROR - Erro em ***: CAPTCHA: CAPTCHA detectado. Execute com headless=False para resolver manualmente.
2026-01-27 22:43:54,155 - src.processors.async_processor - WARNING - DICA: Execute novamente com headless=False para resolver CAPTCHAs manualmente
2026-01-27 22:43:54,156 - __main__ - INFO - Iniciando: JURUA HOLDING
2026-01-27 22:43:54,157 - src.processors.async_processor - INFO - [69/371] Processando: JURUA HOLDING
2026-01-27 22:43:54,398 - src.scrappers.google_scraper - INFO - Buscando: "JURUA HOLDING" Mogi Mirim
2026-01-27 22:43:59,229 - src.scrappers.google_scraper - WARNING - CAPTCHA detectado via seletor: form#captcha-form
2026-01-27 22:43:59,229 - src.processors.async_processor - WARNING - CAPTCHA detectado para: JURUA HOLDING
2026-01-27 22:43:59,240 - __main__ - WARNING - CAPTCHA: JURUA HOLDING - CAPTCHA detectado! Aguardando resolução manual...
2026-01-27 22:43:59,241 - src.scrappers.google_scraper - WARNING - CAPTCHA detectado em modo headless. Sugerindo modo visual.
2026-01-27 22:43:59,255 - src.processors.async_processor - ERROR - CAPTCHA detectado para JURUA HOLDING: CAPTCHA detectado. Execute com headless=False para resolver manualmente.
2026-01-27 22:43:59,257 - __main__ - ERROR - Erro em JURUA HOLDING: CAPTCHA: CAPTCHA detectado. Execute com headless=False para resolver manualmente.
2026-01-27 22:43:59,273 - src.processors.async_processor - WARNING - DICA: Execute novamente com headless=False para resolver CAPTCHAs manualmente
2026-01-27 22:43:59,318 - __main__ - INFO - Iniciando: CPTEDESCHI ASSESSORIA E MANUTENCAO
2026-01-27 22:43:59,319 - src.processors.async_processor - INFO - [70/371] Processando: CPTEDESCHI ASSESSORIA E MANUTENCAO
2026-01-27 22:43:59,439 - src.scrappers.google_scraper - INFO - Buscando: "CPTEDESCHI ASSESSORIA E MANUTENCAO" Mogi Mirim
2026-01-27 22:44:03,683 - src.scrappers.google_scraper - WARNING - CAPTCHA detectado via seletor: form#captcha-form
2026-01-27 22:44:03,684 - src.processors.async_processor - WARNING - CAPTCHA detectado para: CPTEDESCHI ASSESSORIA E MANUTENCAO
2026-01-27 22:44:03,687 - __main__ - WARNING - CAPTCHA: CPTEDESCHI ASSESSORIA E MANUTENCAO - CAPTCHA detectado! Aguardando resolução manual...
2026-01-27 22:44:03,687 - src.scrappers.google_scraper - WARNING - CAPTCHA detectado em modo headless. Sugerindo modo visual.
2026-01-27 22:44:03,754 - src.processors.async_processor - ERROR - CAPTCHA detectado para CPTEDESCHI ASSESSORIA E MANUTENCAO: CAPTCHA detectado. Execute com headless=False para resolver manualmente.
2026-01-27 22:44:03,757 - __main__ - ERROR - Erro em CPTEDESCHI ASSESSORIA E MANUTENCAO: CAPTCHA: CAPTCHA detectado. Execute com headless=False para resolver manualmente.
2026-01-27 22:44:03,757 - src.processors.async_processor - WARNING - DICA: Execute novamente com headless=False para resolver CAPTCHAs manualmente
2026-01-27 22:44:03,758 - __main__ - INFO - Iniciando: MH MANUTENCOES
2026-01-27 22:44:03,759 - src.processors.async_processor - INFO - [71/371] Processando: MH MANUTENCOES
2026-01-27 22:44:03,906 - src.scrappers.google_scraper - INFO - Buscando: "MH MANUTENCOES" Mogi Mirim
2026-01-27 22:44:07,958 - src.scrappers.google_scraper - WARNING - CAPTCHA detectado via seletor: form#captcha-form
2026-01-27 22:44:07,958 - src.processors.async_processor - WARNING - CAPTCHA detectado para: MH MANUTENCOES
2026-01-27 22:44:07,970 - __main__ - WARNING - CAPTCHA: MH MANUTENCOES - CAPTCHA detectado! Aguardando resolução manual...
2026-01-27 22:44:07,971 - src.scrappers.google_scraper - WARNING - CAPTCHA detectado em modo headless. Sugerindo modo visual.
2026-01-27 22:44:07,982 - src.processors.async_processor - ERROR - CAPTCHA detectado para MH MANUTENCOES: CAPTCHA detectado. Execute com headless=False para resolver manualmente.
2026-01-27 22:44:07,985 - __main__ - ERROR - Erro em MH MANUTENCOES: CAPTCHA: CAPTCHA detectado. Execute com headless=False para resolver manualmente.
2026-01-27 22:44:07,986 - src.processors.async_processor - WARNING - DICA: Execute novamente com headless=False para resolver CAPTCHAs manualmente
2026-01-27 22:44:07,987 - __main__ - INFO - Iniciando: VIVA TURSIMO
2026-01-27 22:44:07,988 - src.processors.async_processor - INFO - [72/371] Processando: VIVA TURSIMO
2026-01-27 22:44:08,190 - src.scrappers.google_scraper - INFO - Buscando: "VIVA TURSIMO" Mogi Mirim
2026-01-27 22:44:12,456 - src.scrappers.google_scraper - WARNING - CAPTCHA detectado via seletor: form#captcha-form
2026-01-27 22:44:12,456 - src.processors.async_processor - WARNING - CAPTCHA detectado para: VIVA TURSIMO
2026-01-27 22:44:12,466 - __main__ - WARNING - CAPTCHA: VIVA TURSIMO - CAPTCHA detectado! Aguardando resolução manual...
2026-01-27 22:44:12,466 - src.scrappers.google_scraper - WARNING - CAPTCHA detectado em modo headless. Sugerindo modo visual.
2026-01-27 22:44:12,477 - src.processors.async_processor - ERROR - CAPTCHA detectado para VIVA TURSIMO: CAPTCHA detectado. Execute com headless=False para resolver manualmente.
2026-01-27 22:44:12,479 - __main__ - ERROR - Erro em VIVA TURSIMO: CAPTCHA: CAPTCHA detectado. Execute com headless=False para resolver manualmente.
2026-01-27 22:44:12,479 - src.processors.async_processor - WARNING - DICA: Execute novamente com headless=False para resolver CAPTCHAs manualmente
2026-01-27 22:44:12,480 - __main__ - INFO - Iniciando: ECOPRINT
2026-01-27 22:44:12,481 - src.processors.async_processor - INFO - [73/371] Processando: ECOPRINT
2026-01-27 22:44:12,597 - src.scrappers.google_scraper - INFO - Buscando: "ECOPRINT" Mogi Mirim
2026-01-27 22:44:16,564 - src.scrappers.google_scraper - WARNING - CAPTCHA detectado via seletor: form#captcha-form
2026-01-27 22:44:16,565 - src.processors.async_processor - WARNING - CAPTCHA detectado para: ECOPRINT
2026-01-27 22:44:16,576 - __main__ - WARNING - CAPTCHA: ECOPRINT - CAPTCHA detectado! Aguardando resolução manual...
2026-01-27 22:44:16,576 - src.scrappers.google_scraper - WARNING - CAPTCHA detectado em modo headless. Sugerindo modo visual.
2026-01-27 22:44:16,587 - src.processors.async_processor - ERROR - CAPTCHA detectado para ECOPRINT: CAPTCHA detectado. Execute com headless=False para resolver manualmente.
2026-01-27 22:44:16,590 - __main__ - ERROR - Erro em ECOPRINT: CAPTCHA: CAPTCHA detectado. Execute com headless=False para resolver manualmente.
2026-01-27 22:44:16,606 - src.processors.async_processor - WARNING - DICA: Execute novamente com headless=False para resolver CAPTCHAs manualmente
2026-01-27 22:44:16,634 - __main__ - INFO - Iniciando: ADALBERTO PEDROSO GASTRONOMIA
2026-01-27 22:44:16,635 - src.processors.async_processor - INFO - [74/371] Processando: ADALBERTO PEDROSO GASTRONOMIA
2026-01-27 22:44:16,744 - src.scrappers.google_scraper - INFO - Buscando: "ADALBERTO PEDROSO GASTRONOMIA" Mogi Mirim
2026-01-27 22:44:21,533 - src.scrappers.google_scraper - WARNING - CAPTCHA detectado via seletor: form#captcha-form
2026-01-27 22:44:21,533 - src.processors.async_processor - WARNING - CAPTCHA detectado para: ADALBERTO PEDROSO GASTRONOMIA
2026-01-27 22:44:21,543 - __main__ - WARNING - CAPTCHA: ADALBERTO PEDROSO GASTRONOMIA - CAPTCHA detectado! Aguardando resolução manual...
2026-01-27 22:44:21,544 - src.scrappers.google_scraper - WARNING - CAPTCHA detectado em modo headless. Sugerindo modo visual.
2026-01-27 22:44:21,556 - src.processors.async_processor - ERROR - CAPTCHA detectado para ADALBERTO PEDROSO GASTRONOMIA: CAPTCHA detectado. Execute com headless=False para resolver manualmente.
2026-01-27 22:44:21,559 - __main__ - ERROR - Erro em ADALBERTO PEDROSO GASTRONOMIA: CAPTCHA: CAPTCHA detectado. Execute com headless=False para resolver manualmente.
2026-01-27 22:44:21,559 - src.processors.async_processor - WARNING - DICA: Execute novamente com headless=False para resolver CAPTCHAs manualmente
2026-01-27 22:44:21,560 - __main__ - INFO - Iniciando: M&G DISK BEER
2026-01-27 22:44:21,561 - src.processors.async_processor - INFO - [75/371] Processando: M&G DISK BEER
2026-01-27 22:44:21,716 - src.scrappers.google_scraper - INFO - Buscando: "M&G DISK BEER" Mogi Mirim
2026-01-27 22:44:25,655 - src.scrappers.google_scraper - WARNING - CAPTCHA detectado via seletor: form#captcha-form
2026-01-27 22:44:25,656 - src.processors.async_processor - WARNING - CAPTCHA detectado para: M&G DISK BEER
2026-01-27 22:44:25,669 - __main__ - WARNING - CAPTCHA: M&G DISK BEER - CAPTCHA detectado! Aguardando resolução manual...
2026-01-27 22:44:25,669 - src.scrappers.google_scraper - WARNING - CAPTCHA detectado em modo headless. Sugerindo modo visual.
2026-01-27 22:44:25,681 - src.processors.async_processor - ERROR - CAPTCHA detectado para M&G DISK BEER: CAPTCHA detectado. Execute com headless=False para resolver manualmente.
2026-01-27 22:44:25,684 - __main__ - ERROR - Erro em M&G DISK BEER: CAPTCHA: CAPTCHA detectado. Execute com headless=False para resolver manualmente.
2026-01-27 22:44:25,684 - src.processors.async_processor - WARNING - DICA: Execute novamente com headless=False para resolver CAPTCHAs manualmente
2026-01-27 22:44:25,687 - __main__ - INFO - Iniciando: RS TRAD
2026-01-27 22:44:25,688 - src.processors.async_processor - INFO - [76/371] Processando: RS TRAD
2026-01-27 22:44:25,874 - src.scrappers.google_scraper - INFO - Buscando: "RS TRAD" Mogi Mirim
2026-01-27 22:44:29,817 - src.scrappers.google_scraper - WARNING - CAPTCHA detectado via seletor: form#captcha-form
2026-01-27 22:44:29,817 - src.processors.async_processor - WARNING - CAPTCHA detectado para: RS TRAD
2026-01-27 22:44:29,826 - __main__ - WARNING - CAPTCHA: RS TRAD - CAPTCHA detectado! Aguardando resolução manual...
2026-01-27 22:44:29,827 - src.scrappers.google_scraper - WARNING - CAPTCHA detectado em modo headless. Sugerindo modo visual.
2026-01-27 22:44:29,837 - src.processors.async_processor - ERROR - CAPTCHA detectado para RS TRAD: CAPTCHA detectado. Execute com headless=False para resolver manualmente.
2026-01-27 22:44:29,839 - __main__ - ERROR - Erro em RS TRAD: CAPTCHA: CAPTCHA detectado. Execute com headless=False para resolver manualmente.
2026-01-27 22:44:29,839 - src.processors.async_processor - WARNING - DICA: Execute novamente com headless=False para resolver CAPTCHAs manualmente
2026-01-27 22:44:29,840 - __main__ - INFO - Iniciando: PARADA BEER
2026-01-27 22:44:29,842 - src.processors.async_processor - INFO - [77/371] Processando: PARADA BEER
2026-01-27 22:44:30,030 - src.scrappers.google_scraper - INFO - Buscando: "PARADA BEER" Mogi Mirim
2026-01-27 22:44:34,781 - src.scrappers.google_scraper - WARNING - CAPTCHA detectado via seletor: form#captcha-form
2026-01-27 22:44:34,781 - src.processors.async_processor - WARNING - CAPTCHA detectado para: PARADA BEER
2026-01-27 22:44:34,795 - __main__ - WARNING - CAPTCHA: PARADA BEER - CAPTCHA detectado! Aguardando resolução manual...
2026-01-27 22:44:34,796 - src.scrappers.google_scraper - WARNING - CAPTCHA detectado em modo headless. Sugerindo modo visual.
2026-01-27 22:44:34,812 - src.processors.async_processor - ERROR - CAPTCHA detectado para PARADA BEER: CAPTCHA detectado. Execute com headless=False para resolver manualmente.
2026-01-27 22:44:34,815 - __main__ - ERROR - Erro em PARADA BEER: CAPTCHA: CAPTCHA detectado. Execute com headless=False para resolver manualmente.
2026-01-27 22:44:34,816 - src.processors.async_processor - WARNING - DICA: Execute novamente com headless=False para resolver CAPTCHAs manualmente
2026-01-27 22:44:34,817 - __main__ - INFO - Iniciando: JP BEER
2026-01-27 22:44:34,820 - src.processors.async_processor - INFO - [78/371] Processando: JP BEER
2026-01-27 22:44:34,980 - src.scrappers.google_scraper - INFO - Buscando: "JP BEER" Mogi Mirim
2026-01-27 22:44:39,227 - src.scrappers.google_scraper - WARNING - CAPTCHA detectado via seletor: form#captcha-form
2026-01-27 22:44:39,227 - src.processors.async_processor - WARNING - CAPTCHA detectado para: JP BEER
2026-01-27 22:44:39,238 - __main__ - WARNING - CAPTCHA: JP BEER - CAPTCHA detectado! Aguardando resolução manual...
2026-01-27 22:44:39,238 - src.scrappers.google_scraper - WARNING - CAPTCHA detectado em modo headless. Sugerindo modo visual.
2026-01-27 22:44:39,250 - src.processors.async_processor - ERROR - CAPTCHA detectado para JP BEER: CAPTCHA detectado. Execute com headless=False para resolver manualmente.
2026-01-27 22:44:39,253 - __main__ - ERROR - Erro em JP BEER: CAPTCHA: CAPTCHA detectado. Execute com headless=False para resolver manualmente.
2026-01-27 22:44:39,254 - src.processors.async_processor - WARNING - DICA: Execute novamente com headless=False para resolver CAPTCHAs manualmente
2026-01-27 22:44:39,255 - __main__ - INFO - Iniciando: PADARIA E CAFETERIA MIRANTE
2026-01-27 22:44:39,256 - src.processors.async_processor - INFO - [79/371] Processando: PADARIA E CAFETERIA MIRANTE
2026-01-27 22:44:39,436 - src.scrappers.google_scraper - INFO - Buscando: "PADARIA E CAFETERIA MIRANTE" Mogi Mirim
2026-01-27 22:44:43,779 - src.scrappers.google_scraper - WARNING - CAPTCHA detectado via seletor: form#captcha-form
2026-01-27 22:44:43,780 - src.processors.async_processor - WARNING - CAPTCHA detectado para: PADARIA E CAFETERIA MIRANTE
2026-01-27 22:44:43,793 - __main__ - WARNING - CAPTCHA: PADARIA E CAFETERIA MIRANTE - CAPTCHA detectado! Aguardando resolução manual...
2026-01-27 22:44:43,794 - src.scrappers.google_scraper - WARNING - CAPTCHA detectado em modo headless. Sugerindo modo visual.
2026-01-27 22:44:43,808 - src.processors.async_processor - ERROR - CAPTCHA detectado para PADARIA E CAFETERIA MIRANTE: CAPTCHA detectado. Execute com headless=False para resolver manualmente.
2026-01-27 22:44:43,810 - __main__ - ERROR - Erro em PADARIA E CAFETERIA MIRANTE: CAPTCHA: CAPTCHA detectado. Execute com headless=False para resolver manualmente.
2026-01-27 22:44:43,811 - src.processors.async_processor - WARNING - DICA: Execute novamente com headless=False para resolver CAPTCHAs manualmente
2026-01-27 22:44:43,812 - __main__ - INFO - Iniciando: IRENE LATIICINIOS
2026-01-27 22:44:43,813 - src.processors.async_processor - INFO - [80/371] Processando: IRENE LATIICINIOS
2026-01-27 22:44:43,983 - src.scrappers.google_scraper - INFO - Buscando: "IRENE LATIICINIOS" Mogi Mirim
2026-01-27 22:44:48,187 - src.scrappers.google_scraper - WARNING - CAPTCHA detectado via seletor: form#captcha-form
2026-01-27 22:44:48,187 - src.processors.async_processor - WARNING - CAPTCHA detectado para: IRENE LATIICINIOS
2026-01-27 22:44:48,198 - __main__ - WARNING - CAPTCHA: IRENE LATIICINIOS - CAPTCHA detectado! Aguardando resolução manual...
2026-01-27 22:44:48,198 - src.scrappers.google_scraper - WARNING - CAPTCHA detectado em modo headless. Sugerindo modo visual.
2026-01-27 22:44:48,210 - src.processors.async_processor - ERROR - CAPTCHA detectado para IRENE LATIICINIOS: CAPTCHA detectado. Execute com headless=False para resolver manualmente.
2026-01-27 22:44:48,212 - __main__ - ERROR - Erro em IRENE LATIICINIOS: CAPTCHA: CAPTCHA detectado. Execute com headless=False para resolver manualmente.
2026-01-27 22:44:48,213 - src.processors.async_processor - WARNING - DICA: Execute novamente com headless=False para resolver CAPTCHAs manualmente
2026-01-27 22:44:48,214 - __main__ - INFO - Iniciando: FLOR DE LIS MODAS
2026-01-27 22:44:48,215 - src.processors.async_processor - INFO - [81/371] Processando: FLOR DE LIS MODAS
2026-01-27 22:44:48,354 - src.scrappers.google_scraper - INFO - Buscando: "FLOR DE LIS MODAS" Mogi Mirim
2026-01-27 22:44:53,219 - src.scrappers.google_scraper - WARNING - CAPTCHA detectado via seletor: form#captcha-form
2026-01-27 22:44:53,220 - src.processors.async_processor - WARNING - CAPTCHA detectado para: FLOR DE LIS MODAS
2026-01-27 22:44:53,234 - __main__ - WARNING - CAPTCHA: FLOR DE LIS MODAS - CAPTCHA detectado! Aguardando resolução manual...
2026-01-27 22:44:53,235 - src.scrappers.google_scraper - WARNING - CAPTCHA detectado em modo headless. Sugerindo modo visual.
2026-01-27 22:44:53,249 - src.processors.async_processor - ERROR - CAPTCHA detectado para FLOR DE LIS MODAS: CAPTCHA detectado. Execute com headless=False para resolver manualmente.
2026-01-27 22:44:53,253 - __main__ - ERROR - Erro em FLOR DE LIS MODAS: CAPTCHA: CAPTCHA detectado. Execute com headless=False para resolver manualmente.
2026-01-27 22:44:53,254 - src.processors.async_processor - WARNING - DICA: Execute novamente com headless=False para resolver CAPTCHAs manualmente
2026-01-27 22:44:53,255 - __main__ - INFO - Iniciando: PC ARTESANATOS
2026-01-27 22:44:53,256 - src.processors.async_processor - INFO - [82/371] Processando: PC ARTESANATOS
2026-01-27 22:44:53,500 - src.scrappers.google_scraper - INFO - Buscando: "PC ARTESANATOS" Mogi Mirim
2026-01-27 22:44:58,027 - src.scrappers.google_scraper - WARNING - CAPTCHA detectado via seletor: form#captcha-form
2026-01-27 22:44:58,028 - src.processors.async_processor - WARNING - CAPTCHA detectado para: PC ARTESANATOS
2026-01-27 22:44:58,042 - __main__ - WARNING - CAPTCHA: PC ARTESANATOS - CAPTCHA detectado! Aguardando resolução manual...
2026-01-27 22:44:58,042 - src.scrappers.google_scraper - WARNING - CAPTCHA detectado em modo headless. Sugerindo modo visual.
2026-01-27 22:44:58,056 - src.processors.async_processor - ERROR - CAPTCHA detectado para PC ARTESANATOS: CAPTCHA detectado. Execute com headless=False para resolver manualmente.
2026-01-27 22:44:58,058 - __main__ - ERROR - Erro em PC ARTESANATOS: CAPTCHA: CAPTCHA detectado. Execute com headless=False para resolver manualmente.
2026-01-27 22:44:58,073 - src.processors.async_processor - WARNING - DICA: Execute novamente com headless=False para resolver CAPTCHAs manualmente
2026-01-27 22:44:58,111 - __main__ - INFO - Iniciando: MOGI FESTAS
2026-01-27 22:44:58,113 - src.processors.async_processor - INFO - [83/371] Processando: MOGI FESTAS
2026-01-27 22:44:58,254 - src.scrappers.google_scraper - INFO - Buscando: "MOGI FESTAS" Mogi Mirim
2026-01-27 22:45:02,613 - src.scrappers.google_scraper - WARNING - CAPTCHA detectado via seletor: form#captcha-form
2026-01-27 22:45:02,613 - src.processors.async_processor - WARNING - CAPTCHA detectado para: MOGI FESTAS
2026-01-27 22:45:02,627 - __main__ - WARNING - CAPTCHA: MOGI FESTAS - CAPTCHA detectado! Aguardando resolução manual...
2026-01-27 22:45:02,628 - src.scrappers.google_scraper - WARNING - CAPTCHA detectado em modo headless. Sugerindo modo visual.
2026-01-27 22:45:02,641 - src.processors.async_processor - ERROR - CAPTCHA detectado para MOGI FESTAS: CAPTCHA detectado. Execute com headless=False para resolver manualmente.
2026-01-27 22:45:02,643 - __main__ - ERROR - Erro em MOGI FESTAS: CAPTCHA: CAPTCHA detectado. Execute com headless=False para resolver manualmente.
2026-01-27 22:45:02,643 - src.processors.async_processor - WARNING - DICA: Execute novamente com headless=False para resolver CAPTCHAs manualmente
2026-01-27 22:45:02,644 - __main__ - INFO - Iniciando: BOTECO'S BEER
2026-01-27 22:45:02,645 - src.processors.async_processor - INFO - [84/371] Processando: BOTECO'S BEER
2026-01-27 22:45:02,795 - src.scrappers.google_scraper - INFO - Buscando: "BOTECO'S BEER" Mogi Mirim
2026-01-27 22:45:07,162 - src.scrappers.google_scraper - WARNING - CAPTCHA detectado via seletor: form#captcha-form
2026-01-27 22:45:07,162 - src.processors.async_processor - WARNING - CAPTCHA detectado para: BOTECO'S BEER
2026-01-27 22:45:07,174 - __main__ - WARNING - CAPTCHA: BOTECO'S BEER - CAPTCHA detectado! Aguardando resolução manual...
2026-01-27 22:45:07,175 - src.scrappers.google_scraper - WARNING - CAPTCHA detectado em modo headless. Sugerindo modo visual.
2026-01-27 22:45:07,187 - src.processors.async_processor - ERROR - CAPTCHA detectado para BOTECO'S BEER: CAPTCHA detectado. Execute com headless=False para resolver manualmente.
2026-01-27 22:45:07,190 - __main__ - ERROR - Erro em BOTECO'S BEER: CAPTCHA: CAPTCHA detectado. Execute com headless=False para resolver manualmente.
2026-01-27 22:45:07,190 - src.processors.async_processor - WARNING - DICA: Execute novamente com headless=False para resolver CAPTCHAs manualmente
2026-01-27 22:45:07,250 - __main__ - INFO - Iniciando: NOVA ERA PLANTS
2026-01-27 22:45:07,251 - src.processors.async_processor - INFO - [85/371] Processando: NOVA ERA PLANTS
2026-01-27 22:45:07,376 - src.scrappers.google_scraper - INFO - Buscando: "NOVA ERA PLANTS" Mogi Mirim
2026-01-27 22:45:12,065 - src.scrappers.google_scraper - WARNING - CAPTCHA detectado via seletor: form#captcha-form
2026-01-27 22:45:12,066 - src.processors.async_processor - WARNING - CAPTCHA detectado para: NOVA ERA PLANTS
2026-01-27 22:45:12,075 - __main__ - WARNING - CAPTCHA: NOVA ERA PLANTS - CAPTCHA detectado! Aguardando resolução manual...
2026-01-27 22:45:12,076 - src.scrappers.google_scraper - WARNING - CAPTCHA detectado em modo headless. Sugerindo modo visual.
2026-01-27 22:45:12,087 - src.processors.async_processor - ERROR - CAPTCHA detectado para NOVA ERA PLANTS: CAPTCHA detectado. Execute com headless=False para resolver manualmente.
2026-01-27 22:45:12,089 - __main__ - ERROR - Erro em NOVA ERA PLANTS: CAPTCHA: CAPTCHA detectado. Execute com headless=False para resolver manualmente.
2026-01-27 22:45:12,090 - src.processors.async_processor - WARNING - DICA: Execute novamente com headless=False para resolver CAPTCHAs manualmente
2026-01-27 22:45:12,091 - __main__ - INFO - Iniciando: ***
2026-01-27 22:45:12,140 - src.processors.async_processor - INFO - [86/371] Processando: ***
2026-01-27 22:45:12,244 - src.scrappers.google_scraper - INFO - Buscando: "***" Mogi Mirim
2026-01-27 22:45:16,799 - src.scrappers.google_scraper - WARNING - CAPTCHA detectado via seletor: form#captcha-form
2026-01-27 22:45:16,799 - src.processors.async_processor - WARNING - CAPTCHA detectado para: ***
2026-01-27 22:45:16,810 - __main__ - WARNING - CAPTCHA: *** - CAPTCHA detectado! Aguardando resolução manual...
2026-01-27 22:45:16,810 - src.scrappers.google_scraper - WARNING - CAPTCHA detectado em modo headless. Sugerindo modo visual.
2026-01-27 22:45:16,824 - src.processors.async_processor - ERROR - CAPTCHA detectado para ***: CAPTCHA detectado. Execute com headless=False para resolver manualmente.
2026-01-27 22:45:16,890 - __main__ - ERROR - Erro em ***: CAPTCHA: CAPTCHA detectado. Execute com headless=False para resolver manualmente.
2026-01-27 22:45:16,891 - src.processors.async_processor - WARNING - DICA: Execute novamente com headless=False para resolver CAPTCHAs manualmente
2026-01-27 22:45:16,892 - __main__ - INFO - Iniciando: J.B.
2026-01-27 22:45:16,892 - src.processors.async_processor - INFO - [87/371] Processando: J.B.
2026-01-27 22:45:17,034 - src.scrappers.google_scraper - INFO - Buscando: "J.B." Mogi Mirim
2026-01-27 22:45:21,511 - src.scrappers.google_scraper - WARNING - CAPTCHA detectado via seletor: form#captcha-form
2026-01-27 22:45:21,511 - src.processors.async_processor - WARNING - CAPTCHA detectado para: J.B.
2026-01-27 22:45:21,534 - __main__ - WARNING - CAPTCHA: J.B. - CAPTCHA detectado! Aguardando resolução manual...
2026-01-27 22:45:21,535 - src.scrappers.google_scraper - WARNING - CAPTCHA detectado em modo headless. Sugerindo modo visual.
2026-01-27 22:45:21,546 - src.processors.async_processor - ERROR - CAPTCHA detectado para J.B.: CAPTCHA detectado. Execute com headless=False para resolver manualmente.
2026-01-27 22:45:21,549 - __main__ - ERROR - Erro em J.B.: CAPTCHA: CAPTCHA detectado. Execute com headless=False para resolver manualmente.
2026-01-27 22:45:21,549 - src.processors.async_processor - WARNING - DICA: Execute novamente com headless=False para resolver CAPTCHAs manualmente
2026-01-27 22:45:21,550 - __main__ - INFO - Iniciando: LILIAN POMIM INSTRUTORA
2026-01-27 22:45:21,552 - src.processors.async_processor - INFO - [88/371] Processando: LILIAN POMIM INSTRUTORA
2026-01-27 22:45:21,683 - src.scrappers.google_scraper - INFO - Buscando: "LILIAN POMIM INSTRUTORA" Mogi Mirim
2026-01-27 22:45:26,056 - src.scrappers.google_scraper - WARNING - CAPTCHA detectado via seletor: form#captcha-form
2026-01-27 22:45:26,056 - src.processors.async_processor - WARNING - CAPTCHA detectado para: LILIAN POMIM INSTRUTORA
2026-01-27 22:45:26,067 - __main__ - WARNING - CAPTCHA: LILIAN POMIM INSTRUTORA - CAPTCHA detectado! Aguardando resolução manual...
2026-01-27 22:45:26,067 - src.scrappers.google_scraper - WARNING - CAPTCHA detectado em modo headless. Sugerindo modo visual.
2026-01-27 22:45:26,079 - src.processors.async_processor - ERROR - CAPTCHA detectado para LILIAN POMIM INSTRUTORA: CAPTCHA detectado. Execute com headless=False para resolver manualmente.
2026-01-27 22:45:26,082 - __main__ - ERROR - Erro em LILIAN POMIM INSTRUTORA: CAPTCHA: CAPTCHA detectado. Execute com headless=False para resolver manualmente.
2026-01-27 22:45:26,083 - src.processors.async_processor - WARNING - DICA: Execute novamente com headless=False para resolver CAPTCHAs manualmente
2026-01-27 22:45:26,084 - __main__ - INFO - Iniciando: GOUP CONSULTORIA
2026-01-27 22:45:26,086 - src.processors.async_processor - INFO - [89/371] Processando: GOUP CONSULTORIA
2026-01-27 22:45:26,261 - src.scrappers.google_scraper - INFO - Buscando: "GOUP CONSULTORIA" Mogi Mirim
2026-01-27 22:45:31,016 - src.scrappers.google_scraper - WARNING - CAPTCHA detectado via seletor: form#captcha-form
2026-01-27 22:45:31,016 - src.processors.async_processor - WARNING - CAPTCHA detectado para: GOUP CONSULTORIA
2026-01-27 22:45:31,027 - __main__ - WARNING - CAPTCHA: GOUP CONSULTORIA - CAPTCHA detectado! Aguardando resolução manual...
2026-01-27 22:45:31,027 - src.scrappers.google_scraper - WARNING - CAPTCHA detectado em modo headless. Sugerindo modo visual.
2026-01-27 22:45:31,039 - src.processors.async_processor - ERROR - CAPTCHA detectado para GOUP CONSULTORIA: CAPTCHA detectado. Execute com headless=False para resolver manualmente.
2026-01-27 22:45:31,041 - __main__ - ERROR - Erro em GOUP CONSULTORIA: CAPTCHA: CAPTCHA detectado. Execute com headless=False para resolver manualmente.
2026-01-27 22:45:31,042 - src.processors.async_processor - WARNING - DICA: Execute novamente com headless=False para resolver CAPTCHAs manualmente
2026-01-27 22:45:31,043 - __main__ - INFO - Iniciando: NATURAL FOODS
2026-01-27 22:45:31,044 - src.processors.async_processor - INFO - [90/371] Processando: NATURAL FOODS
2026-01-27 22:45:31,195 - src.scrappers.google_scraper - INFO - Buscando: "NATURAL FOODS" Mogi Mirim
2026-01-27 22:45:35,985 - src.scrappers.google_scraper - WARNING - CAPTCHA detectado via seletor: form#captcha-form
2026-01-27 22:45:35,986 - src.processors.async_processor - WARNING - CAPTCHA detectado para: NATURAL FOODS
2026-01-27 22:45:35,998 - __main__ - WARNING - CAPTCHA: NATURAL FOODS - CAPTCHA detectado! Aguardando resolução manual...
2026-01-27 22:45:35,998 - src.scrappers.google_scraper - WARNING - CAPTCHA detectado em modo headless. Sugerindo modo visual.
2026-01-27 22:45:36,010 - src.processors.async_processor - ERROR - CAPTCHA detectado para NATURAL FOODS: CAPTCHA detectado. Execute com headless=False para resolver manualmente.
2026-01-27 22:45:36,013 - __main__ - ERROR - Erro em NATURAL FOODS: CAPTCHA: CAPTCHA detectado. Execute com headless=False para resolver manualmente.
2026-01-27 22:45:36,014 - src.processors.async_processor - WARNING - DICA: Execute novamente com headless=False para resolver CAPTCHAs manualmente
2026-01-27 22:45:36,015 - __main__ - INFO - Iniciando: GRUPO MASTER
2026-01-27 22:45:36,016 - src.processors.async_processor - INFO - [91/371] Processando: GRUPO MASTER
2026-01-27 22:45:36,149 - src.scrappers.google_scraper - INFO - Buscando: "GRUPO MASTER" Mogi Mirim
2026-01-27 22:45:40,737 - src.scrappers.google_scraper - WARNING - CAPTCHA detectado via seletor: form#captcha-form
2026-01-27 22:45:40,737 - src.processors.async_processor - WARNING - CAPTCHA detectado para: GRUPO MASTER
2026-01-27 22:45:40,748 - __main__ - WARNING - CAPTCHA: GRUPO MASTER - CAPTCHA detectado! Aguardando resolução manual...
2026-01-27 22:45:40,748 - src.scrappers.google_scraper - WARNING - CAPTCHA detectado em modo headless. Sugerindo modo visual.
2026-01-27 22:45:40,759 - src.processors.async_processor - ERROR - CAPTCHA detectado para GRUPO MASTER: CAPTCHA detectado. Execute com headless=False para resolver manualmente.
2026-01-27 22:45:40,762 - __main__ - ERROR - Erro em GRUPO MASTER: CAPTCHA: CAPTCHA detectado. Execute com headless=False para resolver manualmente.
2026-01-27 22:45:40,762 - src.processors.async_processor - WARNING - DICA: Execute novamente com headless=False para resolver CAPTCHAs manualmente
2026-01-27 22:45:40,763 - __main__ - INFO - Iniciando: MARIA BONITA
2026-01-27 22:45:40,764 - src.processors.async_processor - INFO - [92/371] Processando: MARIA BONITA
2026-01-27 22:45:40,921 - src.scrappers.google_scraper - INFO - Buscando: "MARIA BONITA" Mogi Mirim
2026-01-27 22:45:45,625 - src.scrappers.google_scraper - WARNING - CAPTCHA detectado via seletor: form#captcha-form
2026-01-27 22:45:45,625 - src.processors.async_processor - WARNING - CAPTCHA detectado para: MARIA BONITA
2026-01-27 22:45:45,635 - __main__ - WARNING - CAPTCHA: MARIA BONITA - CAPTCHA detectado! Aguardando resolução manual...
2026-01-27 22:45:45,636 - src.scrappers.google_scraper - WARNING - CAPTCHA detectado em modo headless. Sugerindo modo visual.
2026-01-27 22:45:45,646 - src.processors.async_processor - ERROR - CAPTCHA detectado para MARIA BONITA: CAPTCHA detectado. Execute com headless=False para resolver manualmente.
2026-01-27 22:45:45,648 - __main__ - ERROR - Erro em MARIA BONITA: CAPTCHA: CAPTCHA detectado. Execute com headless=False para resolver manualmente.
2026-01-27 22:45:45,649 - src.processors.async_processor - WARNING - DICA: Execute novamente com headless=False para resolver CAPTCHAs manualmente
2026-01-27 22:45:45,650 - __main__ - INFO - Iniciando: TALITA GUECKS TOMAZ TREINAMENTOS/CONSULTORIA COMERCIAL
2026-01-27 22:45:45,652 - src.processors.async_processor - INFO - [93/371] Processando: TALITA GUECKS TOMAZ TREINAMENTOS/CONSULTORIA COMERCIAL
2026-01-27 22:45:45,799 - src.scrappers.google_scraper - INFO - Buscando: "TALITA GUECKS TOMAZ TREINAMENTOS/CONSULTORIA COMERCIAL" Mogi Mirim
2026-01-27 22:45:50,135 - src.scrappers.google_scraper - WARNING - CAPTCHA detectado via seletor: form#captcha-form
2026-01-27 22:45:50,135 - src.processors.async_processor - WARNING - CAPTCHA detectado para: TALITA GUECKS TOMAZ TREINAMENTOS/CONSULTORIA COMERCIAL
2026-01-27 22:45:50,149 - __main__ - WARNING - CAPTCHA: TALITA GUECKS TOMAZ TREINAMENTOS/CONSULTORIA COMERCIAL - CAPTCHA detectado! Aguardando resolução manual...
2026-01-27 22:45:50,150 - src.scrappers.google_scraper - WARNING - CAPTCHA detectado em modo headless. Sugerindo modo visual.
2026-01-27 22:45:50,161 - src.processors.async_processor - ERROR - CAPTCHA detectado para TALITA GUECKS TOMAZ TREINAMENTOS/CONSULTORIA COMERCIAL: CAPTCHA detectado. Execute com headless=False para resolver manualmente.
2026-01-27 22:45:50,164 - __main__ - ERROR - Erro em TALITA GUECKS TOMAZ TREINAMENTOS/CONSULTORIA COMERCIAL: CAPTCHA: CAPTCHA detectado. Execute com headless=False para resolver manualmente.
2026-01-27 22:45:50,164 - src.processors.async_processor - WARNING - DICA: Execute novamente com headless=False para resolver CAPTCHAs manualmente
2026-01-27 22:45:50,165 - __main__ - INFO - Iniciando: BEL ELETRICISTA
2026-01-27 22:45:50,166 - src.processors.async_processor - INFO - [94/371] Processando: BEL ELETRICISTA
2026-01-27 22:45:50,303 - src.scrappers.google_scraper - INFO - Buscando: "BEL ELETRICISTA" Mogi Mirim
2026-01-27 22:45:55,210 - src.scrappers.google_scraper - WARNING - CAPTCHA detectado via seletor: form#captcha-form
2026-01-27 22:45:55,210 - src.processors.async_processor - WARNING - CAPTCHA detectado para: BEL ELETRICISTA
2026-01-27 22:45:55,222 - __main__ - WARNING - CAPTCHA: BEL ELETRICISTA - CAPTCHA detectado! Aguardando resolução manual...
2026-01-27 22:45:55,223 - src.scrappers.google_scraper - WARNING - CAPTCHA detectado em modo headless. Sugerindo modo visual.
2026-01-27 22:45:55,237 - src.processors.async_processor - ERROR - CAPTCHA detectado para BEL ELETRICISTA: CAPTCHA detectado. Execute com headless=False para resolver manualmente.
2026-01-27 22:45:55,239 - __main__ - ERROR - Erro em BEL ELETRICISTA: CAPTCHA: CAPTCHA detectado. Execute com headless=False para resolver manualmente.
2026-01-27 22:45:55,240 - src.processors.async_processor - WARNING - DICA: Execute novamente com headless=False para resolver CAPTCHAs manualmente
2026-01-27 22:45:55,241 - __main__ - INFO - Iniciando: KANAE STUDIO BAZAR E PAPELARIA
2026-01-27 22:45:55,299 - src.processors.async_processor - INFO - [95/371] Processando: KANAE STUDIO BAZAR E PAPELARIA
2026-01-27 22:45:55,405 - src.scrappers.google_scraper - INFO - Buscando: "KANAE STUDIO BAZAR E PAPELARIA" Mogi Mirim
2026-01-27 22:45:59,695 - src.scrappers.google_scraper - WARNING - CAPTCHA detectado via seletor: form#captcha-form
2026-01-27 22:45:59,696 - src.processors.async_processor - WARNING - CAPTCHA detectado para: KANAE STUDIO BAZAR E PAPELARIA
2026-01-27 22:45:59,713 - __main__ - WARNING - CAPTCHA: KANAE STUDIO BAZAR E PAPELARIA - CAPTCHA detectado! Aguardando resolução manual...
2026-01-27 22:45:59,714 - src.scrappers.google_scraper - WARNING - CAPTCHA detectado em modo headless. Sugerindo modo visual.
2026-01-27 22:45:59,728 - src.processors.async_processor - ERROR - CAPTCHA detectado para KANAE STUDIO BAZAR E PAPELARIA: CAPTCHA detectado. Execute com headless=False para resolver manualmente.
2026-01-27 22:45:59,730 - __main__ - ERROR - Erro em KANAE STUDIO BAZAR E PAPELARIA: CAPTCHA: CAPTCHA detectado. Execute com headless=False para resolver manualmente.
2026-01-27 22:45:59,731 - src.processors.async_processor - WARNING - DICA: Execute novamente com headless=False para resolver CAPTCHAs manualmente
2026-01-27 22:45:59,733 - __main__ - INFO - Iniciando: CALDO DE CANA DO NA
2026-01-27 22:45:59,736 - src.processors.async_processor - INFO - [96/371] Processando: CALDO DE CANA DO NA
2026-01-27 22:45:59,943 - src.scrappers.google_scraper - INFO - Buscando: "CALDO DE CANA DO NA" Mogi Mirim
2026-01-27 22:46:04,413 - src.scrappers.google_scraper - WARNING - CAPTCHA detectado via seletor: form#captcha-form
2026-01-27 22:46:04,413 - src.processors.async_processor - WARNING - CAPTCHA detectado para: CALDO DE CANA DO NA
2026-01-27 22:46:04,438 - __main__ - WARNING - CAPTCHA: CALDO DE CANA DO NA - CAPTCHA detectado! Aguardando resolução manual...
2026-01-27 22:46:04,438 - src.scrappers.google_scraper - WARNING - CAPTCHA detectado em modo headless. Sugerindo modo visual.
2026-01-27 22:46:04,453 - src.processors.async_processor - ERROR - CAPTCHA detectado para CALDO DE CANA DO NA: CAPTCHA detectado. Execute com headless=False para resolver manualmente.
2026-01-27 22:46:04,455 - __main__ - ERROR - Erro em CALDO DE CANA DO NA: CAPTCHA: CAPTCHA detectado. Execute com headless=False para resolver manualmente.
2026-01-27 22:46:04,455 - src.processors.async_processor - WARNING - DICA: Execute novamente com headless=False para resolver CAPTCHAs manualmente
2026-01-27 22:46:04,456 - __main__ - INFO - Iniciando: BAR DOS AMIGOS
2026-01-27 22:46:04,457 - src.processors.async_processor - INFO - [97/371] Processando: BAR DOS AMIGOS
2026-01-27 22:46:04,796 - src.scrappers.google_scraper - INFO - Buscando: "BAR DOS AMIGOS" Mogi Mirim
2026-01-27 22:46:09,014 - src.scrappers.google_scraper - WARNING - CAPTCHA detectado via seletor: form#captcha-form
2026-01-27 22:46:09,014 - src.processors.async_processor - WARNING - CAPTCHA detectado para: BAR DOS AMIGOS
2026-01-27 22:46:09,029 - __main__ - WARNING - CAPTCHA: BAR DOS AMIGOS - CAPTCHA detectado! Aguardando resolução manual...
2026-01-27 22:46:09,029 - src.scrappers.google_scraper - WARNING - CAPTCHA detectado em modo headless. Sugerindo modo visual.
2026-01-27 22:46:09,043 - src.processors.async_processor - ERROR - CAPTCHA detectado para BAR DOS AMIGOS: CAPTCHA detectado. Execute com headless=False para resolver manualmente.
2026-01-27 22:46:09,046 - __main__ - ERROR - Erro em BAR DOS AMIGOS: CAPTCHA: CAPTCHA detectado. Execute com headless=False para resolver manualmente.
2026-01-27 22:46:09,046 - src.processors.async_processor - WARNING - DICA: Execute novamente com headless=False para resolver CAPTCHAs manualmente
2026-01-27 22:46:09,047 - __main__ - INFO - Iniciando: MARCOS BAO - CANTOR, ATOR E DUBLADOR
2026-01-27 22:46:09,049 - src.processors.async_processor - INFO - [98/371] Processando: MARCOS BAO - CANTOR, ATOR E DUBLADOR
2026-01-27 22:46:09,187 - src.scrappers.google_scraper - INFO - Buscando: "MARCOS BAO - CANTOR, ATOR E DUBLADOR" Mogi Mirim
2026-01-27 22:46:13,539 - src.scrappers.google_scraper - WARNING - CAPTCHA detectado via seletor: form#captcha-form
2026-01-27 22:46:13,539 - src.processors.async_processor - WARNING - CAPTCHA detectado para: MARCOS BAO - CANTOR, ATOR E DUBLADOR
2026-01-27 22:46:13,551 - __main__ - WARNING - CAPTCHA: MARCOS BAO - CANTOR, ATOR E DUBLADOR - CAPTCHA detectado! Aguardando resolução manual...
2026-01-27 22:46:13,551 - src.scrappers.google_scraper - WARNING - CAPTCHA detectado em modo headless. Sugerindo modo visual.
2026-01-27 22:46:13,562 - src.processors.async_processor - ERROR - CAPTCHA detectado para MARCOS BAO - CANTOR, ATOR E DUBLADOR: CAPTCHA detectado. Execute com headless=False para resolver manualmente.
2026-01-27 22:46:13,564 - __main__ - ERROR - Erro em MARCOS BAO - CANTOR, ATOR E DUBLADOR: CAPTCHA: CAPTCHA detectado. Execute com headless=False para resolver manualmente.
2026-01-27 22:46:13,565 - src.processors.async_processor - WARNING - DICA: Execute novamente com headless=False para resolver CAPTCHAs manualmente
2026-01-27 22:46:13,566 - __main__ - INFO - Iniciando: ISOLUZ MATERIAIS ELETRICOS
2026-01-27 22:46:13,568 - src.processors.async_processor - INFO - [99/371] Processando: ISOLUZ MATERIAIS ELETRICOS
2026-01-27 22:46:13,687 - src.scrappers.google_scraper - INFO - Buscando: "ISOLUZ MATERIAIS ELETRICOS" Mogi Mirim
2026-01-27 22:46:18,385 - src.scrappers.google_scraper - WARNING - CAPTCHA detectado via seletor: form#captcha-form
2026-01-27 22:46:18,386 - src.processors.async_processor - WARNING - CAPTCHA detectado para: ISOLUZ MATERIAIS ELETRICOS
2026-01-27 22:46:18,397 - __main__ - WARNING - CAPTCHA: ISOLUZ MATERIAIS ELETRICOS - CAPTCHA detectado! Aguardando resolução manual...
2026-01-27 22:46:18,397 - src.scrappers.google_scraper - WARNING - CAPTCHA detectado em modo headless. Sugerindo modo visual.
2026-01-27 22:46:18,410 - src.processors.async_processor - ERROR - CAPTCHA detectado para ISOLUZ MATERIAIS ELETRICOS: CAPTCHA detectado. Execute com headless=False para resolver manualmente.
2026-01-27 22:46:18,413 - __main__ - ERROR - Erro em ISOLUZ MATERIAIS ELETRICOS: CAPTCHA: CAPTCHA detectado. Execute com headless=False para resolver manualmente.
2026-01-27 22:46:18,414 - src.processors.async_processor - WARNING - DICA: Execute novamente com headless=False para resolver CAPTCHAs manualmente
2026-01-27 22:46:18,415 - __main__ - INFO - Iniciando: RECICLAR
2026-01-27 22:46:18,416 - src.processors.async_processor - INFO - [100/371] Processando: RECICLAR
2026-01-27 22:46:18,572 - src.scrappers.google_scraper - INFO - Buscando: "RECICLAR" Mogi Mirim
2026-01-27 22:46:22,980 - src.scrappers.google_scraper - WARNING - CAPTCHA detectado via seletor: form#captcha-form
2026-01-27 22:46:22,980 - src.processors.async_processor - WARNING - CAPTCHA detectado para: RECICLAR
2026-01-27 22:46:22,990 - __main__ - WARNING - CAPTCHA: RECICLAR - CAPTCHA detectado! Aguardando resolução manual...
2026-01-27 22:46:22,991 - src.scrappers.google_scraper - WARNING - CAPTCHA detectado em modo headless. Sugerindo modo visual.
2026-01-27 22:46:23,001 - src.processors.async_processor - ERROR - CAPTCHA detectado para RECICLAR: CAPTCHA detectado. Execute com headless=False para resolver manualmente.
2026-01-27 22:46:23,004 - __main__ - ERROR - Erro em RECICLAR: CAPTCHA: CAPTCHA detectado. Execute com headless=False para resolver manualmente.
2026-01-27 22:46:23,004 - src.processors.async_processor - WARNING - DICA: Execute novamente com headless=False para resolver CAPTCHAs manualmente
2026-01-27 22:46:23,005 - __main__ - INFO - Iniciando: F.F. RINALDI
2026-01-27 22:46:23,006 - src.processors.async_processor - INFO - [101/371] Processando: F.F. RINALDI
2026-01-27 22:46:23,194 - src.scrappers.google_scraper - INFO - Buscando: "F.F. RINALDI" Mogi Mirim
2026-01-27 22:46:27,365 - src.scrappers.google_scraper - WARNING - CAPTCHA detectado via seletor: form#captcha-form
2026-01-27 22:46:27,365 - src.processors.async_processor - WARNING - CAPTCHA detectado para: F.F. RINALDI
2026-01-27 22:46:27,376 - __main__ - WARNING - CAPTCHA: F.F. RINALDI - CAPTCHA detectado! Aguardando resolução manual...
2026-01-27 22:46:27,377 - src.scrappers.google_scraper - WARNING - CAPTCHA detectado em modo headless. Sugerindo modo visual.
2026-01-27 22:46:27,388 - src.processors.async_processor - ERROR - CAPTCHA detectado para F.F. RINALDI: CAPTCHA detectado. Execute com headless=False para resolver manualmente.
2026-01-27 22:46:27,391 - __main__ - ERROR - Erro em F.F. RINALDI: CAPTCHA: CAPTCHA detectado. Execute com headless=False para resolver manualmente.
2026-01-27 22:46:27,437 - src.processors.async_processor - WARNING - DICA: Execute novamente com headless=False para resolver CAPTCHAs manualmente
2026-01-27 22:46:27,440 - __main__ - INFO - Iniciando: DELLA PASTEL
2026-01-27 22:46:27,441 - src.processors.async_processor - INFO - [102/371] Processando: DELLA PASTEL
2026-01-27 22:46:27,577 - src.scrappers.google_scraper - INFO - Buscando: "DELLA PASTEL" Mogi Mirim
2026-01-27 22:46:31,781 - src.scrappers.google_scraper - WARNING - CAPTCHA detectado via seletor: form#captcha-form
2026-01-27 22:46:31,781 - src.processors.async_processor - WARNING - CAPTCHA detectado para: DELLA PASTEL
2026-01-27 22:46:31,802 - __main__ - WARNING - CAPTCHA: DELLA PASTEL - CAPTCHA detectado! Aguardando resolução manual...
2026-01-27 22:46:31,803 - src.scrappers.google_scraper - WARNING - CAPTCHA detectado em modo headless. Sugerindo modo visual.
2026-01-27 22:46:31,817 - src.processors.async_processor - ERROR - CAPTCHA detectado para DELLA PASTEL: CAPTCHA detectado. Execute com headless=False para resolver manualmente.
2026-01-27 22:46:31,820 - __main__ - ERROR - Erro em DELLA PASTEL: CAPTCHA: CAPTCHA detectado. Execute com headless=False para resolver manualmente.
2026-01-27 22:46:31,821 - src.processors.async_processor - WARNING - DICA: Execute novamente com headless=False para resolver CAPTCHAs manualmente
2026-01-27 22:46:31,822 - __main__ - INFO - Iniciando: JEFFERSON BELLA
2026-01-27 22:46:31,823 - src.processors.async_processor - INFO - [103/371] Processando: JEFFERSON BELLA
2026-01-27 22:46:31,981 - src.scrappers.google_scraper - INFO - Buscando: "JEFFERSON BELLA" Mogi Mirim
2026-01-27 22:46:36,848 - src.scrappers.google_scraper - WARNING - CAPTCHA detectado via seletor: form#captcha-form
2026-01-27 22:46:36,848 - src.processors.async_processor - WARNING - CAPTCHA detectado para: JEFFERSON BELLA
2026-01-27 22:46:36,859 - __main__ - WARNING - CAPTCHA: JEFFERSON BELLA - CAPTCHA detectado! Aguardando resolução manual...
2026-01-27 22:46:36,859 - src.scrappers.google_scraper - WARNING - CAPTCHA detectado em modo headless. Sugerindo modo visual.
2026-01-27 22:46:36,870 - src.processors.async_processor - ERROR - CAPTCHA detectado para JEFFERSON BELLA: CAPTCHA detectado. Execute com headless=False para resolver manualmente.
2026-01-27 22:46:36,872 - __main__ - ERROR - Erro em JEFFERSON BELLA: CAPTCHA: CAPTCHA detectado. Execute com headless=False para resolver manualmente.
2026-01-27 22:46:36,873 - src.processors.async_processor - WARNING - DICA: Execute novamente com headless=False para resolver CAPTCHAs manualmente
2026-01-27 22:46:36,874 - __main__ - INFO - Iniciando: HADASSA HAIR DESIGN E MODA FEMININA
2026-01-27 22:46:36,916 - src.processors.async_processor - INFO - [104/371] Processando: HADASSA HAIR DESIGN E MODA FEMININA
2026-01-27 22:46:37,052 - src.scrappers.google_scraper - INFO - Buscando: "HADASSA HAIR DESIGN E MODA FEMININA" Mogi Mirim
2026-01-27 22:46:42,038 - src.scrappers.google_scraper - WARNING - CAPTCHA detectado via seletor: form#captcha-form
2026-01-27 22:46:42,038 - src.processors.async_processor - WARNING - CAPTCHA detectado para: HADASSA HAIR DESIGN E MODA FEMININA
2026-01-27 22:46:42,050 - __main__ - WARNING - CAPTCHA: HADASSA HAIR DESIGN E MODA FEMININA - CAPTCHA detectado! Aguardando resolução manual...
2026-01-27 22:46:42,051 - src.scrappers.google_scraper - WARNING - CAPTCHA detectado em modo headless. Sugerindo modo visual.
2026-01-27 22:46:42,064 - src.processors.async_processor - ERROR - CAPTCHA detectado para HADASSA HAIR DESIGN E MODA FEMININA: CAPTCHA detectado. Execute com headless=False para resolver manualmente.
2026-01-27 22:46:42,067 - __main__ - ERROR - Erro em HADASSA HAIR DESIGN E MODA FEMININA: CAPTCHA: CAPTCHA detectado. Execute com headless=False para resolver manualmente.
2026-01-27 22:46:42,068 - src.processors.async_processor - WARNING - DICA: Execute novamente com headless=False para resolver CAPTCHAs manualmente
2026-01-27 22:46:42,069 - __main__ - INFO - Iniciando: DABARAH
2026-01-27 22:46:42,070 - src.processors.async_processor - INFO - [105/371] Processando: DABARAH
2026-01-27 22:46:42,259 - src.scrappers.google_scraper - INFO - Buscando: "DABARAH" Mogi Mirim
2026-01-27 22:46:47,136 - src.scrappers.google_scraper - WARNING - CAPTCHA detectado via seletor: form#captcha-form
2026-01-27 22:46:47,137 - src.processors.async_processor - WARNING - CAPTCHA detectado para: DABARAH
2026-01-27 22:46:47,146 - __main__ - WARNING - CAPTCHA: DABARAH - CAPTCHA detectado! Aguardando resolução manual...
2026-01-27 22:46:47,147 - src.scrappers.google_scraper - WARNING - CAPTCHA detectado em modo headless. Sugerindo modo visual.
2026-01-27 22:46:47,158 - src.processors.async_processor - ERROR - CAPTCHA detectado para DABARAH: CAPTCHA detectado. Execute com headless=False para resolver manualmente.
2026-01-27 22:46:47,160 - __main__ - ERROR - Erro em DABARAH: CAPTCHA: CAPTCHA detectado. Execute com headless=False para resolver manualmente.
2026-01-27 22:46:47,161 - src.processors.async_processor - WARNING - DICA: Execute novamente com headless=False para resolver CAPTCHAs manualmente
2026-01-27 22:46:47,162 - __main__ - INFO - Iniciando: L P VANS
2026-01-27 22:46:47,163 - src.processors.async_processor - INFO - [106/371] Processando: L P VANS
2026-01-27 22:46:47,291 - src.scrappers.google_scraper - INFO - Buscando: "L P VANS" Mogi Mirim
2026-01-27 22:46:51,795 - src.scrappers.google_scraper - WARNING - CAPTCHA detectado via seletor: form#captcha-form
2026-01-27 22:46:51,795 - src.processors.async_processor - WARNING - CAPTCHA detectado para: L P VANS
2026-01-27 22:46:51,805 - __main__ - WARNING - CAPTCHA: L P VANS - CAPTCHA detectado! Aguardando resolução manual...
2026-01-27 22:46:51,806 - src.scrappers.google_scraper - WARNING - CAPTCHA detectado em modo headless. Sugerindo modo visual.
2026-01-27 22:46:51,816 - src.processors.async_processor - ERROR - CAPTCHA detectado para L P VANS: CAPTCHA detectado. Execute com headless=False para resolver manualmente.
2026-01-27 22:46:51,819 - __main__ - ERROR - Erro em L P VANS: CAPTCHA: CAPTCHA detectado. Execute com headless=False para resolver manualmente.
2026-01-27 22:46:51,819 - src.processors.async_processor - WARNING - DICA: Execute novamente com headless=False para resolver CAPTCHAs manualmente
2026-01-27 22:46:51,820 - __main__ - INFO - Iniciando: RICCI TECNOLOGIA
2026-01-27 22:46:51,821 - src.processors.async_processor - INFO - [107/371] Processando: RICCI TECNOLOGIA
2026-01-27 22:46:51,977 - src.scrappers.google_scraper - INFO - Buscando: "RICCI TECNOLOGIA" Mogi Mirim
2026-01-27 22:46:56,534 - src.scrappers.google_scraper - WARNING - CAPTCHA detectado via seletor: form#captcha-form
2026-01-27 22:46:56,535 - src.processors.async_processor - WARNING - CAPTCHA detectado para: RICCI TECNOLOGIA
2026-01-27 22:46:56,546 - __main__ - WARNING - CAPTCHA: RICCI TECNOLOGIA - CAPTCHA detectado! Aguardando resolução manual...
2026-01-27 22:46:56,546 - src.scrappers.google_scraper - WARNING - CAPTCHA detectado em modo headless. Sugerindo modo visual.
2026-01-27 22:46:56,558 - src.processors.async_processor - ERROR - CAPTCHA detectado para RICCI TECNOLOGIA: CAPTCHA detectado. Execute com headless=False para resolver manualmente.
2026-01-27 22:46:56,560 - __main__ - ERROR - Erro em RICCI TECNOLOGIA: CAPTCHA: CAPTCHA detectado. Execute com headless=False para resolver manualmente.
2026-01-27 22:46:56,561 - src.processors.async_processor - WARNING - DICA: Execute novamente com headless=False para resolver CAPTCHAs manualmente
2026-01-27 22:46:56,562 - __main__ - INFO - Iniciando: BARRACA DA PRI
2026-01-27 22:46:56,563 - src.processors.async_processor - INFO - [108/371] Processando: BARRACA DA PRI
2026-01-27 22:46:56,698 - src.scrappers.google_scraper - INFO - Buscando: "BARRACA DA PRI" Mogi Mirim
2026-01-27 22:47:00,990 - src.scrappers.google_scraper - WARNING - CAPTCHA detectado via seletor: form#captcha-form
2026-01-27 22:47:00,990 - src.processors.async_processor - WARNING - CAPTCHA detectado para: BARRACA DA PRI
2026-01-27 22:47:01,001 - __main__ - WARNING - CAPTCHA: BARRACA DA PRI - CAPTCHA detectado! Aguardando resolução manual...
2026-01-27 22:47:01,002 - src.scrappers.google_scraper - WARNING - CAPTCHA detectado em modo headless. Sugerindo modo visual.
2026-01-27 22:47:01,015 - src.processors.async_processor - ERROR - CAPTCHA detectado para BARRACA DA PRI: CAPTCHA detectado. Execute com headless=False para resolver manualmente.
2026-01-27 22:47:01,018 - __main__ - ERROR - Erro em BARRACA DA PRI: CAPTCHA: CAPTCHA detectado. Execute com headless=False para resolver manualmente.
2026-01-27 22:47:01,018 - src.processors.async_processor - WARNING - DICA: Execute novamente com headless=False para resolver CAPTCHAs manualmente
2026-01-27 22:47:01,020 - __main__ - INFO - Iniciando: JULIANO BARON SERVICOS MEDICOS
2026-01-27 22:47:01,020 - src.processors.async_processor - INFO - [109/371] Processando: JULIANO BARON SERVICOS MEDICOS
2026-01-27 22:47:01,205 - src.scrappers.google_scraper - INFO - Buscando: "JULIANO BARON SERVICOS MEDICOS" Mogi Mirim
2026-01-27 22:47:05,617 - src.scrappers.google_scraper - WARNING - CAPTCHA detectado via seletor: form#captcha-form
2026-01-27 22:47:05,617 - src.processors.async_processor - WARNING - CAPTCHA detectado para: JULIANO BARON SERVICOS MEDICOS
2026-01-27 22:47:05,629 - __main__ - WARNING - CAPTCHA: JULIANO BARON SERVICOS MEDICOS - CAPTCHA detectado! Aguardando resolução manual...
2026-01-27 22:47:05,630 - src.scrappers.google_scraper - WARNING - CAPTCHA detectado em modo headless. Sugerindo modo visual.
2026-01-27 22:47:05,641 - src.processors.async_processor - ERROR - CAPTCHA detectado para JULIANO BARON SERVICOS MEDICOS: CAPTCHA detectado. Execute com headless=False para resolver manualmente.
2026-01-27 22:47:05,643 - __main__ - ERROR - Erro em JULIANO BARON SERVICOS MEDICOS: CAPTCHA: CAPTCHA detectado. Execute com headless=False para resolver manualmente.
2026-01-27 22:47:05,644 - src.processors.async_processor - WARNING - DICA: Execute novamente com headless=False para resolver CAPTCHAs manualmente
2026-01-27 22:47:05,645 - __main__ - INFO - Iniciando: RENZO TRANSPORTES
2026-01-27 22:47:05,646 - src.processors.async_processor - INFO - [110/371] Processando: RENZO TRANSPORTES
2026-01-27 22:47:05,782 - src.scrappers.google_scraper - INFO - Buscando: "RENZO TRANSPORTES" Mogi Mirim
2026-01-27 22:47:10,745 - src.scrappers.google_scraper - WARNING - CAPTCHA detectado via seletor: form#captcha-form
2026-01-27 22:47:10,745 - src.processors.async_processor - WARNING - CAPTCHA detectado para: RENZO TRANSPORTES
2026-01-27 22:47:10,757 - __main__ - WARNING - CAPTCHA: RENZO TRANSPORTES - CAPTCHA detectado! Aguardando resolução manual...
2026-01-27 22:47:10,758 - src.scrappers.google_scraper - WARNING - CAPTCHA detectado em modo headless. Sugerindo modo visual.
2026-01-27 22:47:10,771 - src.processors.async_processor - ERROR - CAPTCHA detectado para RENZO TRANSPORTES: CAPTCHA detectado. Execute com headless=False para resolver manualmente.
2026-01-27 22:47:10,774 - __main__ - ERROR - Erro em RENZO TRANSPORTES: CAPTCHA: CAPTCHA detectado. Execute com headless=False para resolver manualmente.
2026-01-27 22:47:10,790 - src.processors.async_processor - WARNING - DICA: Execute novamente com headless=False para resolver CAPTCHAs manualmente
2026-01-27 22:47:10,834 - __main__ - INFO - Iniciando: ZANCO MULT
2026-01-27 22:47:10,836 - src.processors.async_processor - INFO - [111/371] Processando: ZANCO MULT
2026-01-27 22:47:10,970 - src.scrappers.google_scraper - INFO - Buscando: "ZANCO MULT" Mogi Mirim
2026-01-27 22:47:15,536 - src.scrappers.google_scraper - WARNING - CAPTCHA detectado via seletor: form#captcha-form
2026-01-27 22:47:15,536 - src.processors.async_processor - WARNING - CAPTCHA detectado para: ZANCO MULT
2026-01-27 22:47:15,547 - __main__ - WARNING - CAPTCHA: ZANCO MULT - CAPTCHA detectado! Aguardando resolução manual...
2026-01-27 22:47:15,548 - src.scrappers.google_scraper - WARNING - CAPTCHA detectado em modo headless. Sugerindo modo visual.
2026-01-27 22:47:15,561 - src.processors.async_processor - ERROR - CAPTCHA detectado para ZANCO MULT: CAPTCHA detectado. Execute com headless=False para resolver manualmente.
2026-01-27 22:47:15,563 - __main__ - ERROR - Erro em ZANCO MULT: CAPTCHA: CAPTCHA detectado. Execute com headless=False para resolver manualmente.
2026-01-27 22:47:15,564 - src.processors.async_processor - WARNING - DICA: Execute novamente com headless=False para resolver CAPTCHAs manualmente
2026-01-27 22:47:15,565 - __main__ - INFO - Iniciando: FRACTAL
2026-01-27 22:47:15,566 - src.processors.async_processor - INFO - [112/371] Processando: FRACTAL
2026-01-27 22:47:15,726 - src.scrappers.google_scraper - INFO - Buscando: "FRACTAL" Mogi Mirim
2026-01-27 22:47:19,551 - src.scrappers.google_scraper - WARNING - CAPTCHA detectado via seletor: form#captcha-form
2026-01-27 22:47:19,551 - src.processors.async_processor - WARNING - CAPTCHA detectado para: FRACTAL
2026-01-27 22:47:19,562 - __main__ - WARNING - CAPTCHA: FRACTAL - CAPTCHA detectado! Aguardando resolução manual...
2026-01-27 22:47:19,563 - src.scrappers.google_scraper - WARNING - CAPTCHA detectado em modo headless. Sugerindo modo visual.
2026-01-27 22:47:19,577 - src.processors.async_processor - ERROR - CAPTCHA detectado para FRACTAL: CAPTCHA detectado. Execute com headless=False para resolver manualmente.
2026-01-27 22:47:19,580 - __main__ - ERROR - Erro em FRACTAL: CAPTCHA: CAPTCHA detectado. Execute com headless=False para resolver manualmente.
2026-01-27 22:47:19,581 - src.processors.async_processor - WARNING - DICA: Execute novamente com headless=False para resolver CAPTCHAs manualmente
2026-01-27 22:47:19,582 - __main__ - INFO - Iniciando: STUDIO EVA
2026-01-27 22:47:19,583 - src.processors.async_processor - INFO - [113/371] Processando: STUDIO EVA
2026-01-27 22:47:19,728 - src.scrappers.google_scraper - INFO - Buscando: "STUDIO EVA" Mogi Mirim
2026-01-27 22:47:23,860 - src.scrappers.google_scraper - WARNING - CAPTCHA detectado via seletor: form#captcha-form
2026-01-27 22:47:23,861 - src.processors.async_processor - WARNING - CAPTCHA detectado para: STUDIO EVA
2026-01-27 22:47:23,872 - __main__ - WARNING - CAPTCHA: STUDIO EVA - CAPTCHA detectado! Aguardando resolução manual...
2026-01-27 22:47:23,873 - src.scrappers.google_scraper - WARNING - CAPTCHA detectado em modo headless. Sugerindo modo visual.
2026-01-27 22:47:23,883 - src.processors.async_processor - ERROR - CAPTCHA detectado para STUDIO EVA: CAPTCHA detectado. Execute com headless=False para resolver manualmente.
2026-01-27 22:47:23,886 - __main__ - ERROR - Erro em STUDIO EVA: CAPTCHA: CAPTCHA detectado. Execute com headless=False para resolver manualmente.
2026-01-27 22:47:23,886 - src.processors.async_processor - WARNING - DICA: Execute novamente com headless=False para resolver CAPTCHAs manualmente
2026-01-27 22:47:23,887 - __main__ - INFO - Iniciando: TUCURAS BAR
2026-01-27 22:47:23,888 - src.processors.async_processor - INFO - [114/371] Processando: TUCURAS BAR
2026-01-27 22:47:24,066 - src.scrappers.google_scraper - INFO - Buscando: "TUCURAS BAR" Mogi Mirim
2026-01-27 22:47:28,444 - src.scrappers.google_scraper - WARNING - CAPTCHA detectado via seletor: form#captcha-form
2026-01-27 22:47:28,444 - src.processors.async_processor - WARNING - CAPTCHA detectado para: TUCURAS BAR
2026-01-27 22:47:28,456 - __main__ - WARNING - CAPTCHA: TUCURAS BAR - CAPTCHA detectado! Aguardando resolução manual...
2026-01-27 22:47:28,457 - src.scrappers.google_scraper - WARNING - CAPTCHA detectado em modo headless. Sugerindo modo visual.
2026-01-27 22:47:28,471 - src.processors.async_processor - ERROR - CAPTCHA detectado para TUCURAS BAR: CAPTCHA detectado. Execute com headless=False para resolver manualmente.
2026-01-27 22:47:28,473 - __main__ - ERROR - Erro em TUCURAS BAR: CAPTCHA: CAPTCHA detectado. Execute com headless=False para resolver manualmente.
2026-01-27 22:47:28,473 - src.processors.async_processor - WARNING - DICA: Execute novamente com headless=False para resolver CAPTCHAs manualmente
2026-01-27 22:47:28,475 - __main__ - INFO - Iniciando: BORGES & PRADOS REPRESENTACOES COMERCIAIS LTDA
2026-01-27 22:47:28,475 - src.processors.async_processor - INFO - [115/371] Processando: BORGES & PRADOS REPRESENTACOES COMERCIAIS LTDA
2026-01-27 22:47:28,670 - src.scrappers.google_scraper - INFO - Buscando: "BORGES & PRADOS REPRESENTACOES COMERCIAIS LTDA" Mogi Mirim
2026-01-27 22:47:32,676 - src.scrappers.google_scraper - WARNING - CAPTCHA detectado via seletor: form#captcha-form
2026-01-27 22:47:32,676 - src.processors.async_processor - WARNING - CAPTCHA detectado para: BORGES & PRADOS REPRESENTACOES COMERCIAIS LTDA
2026-01-27 22:47:32,679 - __main__ - WARNING - CAPTCHA: BORGES & PRADOS REPRESENTACOES COMERCIAIS LTDA - CAPTCHA detectado! Aguardando resolução manual...
2026-01-27 22:47:32,679 - src.scrappers.google_scraper - WARNING - CAPTCHA detectado em modo headless. Sugerindo modo visual.
2026-01-27 22:47:32,748 - src.processors.async_processor - ERROR - CAPTCHA detectado para BORGES & PRADOS REPRESENTACOES COMERCIAIS LTDA: CAPTCHA detectado. Execute com headless=False para resolver manualmente.
2026-01-27 22:47:32,750 - __main__ - ERROR - Erro em BORGES & PRADOS REPRESENTACOES COMERCIAIS LTDA: CAPTCHA: CAPTCHA detectado. Execute com headless=False para resolver manualmente.
2026-01-27 22:47:32,750 - src.processors.async_processor - WARNING - DICA: Execute novamente com headless=False para resolver CAPTCHAs manualmente
2026-01-27 22:47:32,751 - __main__ - INFO - Iniciando: JGF ADMINISTRACAO
2026-01-27 22:47:32,752 - src.processors.async_processor - INFO - [116/371] Processando: JGF ADMINISTRACAO
2026-01-27 22:47:32,880 - src.scrappers.google_scraper - INFO - Buscando: "JGF ADMINISTRACAO" Mogi Mirim
2026-01-27 22:47:37,361 - src.scrappers.google_scraper - WARNING - CAPTCHA detectado via seletor: form#captcha-form
2026-01-27 22:47:37,361 - src.processors.async_processor - WARNING - CAPTCHA detectado para: JGF ADMINISTRACAO
2026-01-27 22:47:37,371 - __main__ - WARNING - CAPTCHA: JGF ADMINISTRACAO - CAPTCHA detectado! Aguardando resolução manual...
2026-01-27 22:47:37,372 - src.scrappers.google_scraper - WARNING - CAPTCHA detectado em modo headless. Sugerindo modo visual.
2026-01-27 22:47:37,383 - src.processors.async_processor - ERROR - CAPTCHA detectado para JGF ADMINISTRACAO: CAPTCHA detectado. Execute com headless=False para resolver manualmente.
2026-01-27 22:47:37,386 - __main__ - ERROR - Erro em JGF ADMINISTRACAO: CAPTCHA: CAPTCHA detectado. Execute com headless=False para resolver manualmente.
2026-01-27 22:47:37,386 - src.processors.async_processor - WARNING - DICA: Execute novamente com headless=False para resolver CAPTCHAs manualmente
2026-01-27 22:47:37,387 - __main__ - INFO - Iniciando: CAM TREINAMENTOS
2026-01-27 22:47:37,388 - src.processors.async_processor - INFO - [117/371] Processando: CAM TREINAMENTOS
2026-01-27 22:47:37,569 - src.scrappers.google_scraper - INFO - Buscando: "CAM TREINAMENTOS" Mogi Mirim
2026-01-27 22:47:41,566 - src.scrappers.google_scraper - WARNING - CAPTCHA detectado via seletor: form#captcha-form
2026-01-27 22:47:41,566 - src.processors.async_processor - WARNING - CAPTCHA detectado para: CAM TREINAMENTOS
2026-01-27 22:47:41,576 - __main__ - WARNING - CAPTCHA: CAM TREINAMENTOS - CAPTCHA detectado! Aguardando resolução manual...
2026-01-27 22:47:41,577 - src.scrappers.google_scraper - WARNING - CAPTCHA detectado em modo headless. Sugerindo modo visual.
2026-01-27 22:47:41,588 - src.processors.async_processor - ERROR - CAPTCHA detectado para CAM TREINAMENTOS: CAPTCHA detectado. Execute com headless=False para resolver manualmente.
2026-01-27 22:47:41,590 - __main__ - ERROR - Erro em CAM TREINAMENTOS: CAPTCHA: CAPTCHA detectado. Execute com headless=False para resolver manualmente.
2026-01-27 22:47:41,606 - src.processors.async_processor - WARNING - DICA: Execute novamente com headless=False para resolver CAPTCHAs manualmente
2026-01-27 22:47:41,643 - __main__ - INFO - Iniciando: AGEISA ESTETICA
2026-01-27 22:47:41,643 - src.processors.async_processor - INFO - [118/371] Processando: AGEISA ESTETICA
2026-01-27 22:47:41,759 - src.scrappers.google_scraper - INFO - Buscando: "AGEISA ESTETICA" Mogi Mirim
2026-01-27 22:47:45,892 - src.scrappers.google_scraper - WARNING - CAPTCHA detectado via seletor: form#captcha-form
2026-01-27 22:47:45,893 - src.processors.async_processor - WARNING - CAPTCHA detectado para: AGEISA ESTETICA
2026-01-27 22:47:45,903 - __main__ - WARNING - CAPTCHA: AGEISA ESTETICA - CAPTCHA detectado! Aguardando resolução manual...
2026-01-27 22:47:45,903 - src.scrappers.google_scraper - WARNING - CAPTCHA detectado em modo headless. Sugerindo modo visual.
2026-01-27 22:47:45,915 - src.processors.async_processor - ERROR - CAPTCHA detectado para AGEISA ESTETICA: CAPTCHA detectado. Execute com headless=False para resolver manualmente.
2026-01-27 22:47:45,917 - __main__ - ERROR - Erro em AGEISA ESTETICA: CAPTCHA: CAPTCHA detectado. Execute com headless=False para resolver manualmente.
2026-01-27 22:47:45,917 - src.processors.async_processor - WARNING - DICA: Execute novamente com headless=False para resolver CAPTCHAs manualmente
2026-01-27 22:47:45,919 - __main__ - INFO - Iniciando: AZELI
2026-01-27 22:47:45,920 - src.processors.async_processor - INFO - [119/371] Processando: AZELI
2026-01-27 22:47:46,076 - src.scrappers.google_scraper - INFO - Buscando: "AZELI" Mogi Mirim
2026-01-27 22:47:50,640 - src.scrappers.google_scraper - WARNING - CAPTCHA detectado via seletor: form#captcha-form
2026-01-27 22:47:50,641 - src.processors.async_processor - WARNING - CAPTCHA detectado para: AZELI
2026-01-27 22:47:50,658 - __main__ - WARNING - CAPTCHA: AZELI - CAPTCHA detectado! Aguardando resolução manual...
2026-01-27 22:47:50,659 - src.scrappers.google_scraper - WARNING - CAPTCHA detectado em modo headless. Sugerindo modo visual.
2026-01-27 22:47:50,673 - src.processors.async_processor - ERROR - CAPTCHA detectado para AZELI: CAPTCHA detectado. Execute com headless=False para resolver manualmente.
2026-01-27 22:47:50,676 - __main__ - ERROR - Erro em AZELI: CAPTCHA: CAPTCHA detectado. Execute com headless=False para resolver manualmente.
2026-01-27 22:47:50,690 - src.processors.async_processor - WARNING - DICA: Execute novamente com headless=False para resolver CAPTCHAs manualmente
2026-01-27 22:47:50,726 - __main__ - INFO - Iniciando: SIMIONI SPORTS
2026-01-27 22:47:50,727 - src.processors.async_processor - INFO - [120/371] Processando: SIMIONI SPORTS
2026-01-27 22:47:50,837 - src.scrappers.google_scraper - INFO - Buscando: "SIMIONI SPORTS" Mogi Mirim
2026-01-27 22:47:55,666 - src.scrappers.google_scraper - WARNING - CAPTCHA detectado via seletor: form#captcha-form
2026-01-27 22:47:55,667 - src.processors.async_processor - WARNING - CAPTCHA detectado para: SIMIONI SPORTS
2026-01-27 22:47:55,671 - __main__ - WARNING - CAPTCHA: SIMIONI SPORTS - CAPTCHA detectado! Aguardando resolução manual...
2026-01-27 22:47:55,671 - src.scrappers.google_scraper - WARNING - CAPTCHA detectado em modo headless. Sugerindo modo visual.
2026-01-27 22:47:55,684 - src.processors.async_processor - ERROR - CAPTCHA detectado para SIMIONI SPORTS: CAPTCHA detectado. Execute com headless=False para resolver manualmente.
2026-01-27 22:47:55,687 - __main__ - ERROR - Erro em SIMIONI SPORTS: CAPTCHA: CAPTCHA detectado. Execute com headless=False para resolver manualmente.
2026-01-27 22:47:55,687 - src.processors.async_processor - WARNING - DICA: Execute novamente com headless=False para resolver CAPTCHAs manualmente
2026-01-27 22:47:55,688 - __main__ - INFO - Iniciando: OKTW SEMIJOIAS
2026-01-27 22:47:55,690 - src.processors.async_processor - INFO - [121/371] Processando: OKTW SEMIJOIAS
2026-01-27 22:47:55,859 - src.scrappers.google_scraper - INFO - Buscando: "OKTW SEMIJOIAS" Mogi Mirim
2026-01-27 22:48:00,285 - src.scrappers.google_scraper - WARNING - CAPTCHA detectado via seletor: form#captcha-form
2026-01-27 22:48:00,286 - src.processors.async_processor - WARNING - CAPTCHA detectado para: OKTW SEMIJOIAS
2026-01-27 22:48:00,301 - __main__ - WARNING - CAPTCHA: OKTW SEMIJOIAS - CAPTCHA detectado! Aguardando resolução manual...
2026-01-27 22:48:00,301 - src.scrappers.google_scraper - WARNING - CAPTCHA detectado em modo headless. Sugerindo modo visual.
2026-01-27 22:48:00,318 - src.processors.async_processor - ERROR - CAPTCHA detectado para OKTW SEMIJOIAS: CAPTCHA detectado. Execute com headless=False para resolver manualmente.
2026-01-27 22:48:00,321 - __main__ - ERROR - Erro em OKTW SEMIJOIAS: CAPTCHA: CAPTCHA detectado. Execute com headless=False para resolver manualmente.
2026-01-27 22:48:00,321 - src.processors.async_processor - WARNING - DICA: Execute novamente com headless=False para resolver CAPTCHAs manualmente
2026-01-27 22:48:00,322 - __main__ - INFO - Iniciando: MA SORVETES
2026-01-27 22:48:00,324 - src.processors.async_processor - INFO - [122/371] Processando: MA SORVETES
2026-01-27 22:48:00,513 - src.scrappers.google_scraper - INFO - Buscando: "MA SORVETES" Mogi Mirim
2026-01-27 22:48:05,379 - src.scrappers.google_scraper - WARNING - CAPTCHA detectado via seletor: form#captcha-form
2026-01-27 22:48:05,379 - src.processors.async_processor - WARNING - CAPTCHA detectado para: MA SORVETES
2026-01-27 22:48:05,394 - __main__ - WARNING - CAPTCHA: MA SORVETES - CAPTCHA detectado! Aguardando resolução manual...
2026-01-27 22:48:05,395 - src.scrappers.google_scraper - WARNING - CAPTCHA detectado em modo headless. Sugerindo modo visual.
2026-01-27 22:48:05,408 - src.processors.async_processor - ERROR - CAPTCHA detectado para MA SORVETES: CAPTCHA detectado. Execute com headless=False para resolver manualmente.
2026-01-27 22:48:05,411 - __main__ - ERROR - Erro em MA SORVETES: CAPTCHA: CAPTCHA detectado. Execute com headless=False para resolver manualmente.
2026-01-27 22:48:05,412 - src.processors.async_processor - WARNING - DICA: Execute novamente com headless=False para resolver CAPTCHAs manualmente
2026-01-27 22:48:05,413 - __main__ - INFO - Iniciando: HANNDS
2026-01-27 22:48:05,414 - src.processors.async_processor - INFO - [123/371] Processando: HANNDS
2026-01-27 22:48:05,554 - src.scrappers.google_scraper - INFO - Buscando: "HANNDS" Mogi Mirim
2026-01-27 22:48:09,576 - src.scrappers.google_scraper - WARNING - CAPTCHA detectado via seletor: form#captcha-form
2026-01-27 22:48:09,576 - src.processors.async_processor - WARNING - CAPTCHA detectado para: HANNDS
2026-01-27 22:48:09,588 - __main__ - WARNING - CAPTCHA: HANNDS - CAPTCHA detectado! Aguardando resolução manual...
2026-01-27 22:48:09,588 - src.scrappers.google_scraper - WARNING - CAPTCHA detectado em modo headless. Sugerindo modo visual.
2026-01-27 22:48:09,603 - src.processors.async_processor - ERROR - CAPTCHA detectado para HANNDS: CAPTCHA detectado. Execute com headless=False para resolver manualmente.
2026-01-27 22:48:09,605 - __main__ - ERROR - Erro em HANNDS: CAPTCHA: CAPTCHA detectado. Execute com headless=False para resolver manualmente.
2026-01-27 22:48:09,606 - src.processors.async_processor - WARNING - DICA: Execute novamente com headless=False para resolver CAPTCHAs manualmente
2026-01-27 22:48:09,607 - __main__ - INFO - Iniciando: AAC AR CONDICIONADO E CLIMATIZADORES
2026-01-27 22:48:09,608 - src.processors.async_processor - INFO - [124/371] Processando: AAC AR CONDICIONADO E CLIMATIZADORES
2026-01-27 22:48:09,785 - src.scrappers.google_scraper - INFO - Buscando: "AAC AR CONDICIONADO E CLIMATIZADORES" Mogi Mirim
2026-01-27 22:48:13,848 - src.scrappers.google_scraper - WARNING - CAPTCHA detectado via seletor: form#captcha-form
2026-01-27 22:48:13,848 - src.processors.async_processor - WARNING - CAPTCHA detectado para: AAC AR CONDICIONADO E CLIMATIZADORES
2026-01-27 22:48:13,862 - __main__ - WARNING - CAPTCHA: AAC AR CONDICIONADO E CLIMATIZADORES - CAPTCHA detectado! Aguardando resolução manual...
2026-01-27 22:48:13,862 - src.scrappers.google_scraper - WARNING - CAPTCHA detectado em modo headless. Sugerindo modo visual.
2026-01-27 22:48:13,874 - src.processors.async_processor - ERROR - CAPTCHA detectado para AAC AR CONDICIONADO E CLIMATIZADORES: CAPTCHA detectado. Execute com headless=False para resolver manualmente.
2026-01-27 22:48:13,878 - __main__ - ERROR - Erro em AAC AR CONDICIONADO E CLIMATIZADORES: CAPTCHA: CAPTCHA detectado. Execute com headless=False para resolver manualmente.
2026-01-27 22:48:13,878 - src.processors.async_processor - WARNING - DICA: Execute novamente com headless=False para resolver CAPTCHAs manualmente
2026-01-27 22:48:13,880 - __main__ - INFO - Iniciando: CINTHIA VANESSA DA SILVA
2026-01-27 22:48:13,881 - src.processors.async_processor - INFO - [125/371] Processando: CINTHIA VANESSA DA SILVA
2026-01-27 22:48:14,001 - src.scrappers.google_scraper - INFO - Buscando: "CINTHIA VANESSA DA SILVA" Mogi Mirim
2026-01-27 22:48:18,041 - src.scrappers.google_scraper - WARNING - CAPTCHA detectado via seletor: form#captcha-form
2026-01-27 22:48:18,041 - src.processors.async_processor - WARNING - CAPTCHA detectado para: CINTHIA VANESSA DA SILVA
2026-01-27 22:48:18,053 - __main__ - WARNING - CAPTCHA: CINTHIA VANESSA DA SILVA - CAPTCHA detectado! Aguardando resolução manual...
2026-01-27 22:48:18,053 - src.scrappers.google_scraper - WARNING - CAPTCHA detectado em modo headless. Sugerindo modo visual.
2026-01-27 22:48:18,067 - src.processors.async_processor - ERROR - CAPTCHA detectado para CINTHIA VANESSA DA SILVA: CAPTCHA detectado. Execute com headless=False para resolver manualmente.
2026-01-27 22:48:18,070 - __main__ - ERROR - Erro em CINTHIA VANESSA DA SILVA: CAPTCHA: CAPTCHA detectado. Execute com headless=False para resolver manualmente.
2026-01-27 22:48:18,070 - src.processors.async_processor - WARNING - DICA: Execute novamente com headless=False para resolver CAPTCHAs manualmente
2026-01-27 22:48:18,071 - __main__ - INFO - Iniciando: LT VENDAS
2026-01-27 22:48:18,072 - src.processors.async_processor - INFO - [126/371] Processando: LT VENDAS
2026-01-27 22:48:18,259 - src.scrappers.google_scraper - INFO - Buscando: "LT VENDAS" Mogi Mirim
2026-01-27 22:48:22,760 - src.scrappers.google_scraper - WARNING - CAPTCHA detectado via seletor: form#captcha-form
2026-01-27 22:48:22,761 - src.processors.async_processor - WARNING - CAPTCHA detectado para: LT VENDAS
2026-01-27 22:48:22,780 - __main__ - WARNING - CAPTCHA: LT VENDAS - CAPTCHA detectado! Aguardando resolução manual...
2026-01-27 22:48:22,781 - src.scrappers.google_scraper - WARNING - CAPTCHA detectado em modo headless. Sugerindo modo visual.
2026-01-27 22:48:22,791 - src.processors.async_processor - ERROR - CAPTCHA detectado para LT VENDAS: CAPTCHA detectado. Execute com headless=False para resolver manualmente.
2026-01-27 22:48:22,794 - __main__ - ERROR - Erro em LT VENDAS: CAPTCHA: CAPTCHA detectado. Execute com headless=False para resolver manualmente.
2026-01-27 22:48:22,794 - src.processors.async_processor - WARNING - DICA: Execute novamente com headless=False para resolver CAPTCHAs manualmente
2026-01-27 22:48:22,795 - __main__ - INFO - Iniciando: RAFAELLI TRANSPORTES
2026-01-27 22:48:22,796 - src.processors.async_processor - INFO - [127/371] Processando: RAFAELLI TRANSPORTES
2026-01-27 22:48:22,938 - src.scrappers.google_scraper - INFO - Buscando: "RAFAELLI TRANSPORTES" Mogi Mirim
2026-01-27 22:48:27,387 - src.scrappers.google_scraper - WARNING - CAPTCHA detectado via seletor: form#captcha-form
2026-01-27 22:48:27,388 - src.processors.async_processor - WARNING - CAPTCHA detectado para: RAFAELLI TRANSPORTES
2026-01-27 22:48:27,400 - __main__ - WARNING - CAPTCHA: RAFAELLI TRANSPORTES - CAPTCHA detectado! Aguardando resolução manual...
2026-01-27 22:48:27,401 - src.scrappers.google_scraper - WARNING - CAPTCHA detectado em modo headless. Sugerindo modo visual.
2026-01-27 22:48:27,413 - src.processors.async_processor - ERROR - CAPTCHA detectado para RAFAELLI TRANSPORTES: CAPTCHA detectado. Execute com headless=False para resolver manualmente.
2026-01-27 22:48:27,417 - __main__ - ERROR - Erro em RAFAELLI TRANSPORTES: CAPTCHA: CAPTCHA detectado. Execute com headless=False para resolver manualmente.
2026-01-27 22:48:27,417 - src.processors.async_processor - WARNING - DICA: Execute novamente com headless=False para resolver CAPTCHAs manualmente
2026-01-27 22:48:27,418 - __main__ - INFO - Iniciando: LPA LOGISTICA E TRANSPORTES
2026-01-27 22:48:27,420 - src.processors.async_processor - INFO - [128/371] Processando: LPA LOGISTICA E TRANSPORTES
2026-01-27 22:48:27,580 - src.scrappers.google_scraper - INFO - Buscando: "LPA LOGISTICA E TRANSPORTES" Mogi Mirim
2026-01-27 22:48:32,127 - src.scrappers.google_scraper - WARNING - CAPTCHA detectado via seletor: form#captcha-form
2026-01-27 22:48:32,127 - src.processors.async_processor - WARNING - CAPTCHA detectado para: LPA LOGISTICA E TRANSPORTES
2026-01-27 22:48:32,139 - __main__ - WARNING - CAPTCHA: LPA LOGISTICA E TRANSPORTES - CAPTCHA detectado! Aguardando resolução manual...
2026-01-27 22:48:32,140 - src.scrappers.google_scraper - WARNING - CAPTCHA detectado em modo headless. Sugerindo modo visual.
2026-01-27 22:48:32,154 - src.processors.async_processor - ERROR - CAPTCHA detectado para LPA LOGISTICA E TRANSPORTES: CAPTCHA detectado. Execute com headless=False para resolver manualmente.
2026-01-27 22:48:32,157 - __main__ - ERROR - Erro em LPA LOGISTICA E TRANSPORTES: CAPTCHA: CAPTCHA detectado. Execute com headless=False para resolver manualmente.
2026-01-27 22:48:32,157 - src.processors.async_processor - WARNING - DICA: Execute novamente com headless=False para resolver CAPTCHAs manualmente
2026-01-27 22:48:32,209 - __main__ - INFO - Iniciando: WG MOTOS
2026-01-27 22:48:32,210 - src.processors.async_processor - INFO - [129/371] Processando: WG MOTOS
2026-01-27 22:48:32,335 - src.scrappers.google_scraper - INFO - Buscando: "WG MOTOS" Mogi Mirim
2026-01-27 22:48:36,903 - src.scrappers.google_scraper - WARNING - CAPTCHA detectado via seletor: form#captcha-form
2026-01-27 22:48:36,903 - src.processors.async_processor - WARNING - CAPTCHA detectado para: WG MOTOS
2026-01-27 22:48:36,918 - __main__ - WARNING - CAPTCHA: WG MOTOS - CAPTCHA detectado! Aguardando resolução manual...
2026-01-27 22:48:36,919 - src.scrappers.google_scraper - WARNING - CAPTCHA detectado em modo headless. Sugerindo modo visual.
2026-01-27 22:48:36,934 - src.processors.async_processor - ERROR - CAPTCHA detectado para WG MOTOS: CAPTCHA detectado. Execute com headless=False para resolver manualmente.
2026-01-27 22:48:36,937 - __main__ - ERROR - Erro em WG MOTOS: CAPTCHA: CAPTCHA detectado. Execute com headless=False para resolver manualmente.
2026-01-27 22:48:36,937 - src.processors.async_processor - WARNING - DICA: Execute novamente com headless=False para resolver CAPTCHAs manualmente
2026-01-27 22:48:36,938 - __main__ - INFO - Iniciando: Waguinho Nutrigco Animal
2026-01-27 22:48:36,939 - src.processors.async_processor - INFO - [130/371] Processando: Waguinho Nutrigco Animal
2026-01-27 22:48:37,109 - src.scrappers.google_scraper - INFO - Buscando: "Waguinho Nutrigco Animal" Mogi Mirim
2026-01-27 22:48:41,712 - src.scrappers.google_scraper - WARNING - CAPTCHA detectado via seletor: form#captcha-form
2026-01-27 22:48:41,712 - src.processors.async_processor - WARNING - CAPTCHA detectado para: Waguinho Nutrigco Animal
2026-01-27 22:48:41,724 - __main__ - WARNING - CAPTCHA: Waguinho Nutrigco Animal - CAPTCHA detectado! Aguardando resolução manual...
2026-01-27 22:48:41,724 - src.scrappers.google_scraper - WARNING - CAPTCHA detectado em modo headless. Sugerindo modo visual.
2026-01-27 22:48:41,736 - src.processors.async_processor - ERROR - CAPTCHA detectado para Waguinho Nutrigco Animal: CAPTCHA detectado. Execute com headless=False para resolver manualmente.
2026-01-27 22:48:41,739 - __main__ - ERROR - Erro em Waguinho Nutrigco Animal: CAPTCHA: CAPTCHA detectado. Execute com headless=False para resolver manualmente.
2026-01-27 22:48:41,739 - src.processors.async_processor - WARNING - DICA: Execute novamente com headless=False para resolver CAPTCHAs manualmente
2026-01-27 22:48:41,740 - __main__ - INFO - Iniciando: GCS JARDINAGEM
2026-01-27 22:48:41,791 - src.processors.async_processor - INFO - [131/371] Processando: GCS JARDINAGEM
2026-01-27 22:48:41,899 - src.scrappers.google_scraper - INFO - Buscando: "GCS JARDINAGEM" Mogi Mirim
2026-01-27 22:48:46,994 - src.scrappers.google_scraper - WARNING - CAPTCHA detectado via seletor: form#captcha-form
2026-01-27 22:48:46,994 - src.processors.async_processor - WARNING - CAPTCHA detectado para: GCS JARDINAGEM
2026-01-27 22:48:47,011 - __main__ - WARNING - CAPTCHA: GCS JARDINAGEM - CAPTCHA detectado! Aguardando resolução manual...
2026-01-27 22:48:47,012 - src.scrappers.google_scraper - WARNING - CAPTCHA detectado em modo headless. Sugerindo modo visual.
2026-01-27 22:48:47,023 - src.processors.async_processor - ERROR - CAPTCHA detectado para GCS JARDINAGEM: CAPTCHA detectado. Execute com headless=False para resolver manualmente.
2026-01-27 22:48:47,026 - __main__ - ERROR - Erro em GCS JARDINAGEM: CAPTCHA: CAPTCHA detectado. Execute com headless=False para resolver manualmente.
2026-01-27 22:48:47,026 - src.processors.async_processor - WARNING - DICA: Execute novamente com headless=False para resolver CAPTCHAs manualmente
2026-01-27 22:48:47,027 - __main__ - INFO - Iniciando: GRSA
2026-01-27 22:48:47,028 - src.processors.async_processor - INFO - [132/371] Processando: GRSA
2026-01-27 22:48:47,153 - src.scrappers.google_scraper - INFO - Buscando: "GRSA" Mogi Mirim
2026-01-27 22:48:51,354 - src.scrappers.google_scraper - WARNING - CAPTCHA detectado via seletor: form#captcha-form
2026-01-27 22:48:51,355 - src.processors.async_processor - WARNING - CAPTCHA detectado para: GRSA
2026-01-27 22:48:51,367 - __main__ - WARNING - CAPTCHA: GRSA - CAPTCHA detectado! Aguardando resolução manual...
2026-01-27 22:48:51,367 - src.scrappers.google_scraper - WARNING - CAPTCHA detectado em modo headless. Sugerindo modo visual.
2026-01-27 22:48:51,379 - src.processors.async_processor - ERROR - CAPTCHA detectado para GRSA: CAPTCHA detectado. Execute com headless=False para resolver manualmente.
2026-01-27 22:48:51,382 - __main__ - ERROR - Erro em GRSA: CAPTCHA: CAPTCHA detectado. Execute com headless=False para resolver manualmente.
2026-01-27 22:48:51,382 - src.processors.async_processor - WARNING - DICA: Execute novamente com headless=False para resolver CAPTCHAs manualmente
2026-01-27 22:48:51,383 - __main__ - INFO - Iniciando: MC LANCHES
2026-01-27 22:48:51,385 - src.processors.async_processor - INFO - [133/371] Processando: MC LANCHES
2026-01-27 22:48:51,511 - src.scrappers.google_scraper - INFO - Buscando: "MC LANCHES" Mogi Mirim
2026-01-27 22:48:55,608 - src.scrappers.google_scraper - WARNING - CAPTCHA detectado via seletor: form#captcha-form
2026-01-27 22:48:55,609 - src.processors.async_processor - WARNING - CAPTCHA detectado para: MC LANCHES
2026-01-27 22:48:55,623 - __main__ - WARNING - CAPTCHA: MC LANCHES - CAPTCHA detectado! Aguardando resolução manual...
2026-01-27 22:48:55,623 - src.scrappers.google_scraper - WARNING - CAPTCHA detectado em modo headless. Sugerindo modo visual.
2026-01-27 22:48:55,638 - src.processors.async_processor - ERROR - CAPTCHA detectado para MC LANCHES: CAPTCHA detectado. Execute com headless=False para resolver manualmente.
2026-01-27 22:48:55,640 - __main__ - ERROR - Erro em MC LANCHES: CAPTCHA: CAPTCHA detectado. Execute com headless=False para resolver manualmente.
2026-01-27 22:48:55,654 - src.processors.async_processor - WARNING - DICA: Execute novamente com headless=False para resolver CAPTCHAs manualmente
2026-01-27 22:48:55,714 - __main__ - INFO - Iniciando: MARCOS VINICIUS DOS REIS CORREA
2026-01-27 22:48:55,717 - src.processors.async_processor - INFO - [134/371] Processando: MARCOS VINICIUS DOS REIS CORREA
2026-01-27 22:48:55,850 - src.scrappers.google_scraper - INFO - Buscando: "MARCOS VINICIUS DOS REIS CORREA" Mogi Mirim
2026-01-27 22:48:59,960 - src.scrappers.google_scraper - WARNING - CAPTCHA detectado via seletor: form#captcha-form
2026-01-27 22:48:59,961 - src.processors.async_processor - WARNING - CAPTCHA detectado para: MARCOS VINICIUS DOS REIS CORREA
2026-01-27 22:48:59,973 - __main__ - WARNING - CAPTCHA: MARCOS VINICIUS DOS REIS CORREA - CAPTCHA detectado! Aguardando resolução manual...
2026-01-27 22:48:59,973 - src.scrappers.google_scraper - WARNING - CAPTCHA detectado em modo headless. Sugerindo modo visual.
2026-01-27 22:48:59,986 - src.processors.async_processor - ERROR - CAPTCHA detectado para MARCOS VINICIUS DOS REIS CORREA: CAPTCHA detectado. Execute com headless=False para resolver manualmente.
2026-01-27 22:48:59,989 - __main__ - ERROR - Erro em MARCOS VINICIUS DOS REIS CORREA: CAPTCHA: CAPTCHA detectado. Execute com headless=False para resolver manualmente.
2026-01-27 22:48:59,989 - src.processors.async_processor - WARNING - DICA: Execute novamente com headless=False para resolver CAPTCHAs manualmente
2026-01-27 22:48:59,991 - __main__ - INFO - Iniciando: A Bueno
2026-01-27 22:49:00,006 - src.processors.async_processor - INFO - [135/371] Processando: A Bueno
2026-01-27 22:49:00,198 - src.scrappers.google_scraper - INFO - Buscando: "A Bueno" Mogi Mirim
2026-01-27 22:49:05,106 - src.scrappers.google_scraper - WARNING - CAPTCHA detectado via seletor: form#captcha-form
2026-01-27 22:49:05,106 - src.processors.async_processor - WARNING - CAPTCHA detectado para: A Bueno
2026-01-27 22:49:05,117 - __main__ - WARNING - CAPTCHA: A Bueno - CAPTCHA detectado! Aguardando resolução manual...
2026-01-27 22:49:05,118 - src.scrappers.google_scraper - WARNING - CAPTCHA detectado em modo headless. Sugerindo modo visual.
2026-01-27 22:49:05,132 - src.processors.async_processor - ERROR - CAPTCHA detectado para A Bueno: CAPTCHA detectado. Execute com headless=False para resolver manualmente.
2026-01-27 22:49:05,136 - __main__ - ERROR - Erro em A Bueno: CAPTCHA: CAPTCHA detectado. Execute com headless=False para resolver manualmente.
2026-01-27 22:49:05,136 - src.processors.async_processor - WARNING - DICA: Execute novamente com headless=False para resolver CAPTCHAs manualmente
2026-01-27 22:49:05,137 - __main__ - INFO - Iniciando: Moraes e Liberato
2026-01-27 22:49:05,138 - src.processors.async_processor - INFO - [136/371] Processando: Moraes e Liberato
2026-01-27 22:49:05,319 - src.scrappers.google_scraper - INFO - Buscando: "Moraes e Liberato" Mogi Mirim
2026-01-27 22:49:10,123 - src.scrappers.google_scraper - WARNING - CAPTCHA detectado via seletor: form#captcha-form
2026-01-27 22:49:10,123 - src.processors.async_processor - WARNING - CAPTCHA detectado para: Moraes e Liberato
2026-01-27 22:49:10,133 - __main__ - WARNING - CAPTCHA: Moraes e Liberato - CAPTCHA detectado! Aguardando resolução manual...
2026-01-27 22:49:10,134 - src.scrappers.google_scraper - WARNING - CAPTCHA detectado em modo headless. Sugerindo modo visual.
2026-01-27 22:49:10,145 - src.processors.async_processor - ERROR - CAPTCHA detectado para Moraes e Liberato: CAPTCHA detectado. Execute com headless=False para resolver manualmente.
2026-01-27 22:49:10,147 - __main__ - ERROR - Erro em Moraes e Liberato: CAPTCHA: CAPTCHA detectado. Execute com headless=False para resolver manualmente.
2026-01-27 22:49:10,147 - src.processors.async_processor - WARNING - DICA: Execute novamente com headless=False para resolver CAPTCHAs manualmente
2026-01-27 22:49:10,148 - __main__ - INFO - Iniciando: SOUL
2026-01-27 22:49:10,150 - src.processors.async_processor - INFO - [137/371] Processando: SOUL
2026-01-27 22:49:10,296 - src.scrappers.google_scraper - INFO - Buscando: "SOUL" Mogi Mirim
2026-01-27 22:49:14,272 - src.scrappers.google_scraper - WARNING - CAPTCHA detectado via seletor: form#captcha-form
2026-01-27 22:49:14,272 - src.processors.async_processor - WARNING - CAPTCHA detectado para: SOUL
2026-01-27 22:49:14,286 - __main__ - WARNING - CAPTCHA: SOUL - CAPTCHA detectado! Aguardando resolução manual...
2026-01-27 22:49:14,287 - src.scrappers.google_scraper - WARNING - CAPTCHA detectado em modo headless. Sugerindo modo visual.
2026-01-27 22:49:14,304 - src.processors.async_processor - ERROR - CAPTCHA detectado para SOUL: CAPTCHA detectado. Execute com headless=False para resolver manualmente.
2026-01-27 22:49:14,308 - __main__ - ERROR - Erro em SOUL: CAPTCHA: CAPTCHA detectado. Execute com headless=False para resolver manualmente.
2026-01-27 22:49:14,323 - src.processors.async_processor - WARNING - DICA: Execute novamente com headless=False para resolver CAPTCHAs manualmente
2026-01-27 22:49:14,363 - __main__ - INFO - Iniciando: Brecho Cida Stegani
2026-01-27 22:49:14,363 - src.processors.async_processor - INFO - [138/371] Processando: Brecho Cida Stegani
2026-01-27 22:49:14,465 - src.scrappers.google_scraper - INFO - Buscando: "Brecho Cida Stegani" Mogi Mirim
2026-01-27 22:49:18,582 - src.scrappers.google_scraper - WARNING - CAPTCHA detectado via seletor: form#captcha-form
2026-01-27 22:49:18,582 - src.processors.async_processor - WARNING - CAPTCHA detectado para: Brecho Cida Stegani
2026-01-27 22:49:18,593 - __main__ - WARNING - CAPTCHA: Brecho Cida Stegani - CAPTCHA detectado! Aguardando resolução manual...
2026-01-27 22:49:18,593 - src.scrappers.google_scraper - WARNING - CAPTCHA detectado em modo headless. Sugerindo modo visual.
2026-01-27 22:49:18,606 - src.processors.async_processor - ERROR - CAPTCHA detectado para Brecho Cida Stegani: CAPTCHA detectado. Execute com headless=False para resolver manualmente.
2026-01-27 22:49:18,610 - __main__ - ERROR - Erro em Brecho Cida Stegani: CAPTCHA: CAPTCHA detectado. Execute com headless=False para resolver manualmente.
2026-01-27 22:49:18,623 - src.processors.async_processor - WARNING - DICA: Execute novamente com headless=False para resolver CAPTCHAs manualmente
2026-01-27 22:49:18,676 - __main__ - INFO - Iniciando: L C D servicos
2026-01-27 22:49:18,678 - src.processors.async_processor - INFO - [139/371] Processando: L C D servicos
2026-01-27 22:49:18,798 - src.scrappers.google_scraper - INFO - Buscando: "L C D servicos" Mogi Mirim
2026-01-27 22:49:23,195 - src.scrappers.google_scraper - WARNING - CAPTCHA detectado via seletor: form#captcha-form
2026-01-27 22:49:23,195 - src.processors.async_processor - WARNING - CAPTCHA detectado para: L C D servicos
2026-01-27 22:49:23,207 - __main__ - WARNING - CAPTCHA: L C D servicos - CAPTCHA detectado! Aguardando resolução manual...
2026-01-27 22:49:23,208 - src.scrappers.google_scraper - WARNING - CAPTCHA detectado em modo headless. Sugerindo modo visual.
2026-01-27 22:49:23,220 - src.processors.async_processor - ERROR - CAPTCHA detectado para L C D servicos: CAPTCHA detectado. Execute com headless=False para resolver manualmente.
2026-01-27 22:49:23,222 - __main__ - ERROR - Erro em L C D servicos: CAPTCHA: CAPTCHA detectado. Execute com headless=False para resolver manualmente.
2026-01-27 22:49:23,223 - src.processors.async_processor - WARNING - DICA: Execute novamente com headless=False para resolver CAPTCHAs manualmente
2026-01-27 22:49:23,224 - __main__ - INFO - Iniciando: LA NATURA PRODUTOS NATURAIS
2026-01-27 22:49:23,225 - src.processors.async_processor - INFO - [140/371] Processando: LA NATURA PRODUTOS NATURAIS
2026-01-27 22:49:23,416 - src.scrappers.google_scraper - INFO - Buscando: "LA NATURA PRODUTOS NATURAIS" Mogi Mirim
2026-01-27 22:49:27,646 - src.scrappers.google_scraper - WARNING - CAPTCHA detectado via seletor: form#captcha-form
2026-01-27 22:49:27,647 - src.processors.async_processor - WARNING - CAPTCHA detectado para: LA NATURA PRODUTOS NATURAIS
2026-01-27 22:49:27,658 - __main__ - WARNING - CAPTCHA: LA NATURA PRODUTOS NATURAIS - CAPTCHA detectado! Aguardando resolução manual...
2026-01-27 22:49:27,659 - src.scrappers.google_scraper - WARNING - CAPTCHA detectado em modo headless. Sugerindo modo visual.
2026-01-27 22:49:27,672 - src.processors.async_processor - ERROR - CAPTCHA detectado para LA NATURA PRODUTOS NATURAIS: CAPTCHA detectado. Execute com headless=False para resolver manualmente.
2026-01-27 22:49:27,675 - __main__ - ERROR - Erro em LA NATURA PRODUTOS NATURAIS: CAPTCHA: CAPTCHA detectado. Execute com headless=False para resolver manualmente.
2026-01-27 22:49:27,690 - src.processors.async_processor - WARNING - DICA: Execute novamente com headless=False para resolver CAPTCHAs manualmente
2026-01-27 22:49:27,757 - __main__ - INFO - Iniciando: A M MATERIAIS ELETRICOS
2026-01-27 22:49:27,759 - src.processors.async_processor - INFO - [141/371] Processando: A M MATERIAIS ELETRICOS
2026-01-27 22:49:27,923 - src.scrappers.google_scraper - INFO - Buscando: "A M MATERIAIS ELETRICOS" Mogi Mirim
2026-01-27 22:49:32,165 - src.scrappers.google_scraper - WARNING - CAPTCHA detectado via seletor: form#captcha-form
2026-01-27 22:49:32,165 - src.processors.async_processor - WARNING - CAPTCHA detectado para: A M MATERIAIS ELETRICOS
2026-01-27 22:49:32,179 - __main__ - WARNING - CAPTCHA: A M MATERIAIS ELETRICOS - CAPTCHA detectado! Aguardando resolução manual...
2026-01-27 22:49:32,179 - src.scrappers.google_scraper - WARNING - CAPTCHA detectado em modo headless. Sugerindo modo visual.
2026-01-27 22:49:32,195 - src.processors.async_processor - ERROR - CAPTCHA detectado para A M MATERIAIS ELETRICOS: CAPTCHA detectado. Execute com headless=False para resolver manualmente.
2026-01-27 22:49:32,198 - __main__ - ERROR - Erro em A M MATERIAIS ELETRICOS: CAPTCHA: CAPTCHA detectado. Execute com headless=False para resolver manualmente.
2026-01-27 22:49:32,198 - src.processors.async_processor - WARNING - DICA: Execute novamente com headless=False para resolver CAPTCHAs manualmente
2026-01-27 22:49:32,200 - __main__ - INFO - Iniciando: INSUL GLASS
2026-01-27 22:49:32,201 - src.processors.async_processor - INFO - [142/371] Processando: INSUL GLASS
2026-01-27 22:49:32,328 - src.scrappers.google_scraper - INFO - Buscando: "INSUL GLASS" Mogi Mirim
2026-01-27 22:49:36,719 - src.scrappers.google_scraper - WARNING - CAPTCHA detectado via seletor: form#captcha-form
2026-01-27 22:49:36,719 - src.processors.async_processor - WARNING - CAPTCHA detectado para: INSUL GLASS
2026-01-27 22:49:36,730 - __main__ - WARNING - CAPTCHA: INSUL GLASS - CAPTCHA detectado! Aguardando resolução manual...
2026-01-27 22:49:36,730 - src.scrappers.google_scraper - WARNING - CAPTCHA detectado em modo headless. Sugerindo modo visual.
2026-01-27 22:49:36,742 - src.processors.async_processor - ERROR - CAPTCHA detectado para INSUL GLASS: CAPTCHA detectado. Execute com headless=False para resolver manualmente.
2026-01-27 22:49:36,744 - __main__ - ERROR - Erro em INSUL GLASS: CAPTCHA: CAPTCHA detectado. Execute com headless=False para resolver manualmente.
2026-01-27 22:49:36,745 - src.processors.async_processor - WARNING - DICA: Execute novamente com headless=False para resolver CAPTCHAs manualmente
2026-01-27 22:49:36,745 - __main__ - INFO - Iniciando: MARIA FAXINAS
2026-01-27 22:49:36,746 - src.processors.async_processor - INFO - [143/371] Processando: MARIA FAXINAS
2026-01-27 22:49:36,881 - src.scrappers.google_scraper - INFO - Buscando: "MARIA FAXINAS" Mogi Mirim
2026-01-27 22:49:41,442 - src.scrappers.google_scraper - WARNING - CAPTCHA detectado via seletor: form#captcha-form
2026-01-27 22:49:41,442 - src.processors.async_processor - WARNING - CAPTCHA detectado para: MARIA FAXINAS
2026-01-27 22:49:41,453 - __main__ - WARNING - CAPTCHA: MARIA FAXINAS - CAPTCHA detectado! Aguardando resolução manual...
2026-01-27 22:49:41,454 - src.scrappers.google_scraper - WARNING - CAPTCHA detectado em modo headless. Sugerindo modo visual.
2026-01-27 22:49:41,465 - src.processors.async_processor - ERROR - CAPTCHA detectado para MARIA FAXINAS: CAPTCHA detectado. Execute com headless=False para resolver manualmente.
2026-01-27 22:49:41,468 - __main__ - ERROR - Erro em MARIA FAXINAS: CAPTCHA: CAPTCHA detectado. Execute com headless=False para resolver manualmente.
2026-01-27 22:49:41,469 - src.processors.async_processor - WARNING - DICA: Execute novamente com headless=False para resolver CAPTCHAs manualmente
2026-01-27 22:49:41,470 - __main__ - INFO - Iniciando: DAMI CITRUS
2026-01-27 22:49:41,471 - src.processors.async_processor - INFO - [144/371] Processando: DAMI CITRUS
2026-01-27 22:49:41,721 - src.scrappers.google_scraper - INFO - Buscando: "DAMI CITRUS" Mogi Mirim
2026-01-27 22:49:45,642 - src.scrappers.google_scraper - WARNING - CAPTCHA detectado via seletor: form#captcha-form
2026-01-27 22:49:45,642 - src.processors.async_processor - WARNING - CAPTCHA detectado para: DAMI CITRUS
2026-01-27 22:49:45,654 - __main__ - WARNING - CAPTCHA: DAMI CITRUS - CAPTCHA detectado! Aguardando resolução manual...
2026-01-27 22:49:45,655 - src.scrappers.google_scraper - WARNING - CAPTCHA detectado em modo headless. Sugerindo modo visual.
2026-01-27 22:49:45,666 - src.processors.async_processor - ERROR - CAPTCHA detectado para DAMI CITRUS: CAPTCHA detectado. Execute com headless=False para resolver manualmente.
2026-01-27 22:49:45,669 - __main__ - ERROR - Erro em DAMI CITRUS: CAPTCHA: CAPTCHA detectado. Execute com headless=False para resolver manualmente.
2026-01-27 22:49:45,670 - src.processors.async_processor - WARNING - DICA: Execute novamente com headless=False para resolver CAPTCHAs manualmente
2026-01-27 22:49:45,671 - __main__ - INFO - Iniciando: TEODORO CONSULTORIA E FERRAMENTARIA
2026-01-27 22:49:45,671 - src.processors.async_processor - INFO - [145/371] Processando: TEODORO CONSULTORIA E FERRAMENTARIA
2026-01-27 22:49:45,853 - src.scrappers.google_scraper - INFO - Buscando: "TEODORO CONSULTORIA E FERRAMENTARIA" Mogi Mirim
2026-01-27 22:49:50,143 - src.scrappers.google_scraper - WARNING - CAPTCHA detectado via seletor: form#captcha-form
2026-01-27 22:49:50,143 - src.processors.async_processor - WARNING - CAPTCHA detectado para: TEODORO CONSULTORIA E FERRAMENTARIA
2026-01-27 22:49:50,159 - __main__ - WARNING - CAPTCHA: TEODORO CONSULTORIA E FERRAMENTARIA - CAPTCHA detectado! Aguardando resolução manual...
2026-01-27 22:49:50,159 - src.scrappers.google_scraper - WARNING - CAPTCHA detectado em modo headless. Sugerindo modo visual.
2026-01-27 22:49:50,171 - src.processors.async_processor - ERROR - CAPTCHA detectado para TEODORO CONSULTORIA E FERRAMENTARIA: CAPTCHA detectado. Execute com headless=False para resolver manualmente.
2026-01-27 22:49:50,173 - __main__ - ERROR - Erro em TEODORO CONSULTORIA E FERRAMENTARIA: CAPTCHA: CAPTCHA detectado. Execute com headless=False para resolver manualmente.
2026-01-27 22:49:50,174 - src.processors.async_processor - WARNING - DICA: Execute novamente com headless=False para resolver CAPTCHAs manualmente
2026-01-27 22:49:50,175 - __main__ - INFO - Iniciando: PARADA MOGI RESTAURANTE
2026-01-27 22:49:50,227 - src.processors.async_processor - INFO - [146/371] Processando: PARADA MOGI RESTAURANTE
2026-01-27 22:49:50,340 - src.scrappers.google_scraper - INFO - Buscando: "PARADA MOGI RESTAURANTE" Mogi Mirim
2026-01-27 22:49:55,458 - src.scrappers.google_scraper - WARNING - CAPTCHA detectado via seletor: form#captcha-form
2026-01-27 22:49:55,459 - src.processors.async_processor - WARNING - CAPTCHA detectado para: PARADA MOGI RESTAURANTE
2026-01-27 22:49:55,473 - __main__ - WARNING - CAPTCHA: PARADA MOGI RESTAURANTE - CAPTCHA detectado! Aguardando resolução manual...
2026-01-27 22:49:55,473 - src.scrappers.google_scraper - WARNING - CAPTCHA detectado em modo headless. Sugerindo modo visual.
2026-01-27 22:49:55,487 - src.processors.async_processor - ERROR - CAPTCHA detectado para PARADA MOGI RESTAURANTE: CAPTCHA detectado. Execute com headless=False para resolver manualmente.
2026-01-27 22:49:55,490 - __main__ - ERROR - Erro em PARADA MOGI RESTAURANTE: CAPTCHA: CAPTCHA detectado. Execute com headless=False para resolver manualmente.
2026-01-27 22:49:55,490 - src.processors.async_processor - WARNING - DICA: Execute novamente com headless=False para resolver CAPTCHAs manualmente
2026-01-27 22:49:55,491 - __main__ - INFO - Iniciando: ADVANCE CONSTRUCOES
2026-01-27 22:49:55,561 - src.processors.async_processor - INFO - [147/371] Processando: ADVANCE CONSTRUCOES
2026-01-27 22:49:55,703 - src.scrappers.google_scraper - INFO - Buscando: "ADVANCE CONSTRUCOES" Mogi Mirim
2026-01-27 22:49:59,615 - src.scrappers.google_scraper - WARNING - CAPTCHA detectado via seletor: form#captcha-form
2026-01-27 22:49:59,615 - src.processors.async_processor - WARNING - CAPTCHA detectado para: ADVANCE CONSTRUCOES
2026-01-27 22:49:59,626 - __main__ - WARNING - CAPTCHA: ADVANCE CONSTRUCOES - CAPTCHA detectado! Aguardando resolução manual...
2026-01-27 22:49:59,626 - src.scrappers.google_scraper - WARNING - CAPTCHA detectado em modo headless. Sugerindo modo visual.
2026-01-27 22:49:59,638 - src.processors.async_processor - ERROR - CAPTCHA detectado para ADVANCE CONSTRUCOES: CAPTCHA detectado. Execute com headless=False para resolver manualmente.
2026-01-27 22:49:59,641 - __main__ - ERROR - Erro em ADVANCE CONSTRUCOES: CAPTCHA: CAPTCHA detectado. Execute com headless=False para resolver manualmente.
2026-01-27 22:49:59,642 - src.processors.async_processor - WARNING - DICA: Execute novamente com headless=False para resolver CAPTCHAs manualmente
2026-01-27 22:49:59,702 - __main__ - INFO - Iniciando: MADEB ADMINISTRADORA
2026-01-27 22:49:59,703 - src.processors.async_processor - INFO - [148/371] Processando: MADEB ADMINISTRADORA
2026-01-27 22:49:59,837 - src.scrappers.google_scraper - INFO - Buscando: "MADEB ADMINISTRADORA" Mogi Mirim
2026-01-27 22:50:05,125 - src.scrappers.google_scraper - WARNING - CAPTCHA detectado via seletor: form#captcha-form
2026-01-27 22:50:05,125 - src.processors.async_processor - WARNING - CAPTCHA detectado para: MADEB ADMINISTRADORA
2026-01-27 22:50:05,137 - __main__ - WARNING - CAPTCHA: MADEB ADMINISTRADORA - CAPTCHA detectado! Aguardando resolução manual...
2026-01-27 22:50:05,138 - src.scrappers.google_scraper - WARNING - CAPTCHA detectado em modo headless. Sugerindo modo visual.
2026-01-27 22:50:05,150 - src.processors.async_processor - ERROR - CAPTCHA detectado para MADEB ADMINISTRADORA: CAPTCHA detectado. Execute com headless=False para resolver manualmente.
2026-01-27 22:50:05,153 - __main__ - ERROR - Erro em MADEB ADMINISTRADORA: CAPTCHA: CAPTCHA detectado. Execute com headless=False para resolver manualmente.
2026-01-27 22:50:05,154 - src.processors.async_processor - WARNING - DICA: Execute novamente com headless=False para resolver CAPTCHAs manualmente
2026-01-27 22:50:05,155 - __main__ - INFO - Iniciando: RAFAELA CARNEIRO - DESENVOLVIMENTO HUMANO
2026-01-27 22:50:05,156 - src.processors.async_processor - INFO - [149/371] Processando: RAFAELA CARNEIRO - DESENVOLVIMENTO HUMANO
2026-01-27 22:50:05,334 - src.scrappers.google_scraper - INFO - Buscando: "RAFAELA CARNEIRO - DESENVOLVIMENTO HUMANO" Mogi Mirim
2026-01-27 22:50:10,236 - src.scrappers.google_scraper - WARNING - CAPTCHA detectado via seletor: form#captcha-form
2026-01-27 22:50:10,236 - src.processors.async_processor - WARNING - CAPTCHA detectado para: RAFAELA CARNEIRO - DESENVOLVIMENTO HUMANO
2026-01-27 22:50:10,248 - __main__ - WARNING - CAPTCHA: RAFAELA CARNEIRO - DESENVOLVIMENTO HUMANO - CAPTCHA detectado! Aguardando resolução manual...
2026-01-27 22:50:10,249 - src.scrappers.google_scraper - WARNING - CAPTCHA detectado em modo headless. Sugerindo modo visual.
2026-01-27 22:50:10,260 - src.processors.async_processor - ERROR - CAPTCHA detectado para RAFAELA CARNEIRO - DESENVOLVIMENTO HUMANO: CAPTCHA detectado. Execute com headless=False para resolver manualmente.
2026-01-27 22:50:10,263 - __main__ - ERROR - Erro em RAFAELA CARNEIRO - DESENVOLVIMENTO HUMANO: CAPTCHA: CAPTCHA detectado. Execute com headless=False para resolver manualmente.
2026-01-27 22:50:10,263 - src.processors.async_processor - WARNING - DICA: Execute novamente com headless=False para resolver CAPTCHAs manualmente
2026-01-27 22:50:10,264 - __main__ - INFO - Iniciando: PLENO
2026-01-27 22:50:10,265 - src.processors.async_processor - INFO - [150/371] Processando: PLENO
2026-01-27 22:50:10,406 - src.scrappers.google_scraper - INFO - Buscando: "PLENO" Mogi Mirim
2026-01-27 22:50:15,597 - src.scrappers.google_scraper - WARNING - CAPTCHA detectado via seletor: form#captcha-form
2026-01-27 22:50:15,598 - src.processors.async_processor - WARNING - CAPTCHA detectado para: PLENO
2026-01-27 22:50:15,609 - __main__ - WARNING - CAPTCHA: PLENO - CAPTCHA detectado! Aguardando resolução manual...
2026-01-27 22:50:15,610 - src.scrappers.google_scraper - WARNING - CAPTCHA detectado em modo headless. Sugerindo modo visual.
2026-01-27 22:50:15,623 - src.processors.async_processor - ERROR - CAPTCHA detectado para PLENO: CAPTCHA detectado. Execute com headless=False para resolver manualmente.
2026-01-27 22:50:15,626 - __main__ - ERROR - Erro em PLENO: CAPTCHA: CAPTCHA detectado. Execute com headless=False para resolver manualmente.
2026-01-27 22:50:15,639 - src.processors.async_processor - WARNING - DICA: Execute novamente com headless=False para resolver CAPTCHAs manualmente
2026-01-27 22:50:15,688 - __main__ - INFO - Iniciando: CONDOMINIO VILAGIO DO SOL
2026-01-27 22:50:15,690 - src.processors.async_processor - INFO - [151/371] Processando: CONDOMINIO VILAGIO DO SOL
2026-01-27 22:50:15,807 - src.scrappers.google_scraper - INFO - Buscando: "CONDOMINIO VILAGIO DO SOL" Mogi Mirim
2026-01-27 22:50:20,412 - src.scrappers.google_scraper - WARNING - CAPTCHA detectado via seletor: form#captcha-form
2026-01-27 22:50:20,413 - src.processors.async_processor - WARNING - CAPTCHA detectado para: CONDOMINIO VILAGIO DO SOL
2026-01-27 22:50:20,424 - __main__ - WARNING - CAPTCHA: CONDOMINIO VILAGIO DO SOL - CAPTCHA detectado! Aguardando resolução manual...
2026-01-27 22:50:20,425 - src.scrappers.google_scraper - WARNING - CAPTCHA detectado em modo headless. Sugerindo modo visual.
2026-01-27 22:50:20,437 - src.processors.async_processor - ERROR - CAPTCHA detectado para CONDOMINIO VILAGIO DO SOL: CAPTCHA detectado. Execute com headless=False para resolver manualmente.
2026-01-27 22:50:20,440 - __main__ - ERROR - Erro em CONDOMINIO VILAGIO DO SOL: CAPTCHA: CAPTCHA detectado. Execute com headless=False para resolver manualmente.
2026-01-27 22:50:20,440 - src.processors.async_processor - WARNING - DICA: Execute novamente com headless=False para resolver CAPTCHAs manualmente
2026-01-27 22:50:20,498 - __main__ - INFO - Iniciando: ESC SYNGREWSTON
2026-01-27 22:50:20,500 - src.processors.async_processor - INFO - [152/371] Processando: ESC SYNGREWSTON
2026-01-27 22:50:20,620 - src.scrappers.google_scraper - INFO - Buscando: "ESC SYNGREWSTON" Mogi Mirim
2026-01-27 22:50:24,980 - src.scrappers.google_scraper - WARNING - CAPTCHA detectado via seletor: form#captcha-form
2026-01-27 22:50:24,980 - src.processors.async_processor - WARNING - CAPTCHA detectado para: ESC SYNGREWSTON
2026-01-27 22:50:24,992 - __main__ - WARNING - CAPTCHA: ESC SYNGREWSTON - CAPTCHA detectado! Aguardando resolução manual...
2026-01-27 22:50:24,993 - src.scrappers.google_scraper - WARNING - CAPTCHA detectado em modo headless. Sugerindo modo visual.
2026-01-27 22:50:25,004 - src.processors.async_processor - ERROR - CAPTCHA detectado para ESC SYNGREWSTON: CAPTCHA detectado. Execute com headless=False para resolver manualmente.
2026-01-27 22:50:25,006 - __main__ - ERROR - Erro em ESC SYNGREWSTON: CAPTCHA: CAPTCHA detectado. Execute com headless=False para resolver manualmente.
2026-01-27 22:50:25,007 - src.processors.async_processor - WARNING - DICA: Execute novamente com headless=False para resolver CAPTCHAs manualmente
2026-01-27 22:50:25,008 - __main__ - INFO - Iniciando: BRECHO DA JESSY
2026-01-27 22:50:25,056 - src.processors.async_processor - INFO - [153/371] Processando: BRECHO DA JESSY
2026-01-27 22:50:25,172 - src.scrappers.google_scraper - INFO - Buscando: "BRECHO DA JESSY" Mogi Mirim
2026-01-27 22:50:29,222 - src.scrappers.google_scraper - WARNING - CAPTCHA detectado via seletor: form#captcha-form
2026-01-27 22:50:29,222 - src.processors.async_processor - WARNING - CAPTCHA detectado para: BRECHO DA JESSY
2026-01-27 22:50:29,230 - __main__ - WARNING - CAPTCHA: BRECHO DA JESSY - CAPTCHA detectado! Aguardando resolução manual...
2026-01-27 22:50:29,231 - src.scrappers.google_scraper - WARNING - CAPTCHA detectado em modo headless. Sugerindo modo visual.
2026-01-27 22:50:29,243 - src.processors.async_processor - ERROR - CAPTCHA detectado para BRECHO DA JESSY: CAPTCHA detectado. Execute com headless=False para resolver manualmente.
2026-01-27 22:50:29,246 - __main__ - ERROR - Erro em BRECHO DA JESSY: CAPTCHA: CAPTCHA detectado. Execute com headless=False para resolver manualmente.
2026-01-27 22:50:29,246 - src.processors.async_processor - WARNING - DICA: Execute novamente com headless=False para resolver CAPTCHAs manualmente
2026-01-27 22:50:29,247 - __main__ - INFO - Iniciando: NASCIMENTO
2026-01-27 22:50:29,248 - src.processors.async_processor - INFO - [154/371] Processando: NASCIMENTO
2026-01-27 22:50:29,372 - src.scrappers.google_scraper - INFO - Buscando: "NASCIMENTO" Mogi Mirim
2026-01-27 22:50:33,636 - src.scrappers.google_scraper - WARNING - CAPTCHA detectado via seletor: form#captcha-form
2026-01-27 22:50:33,636 - src.processors.async_processor - WARNING - CAPTCHA detectado para: NASCIMENTO
2026-01-27 22:50:33,646 - __main__ - WARNING - CAPTCHA: NASCIMENTO - CAPTCHA detectado! Aguardando resolução manual...
2026-01-27 22:50:33,647 - src.scrappers.google_scraper - WARNING - CAPTCHA detectado em modo headless. Sugerindo modo visual.
2026-01-27 22:50:33,657 - src.processors.async_processor - ERROR - CAPTCHA detectado para NASCIMENTO: CAPTCHA detectado. Execute com headless=False para resolver manualmente.
2026-01-27 22:50:33,660 - __main__ - ERROR - Erro em NASCIMENTO: CAPTCHA: CAPTCHA detectado. Execute com headless=False para resolver manualmente.
2026-01-27 22:50:33,660 - src.processors.async_processor - WARNING - DICA: Execute novamente com headless=False para resolver CAPTCHAs manualmente
2026-01-27 22:50:33,661 - __main__ - INFO - Iniciando: TRATOR FORTE
2026-01-27 22:50:33,662 - src.processors.async_processor - INFO - [155/371] Processando: TRATOR FORTE
2026-01-27 22:50:33,793 - src.scrappers.google_scraper - INFO - Buscando: "TRATOR FORTE" Mogi Mirim
2026-01-27 22:50:38,560 - src.scrappers.google_scraper - WARNING - CAPTCHA detectado via seletor: form#captcha-form
2026-01-27 22:50:38,560 - src.processors.async_processor - WARNING - CAPTCHA detectado para: TRATOR FORTE
2026-01-27 22:50:38,572 - __main__ - WARNING - CAPTCHA: TRATOR FORTE - CAPTCHA detectado! Aguardando resolução manual...
2026-01-27 22:50:38,572 - src.scrappers.google_scraper - WARNING - CAPTCHA detectado em modo headless. Sugerindo modo visual.
2026-01-27 22:50:38,584 - src.processors.async_processor - ERROR - CAPTCHA detectado para TRATOR FORTE: CAPTCHA detectado. Execute com headless=False para resolver manualmente.
2026-01-27 22:50:38,587 - __main__ - ERROR - Erro em TRATOR FORTE: CAPTCHA: CAPTCHA detectado. Execute com headless=False para resolver manualmente.
2026-01-27 22:50:38,587 - src.processors.async_processor - WARNING - DICA: Execute novamente com headless=False para resolver CAPTCHAs manualmente
2026-01-27 22:50:38,589 - __main__ - INFO - Iniciando: AVA
2026-01-27 22:50:38,589 - src.processors.async_processor - INFO - [156/371] Processando: AVA
2026-01-27 22:50:38,777 - src.scrappers.google_scraper - INFO - Buscando: "AVA" Mogi Mirim
2026-01-27 22:50:42,666 - src.scrappers.google_scraper - WARNING - CAPTCHA detectado via seletor: form#captcha-form
2026-01-27 22:50:42,666 - src.processors.async_processor - WARNING - CAPTCHA detectado para: AVA
2026-01-27 22:50:42,669 - __main__ - WARNING - CAPTCHA: AVA - CAPTCHA detectado! Aguardando resolução manual...
2026-01-27 22:50:42,670 - src.scrappers.google_scraper - WARNING - CAPTCHA detectado em modo headless. Sugerindo modo visual.
2026-01-27 22:50:42,683 - src.processors.async_processor - ERROR - CAPTCHA detectado para AVA: CAPTCHA detectado. Execute com headless=False para resolver manualmente.
2026-01-27 22:50:42,686 - __main__ - ERROR - Erro em AVA: CAPTCHA: CAPTCHA detectado. Execute com headless=False para resolver manualmente.
2026-01-27 22:50:42,687 - src.processors.async_processor - WARNING - DICA: Execute novamente com headless=False para resolver CAPTCHAs manualmente
2026-01-27 22:50:42,688 - __main__ - INFO - Iniciando: BOOM VARIEDADES
2026-01-27 22:50:42,689 - src.processors.async_processor - INFO - [157/371] Processando: BOOM VARIEDADES
2026-01-27 22:50:42,873 - src.scrappers.google_scraper - INFO - Buscando: "BOOM VARIEDADES" Mogi Mirim
2026-01-27 22:50:47,170 - src.scrappers.google_scraper - WARNING - CAPTCHA detectado via seletor: form#captcha-form
2026-01-27 22:50:47,170 - src.processors.async_processor - WARNING - CAPTCHA detectado para: BOOM VARIEDADES
2026-01-27 22:50:47,181 - __main__ - WARNING - CAPTCHA: BOOM VARIEDADES - CAPTCHA detectado! Aguardando resolução manual...
2026-01-27 22:50:47,182 - src.scrappers.google_scraper - WARNING - CAPTCHA detectado em modo headless. Sugerindo modo visual.
2026-01-27 22:50:47,193 - src.processors.async_processor - ERROR - CAPTCHA detectado para BOOM VARIEDADES: CAPTCHA detectado. Execute com headless=False para resolver manualmente.
2026-01-27 22:50:47,196 - __main__ - ERROR - Erro em BOOM VARIEDADES: CAPTCHA: CAPTCHA detectado. Execute com headless=False para resolver manualmente.
2026-01-27 22:50:47,196 - src.processors.async_processor - WARNING - DICA: Execute novamente com headless=False para resolver CAPTCHAs manualmente
2026-01-27 22:50:47,197 - __main__ - INFO - Iniciando: JOSE RICARDO
2026-01-27 22:50:47,199 - src.processors.async_processor - INFO - [158/371] Processando: JOSE RICARDO
2026-01-27 22:50:47,345 - src.scrappers.google_scraper - INFO - Buscando: "JOSE RICARDO" Mogi Mirim
2026-01-27 22:50:52,208 - src.scrappers.google_scraper - WARNING - CAPTCHA detectado via seletor: form#captcha-form
2026-01-27 22:50:52,209 - src.processors.async_processor - WARNING - CAPTCHA detectado para: JOSE RICARDO
2026-01-27 22:50:52,219 - __main__ - WARNING - CAPTCHA: JOSE RICARDO - CAPTCHA detectado! Aguardando resolução manual...
2026-01-27 22:50:52,220 - src.scrappers.google_scraper - WARNING - CAPTCHA detectado em modo headless. Sugerindo modo visual.
2026-01-27 22:50:52,231 - src.processors.async_processor - ERROR - CAPTCHA detectado para JOSE RICARDO: CAPTCHA detectado. Execute com headless=False para resolver manualmente.
2026-01-27 22:50:52,234 - __main__ - ERROR - Erro em JOSE RICARDO: CAPTCHA: CAPTCHA detectado. Execute com headless=False para resolver manualmente.
2026-01-27 22:50:52,235 - src.processors.async_processor - WARNING - DICA: Execute novamente com headless=False para resolver CAPTCHAs manualmente
2026-01-27 22:50:52,236 - __main__ - INFO - Iniciando: MOGI PLACAS MERCOSUL
2026-01-27 22:50:52,237 - src.processors.async_processor - INFO - [159/371] Processando: MOGI PLACAS MERCOSUL
2026-01-27 22:50:52,396 - src.scrappers.google_scraper - INFO - Buscando: "MOGI PLACAS MERCOSUL" Mogi Mirim
2026-01-27 22:50:56,710 - src.scrappers.google_scraper - WARNING - CAPTCHA detectado via seletor: form#captcha-form
2026-01-27 22:50:56,710 - src.processors.async_processor - WARNING - CAPTCHA detectado para: MOGI PLACAS MERCOSUL
2026-01-27 22:50:56,721 - __main__ - WARNING - CAPTCHA: MOGI PLACAS MERCOSUL - CAPTCHA detectado! Aguardando resolução manual...
2026-01-27 22:50:56,721 - src.scrappers.google_scraper - WARNING - CAPTCHA detectado em modo headless. Sugerindo modo visual.
2026-01-27 22:50:56,733 - src.processors.async_processor - ERROR - CAPTCHA detectado para MOGI PLACAS MERCOSUL: CAPTCHA detectado. Execute com headless=False para resolver manualmente.
2026-01-27 22:50:56,735 - __main__ - ERROR - Erro em MOGI PLACAS MERCOSUL: CAPTCHA: CAPTCHA detectado. Execute com headless=False para resolver manualmente.
2026-01-27 22:50:56,736 - src.processors.async_processor - WARNING - DICA: Execute novamente com headless=False para resolver CAPTCHAs manualmente
2026-01-27 22:50:56,737 - __main__ - INFO - Iniciando: ARTE NA MADEIRA
2026-01-27 22:50:56,738 - src.processors.async_processor - INFO - [160/371] Processando: ARTE NA MADEIRA
2026-01-27 22:50:56,919 - src.scrappers.google_scraper - INFO - Buscando: "ARTE NA MADEIRA" Mogi Mirim
2026-01-27 22:51:00,922 - src.scrappers.google_scraper - WARNING - CAPTCHA detectado via seletor: form#captcha-form
2026-01-27 22:51:00,922 - src.processors.async_processor - WARNING - CAPTCHA detectado para: ARTE NA MADEIRA
2026-01-27 22:51:00,935 - __main__ - WARNING - CAPTCHA: ARTE NA MADEIRA - CAPTCHA detectado! Aguardando resolução manual...
2026-01-27 22:51:00,935 - src.scrappers.google_scraper - WARNING - CAPTCHA detectado em modo headless. Sugerindo modo visual.
2026-01-27 22:51:00,945 - src.processors.async_processor - ERROR - CAPTCHA detectado para ARTE NA MADEIRA: CAPTCHA detectado. Execute com headless=False para resolver manualmente.
2026-01-27 22:51:00,948 - __main__ - ERROR - Erro em ARTE NA MADEIRA: CAPTCHA: CAPTCHA detectado. Execute com headless=False para resolver manualmente.
2026-01-27 22:51:00,948 - src.processors.async_processor - WARNING - DICA: Execute novamente com headless=False para resolver CAPTCHAs manualmente
2026-01-27 22:51:00,949 - __main__ - INFO - Iniciando: REVISAO PINTURA E ESTETICA AUTOMOTIVA
2026-01-27 22:51:00,951 - src.processors.async_processor - INFO - [161/371] Processando: REVISAO PINTURA E ESTETICA AUTOMOTIVA
2026-01-27 22:51:01,081 - src.scrappers.google_scraper - INFO - Buscando: "REVISAO PINTURA E ESTETICA AUTOMOTIVA" Mogi Mirim
2026-01-27 22:51:05,696 - src.scrappers.google_scraper - WARNING - CAPTCHA detectado via seletor: form#captcha-form
2026-01-27 22:51:05,696 - src.processors.async_processor - WARNING - CAPTCHA detectado para: REVISAO PINTURA E ESTETICA AUTOMOTIVA
2026-01-27 22:51:05,715 - __main__ - WARNING - CAPTCHA: REVISAO PINTURA E ESTETICA AUTOMOTIVA - CAPTCHA detectado! Aguardando resolução manual...
2026-01-27 22:51:05,715 - src.scrappers.google_scraper - WARNING - CAPTCHA detectado em modo headless. Sugerindo modo visual.
2026-01-27 22:51:05,727 - src.processors.async_processor - ERROR - CAPTCHA detectado para REVISAO PINTURA E ESTETICA AUTOMOTIVA: CAPTCHA detectado. Execute com headless=False para resolver manualmente.
2026-01-27 22:51:05,729 - __main__ - ERROR - Erro em REVISAO PINTURA E ESTETICA AUTOMOTIVA: CAPTCHA: CAPTCHA detectado. Execute com headless=False para resolver manualmente.
2026-01-27 22:51:05,730 - src.processors.async_processor - WARNING - DICA: Execute novamente com headless=False para resolver CAPTCHAs manualmente
2026-01-27 22:51:05,731 - __main__ - INFO - Iniciando: JR LIMPEZA
2026-01-27 22:51:05,731 - src.processors.async_processor - INFO - [162/371] Processando: JR LIMPEZA
2026-01-27 22:51:05,861 - src.scrappers.google_scraper - INFO - Buscando: "JR LIMPEZA" Mogi Mirim
2026-01-27 22:51:10,534 - src.scrappers.google_scraper - WARNING - CAPTCHA detectado via seletor: form#captcha-form
2026-01-27 22:51:10,534 - src.processors.async_processor - WARNING - CAPTCHA detectado para: JR LIMPEZA
2026-01-27 22:51:10,543 - __main__ - WARNING - CAPTCHA: JR LIMPEZA - CAPTCHA detectado! Aguardando resolução manual...
2026-01-27 22:51:10,544 - src.scrappers.google_scraper - WARNING - CAPTCHA detectado em modo headless. Sugerindo modo visual.
2026-01-27 22:51:10,554 - src.processors.async_processor - ERROR - CAPTCHA detectado para JR LIMPEZA: CAPTCHA detectado. Execute com headless=False para resolver manualmente.
2026-01-27 22:51:10,556 - __main__ - ERROR - Erro em JR LIMPEZA: CAPTCHA: CAPTCHA detectado. Execute com headless=False para resolver manualmente.
2026-01-27 22:51:10,557 - src.processors.async_processor - WARNING - DICA: Execute novamente com headless=False para resolver CAPTCHAs manualmente
2026-01-27 22:51:10,558 - __main__ - INFO - Iniciando: LET'S DO IT
2026-01-27 22:51:10,559 - src.processors.async_processor - INFO - [163/371] Processando: LET'S DO IT
2026-01-27 22:51:10,717 - src.scrappers.google_scraper - INFO - Buscando: "LET'S DO IT" Mogi Mirim
2026-01-27 22:51:14,857 - src.scrappers.google_scraper - WARNING - CAPTCHA detectado via seletor: form#captcha-form
2026-01-27 22:51:14,857 - src.processors.async_processor - WARNING - CAPTCHA detectado para: LET'S DO IT
2026-01-27 22:51:14,870 - __main__ - WARNING - CAPTCHA: LET'S DO IT - CAPTCHA detectado! Aguardando resolução manual...
2026-01-27 22:51:14,870 - src.scrappers.google_scraper - WARNING - CAPTCHA detectado em modo headless. Sugerindo modo visual.
2026-01-27 22:51:14,880 - src.processors.async_processor - ERROR - CAPTCHA detectado para LET'S DO IT: CAPTCHA detectado. Execute com headless=False para resolver manualmente.
2026-01-27 22:51:14,883 - __main__ - ERROR - Erro em LET'S DO IT: CAPTCHA: CAPTCHA detectado. Execute com headless=False para resolver manualmente.
2026-01-27 22:51:14,883 - src.processors.async_processor - WARNING - DICA: Execute novamente com headless=False para resolver CAPTCHAs manualmente
2026-01-27 22:51:14,884 - __main__ - INFO - Iniciando: LIMAS ATELIER
2026-01-27 22:51:14,885 - src.processors.async_processor - INFO - [164/371] Processando: LIMAS ATELIER
2026-01-27 22:51:15,061 - src.scrappers.google_scraper - INFO - Buscando: "LIMAS ATELIER" Mogi Mirim
2026-01-27 22:51:19,647 - src.scrappers.google_scraper - WARNING - CAPTCHA detectado via seletor: form#captcha-form
2026-01-27 22:51:19,648 - src.processors.async_processor - WARNING - CAPTCHA detectado para: LIMAS ATELIER
2026-01-27 22:51:19,658 - __main__ - WARNING - CAPTCHA: LIMAS ATELIER - CAPTCHA detectado! Aguardando resolução manual...
2026-01-27 22:51:19,659 - src.scrappers.google_scraper - WARNING - CAPTCHA detectado em modo headless. Sugerindo modo visual.
2026-01-27 22:51:19,670 - src.processors.async_processor - ERROR - CAPTCHA detectado para LIMAS ATELIER: CAPTCHA detectado. Execute com headless=False para resolver manualmente.
2026-01-27 22:51:19,672 - __main__ - ERROR - Erro em LIMAS ATELIER: CAPTCHA: CAPTCHA detectado. Execute com headless=False para resolver manualmente.
2026-01-27 22:51:19,673 - src.processors.async_processor - WARNING - DICA: Execute novamente com headless=False para resolver CAPTCHAs manualmente
2026-01-27 22:51:19,674 - __main__ - INFO - Iniciando: F L ROLAMENTOS
2026-01-27 22:51:19,726 - src.processors.async_processor - INFO - [165/371] Processando: F L ROLAMENTOS
2026-01-27 22:51:19,853 - src.scrappers.google_scraper - INFO - Buscando: "F L ROLAMENTOS" Mogi Mirim
2026-01-27 22:51:23,713 - src.scrappers.google_scraper - WARNING - CAPTCHA detectado via seletor: form#captcha-form
2026-01-27 22:51:23,713 - src.processors.async_processor - WARNING - CAPTCHA detectado para: F L ROLAMENTOS
2026-01-27 22:51:23,723 - __main__ - WARNING - CAPTCHA: F L ROLAMENTOS - CAPTCHA detectado! Aguardando resolução manual...
2026-01-27 22:51:23,724 - src.scrappers.google_scraper - WARNING - CAPTCHA detectado em modo headless. Sugerindo modo visual.
2026-01-27 22:51:23,736 - src.processors.async_processor - ERROR - CAPTCHA detectado para F L ROLAMENTOS: CAPTCHA detectado. Execute com headless=False para resolver manualmente.
2026-01-27 22:51:23,739 - __main__ - ERROR - Erro em F L ROLAMENTOS: CAPTCHA: CAPTCHA detectado. Execute com headless=False para resolver manualmente.
2026-01-27 22:51:23,740 - src.processors.async_processor - WARNING - DICA: Execute novamente com headless=False para resolver CAPTCHAs manualmente
2026-01-27 22:51:23,741 - __main__ - INFO - Iniciando: ENTREGAS MARCHIORI
2026-01-27 22:51:23,742 - src.processors.async_processor - INFO - [166/371] Processando: ENTREGAS MARCHIORI
2026-01-27 22:51:23,949 - src.scrappers.google_scraper - INFO - Buscando: "ENTREGAS MARCHIORI" Mogi Mirim
2026-01-27 22:51:28,141 - src.scrappers.google_scraper - WARNING - CAPTCHA detectado via seletor: form#captcha-form
2026-01-27 22:51:28,141 - src.processors.async_processor - WARNING - CAPTCHA detectado para: ENTREGAS MARCHIORI
2026-01-27 22:51:28,152 - __main__ - WARNING - CAPTCHA: ENTREGAS MARCHIORI - CAPTCHA detectado! Aguardando resolução manual...
2026-01-27 22:51:28,152 - src.scrappers.google_scraper - WARNING - CAPTCHA detectado em modo headless. Sugerindo modo visual.
2026-01-27 22:51:28,163 - src.processors.async_processor - ERROR - CAPTCHA detectado para ENTREGAS MARCHIORI: CAPTCHA detectado. Execute com headless=False para resolver manualmente.
2026-01-27 22:51:28,167 - __main__ - ERROR - Erro em ENTREGAS MARCHIORI: CAPTCHA: CAPTCHA detectado. Execute com headless=False para resolver manualmente.
2026-01-27 22:51:28,168 - src.processors.async_processor - WARNING - DICA: Execute novamente com headless=False para resolver CAPTCHAs manualmente
2026-01-27 22:51:28,169 - __main__ - INFO - Iniciando: A7 ENGENHARIA
2026-01-27 22:51:28,170 - src.processors.async_processor - INFO - [167/371] Processando: A7 ENGENHARIA
2026-01-27 22:51:28,362 - src.scrappers.google_scraper - INFO - Buscando: "A7 ENGENHARIA" Mogi Mirim
2026-01-27 22:51:32,613 - src.scrappers.google_scraper - WARNING - CAPTCHA detectado via seletor: form#captcha-form
2026-01-27 22:51:32,613 - src.processors.async_processor - WARNING - CAPTCHA detectado para: A7 ENGENHARIA
2026-01-27 22:51:32,623 - __main__ - WARNING - CAPTCHA: A7 ENGENHARIA - CAPTCHA detectado! Aguardando resolução manual...
2026-01-27 22:51:32,624 - src.scrappers.google_scraper - WARNING - CAPTCHA detectado em modo headless. Sugerindo modo visual.
2026-01-27 22:51:32,635 - src.processors.async_processor - ERROR - CAPTCHA detectado para A7 ENGENHARIA: CAPTCHA detectado. Execute com headless=False para resolver manualmente.
2026-01-27 22:51:32,638 - __main__ - ERROR - Erro em A7 ENGENHARIA: CAPTCHA: CAPTCHA detectado. Execute com headless=False para resolver manualmente.
2026-01-27 22:51:32,638 - src.processors.async_processor - WARNING - DICA: Execute novamente com headless=False para resolver CAPTCHAs manualmente
2026-01-27 22:51:32,640 - __main__ - INFO - Iniciando: VAS INFORMATICA
2026-01-27 22:51:32,640 - src.processors.async_processor - INFO - [168/371] Processando: VAS INFORMATICA
2026-01-27 22:51:32,803 - src.scrappers.google_scraper - INFO - Buscando: "VAS INFORMATICA" Mogi Mirim
2026-01-27 22:51:36,735 - src.scrappers.google_scraper - WARNING - CAPTCHA detectado via seletor: form#captcha-form
2026-01-27 22:51:36,735 - src.processors.async_processor - WARNING - CAPTCHA detectado para: VAS INFORMATICA
2026-01-27 22:51:36,746 - __main__ - WARNING - CAPTCHA: VAS INFORMATICA - CAPTCHA detectado! Aguardando resolução manual...
2026-01-27 22:51:36,746 - src.scrappers.google_scraper - WARNING - CAPTCHA detectado em modo headless. Sugerindo modo visual.
2026-01-27 22:51:36,758 - src.processors.async_processor - ERROR - CAPTCHA detectado para VAS INFORMATICA: CAPTCHA detectado. Execute com headless=False para resolver manualmente.
2026-01-27 22:51:36,760 - __main__ - ERROR - Erro em VAS INFORMATICA: CAPTCHA: CAPTCHA detectado. Execute com headless=False para resolver manualmente.
2026-01-27 22:51:36,761 - src.processors.async_processor - WARNING - DICA: Execute novamente com headless=False para resolver CAPTCHAs manualmente
2026-01-27 22:51:36,762 - __main__ - INFO - Iniciando: COMERCIAL JHONATAN
2026-01-27 22:51:36,763 - src.processors.async_processor - INFO - [169/371] Processando: COMERCIAL JHONATAN
2026-01-27 22:51:36,896 - src.scrappers.google_scraper - INFO - Buscando: "COMERCIAL JHONATAN" Mogi Mirim
2026-01-27 22:51:41,587 - src.scrappers.google_scraper - WARNING - CAPTCHA detectado via seletor: form#captcha-form
2026-01-27 22:51:41,587 - src.processors.async_processor - WARNING - CAPTCHA detectado para: COMERCIAL JHONATAN
2026-01-27 22:51:41,601 - __main__ - WARNING - CAPTCHA: COMERCIAL JHONATAN - CAPTCHA detectado! Aguardando resolução manual...
2026-01-27 22:51:41,602 - src.scrappers.google_scraper - WARNING - CAPTCHA detectado em modo headless. Sugerindo modo visual.
2026-01-27 22:51:41,615 - src.processors.async_processor - ERROR - CAPTCHA detectado para COMERCIAL JHONATAN: CAPTCHA detectado. Execute com headless=False para resolver manualmente.
2026-01-27 22:51:41,618 - __main__ - ERROR - Erro em COMERCIAL JHONATAN: CAPTCHA: CAPTCHA detectado. Execute com headless=False para resolver manualmente.
2026-01-27 22:51:41,619 - src.processors.async_processor - WARNING - DICA: Execute novamente com headless=False para resolver CAPTCHAs manualmente
2026-01-27 22:51:41,620 - __main__ - INFO - Iniciando: TIAGO FRANCO PERSONAL TRAINER
2026-01-27 22:51:41,621 - src.processors.async_processor - INFO - [170/371] Processando: TIAGO FRANCO PERSONAL TRAINER
2026-01-27 22:51:41,794 - src.scrappers.google_scraper - INFO - Buscando: "TIAGO FRANCO PERSONAL TRAINER" Mogi Mirim
2026-01-27 22:51:46,030 - src.scrappers.google_scraper - WARNING - CAPTCHA detectado via seletor: form#captcha-form
2026-01-27 22:51:46,030 - src.processors.async_processor - WARNING - CAPTCHA detectado para: TIAGO FRANCO PERSONAL TRAINER
2026-01-27 22:51:46,048 - __main__ - WARNING - CAPTCHA: TIAGO FRANCO PERSONAL TRAINER - CAPTCHA detectado! Aguardando resolução manual...
2026-01-27 22:51:46,048 - src.scrappers.google_scraper - WARNING - CAPTCHA detectado em modo headless. Sugerindo modo visual.
2026-01-27 22:51:46,060 - src.processors.async_processor - ERROR - CAPTCHA detectado para TIAGO FRANCO PERSONAL TRAINER: CAPTCHA detectado. Execute com headless=False para resolver manualmente.
2026-01-27 22:51:46,063 - __main__ - ERROR - Erro em TIAGO FRANCO PERSONAL TRAINER: CAPTCHA: CAPTCHA detectado. Execute com headless=False para resolver manualmente.
2026-01-27 22:51:46,063 - src.processors.async_processor - WARNING - DICA: Execute novamente com headless=False para resolver CAPTCHAs manualmente
2026-01-27 22:51:46,064 - __main__ - INFO - Iniciando: ***
2026-01-27 22:51:46,065 - src.processors.async_processor - INFO - [171/371] Processando: ***
2026-01-27 22:51:46,225 - src.scrappers.google_scraper - INFO - Buscando: "***" Mogi Mirim
2026-01-27 22:51:50,455 - src.scrappers.google_scraper - WARNING - CAPTCHA detectado via seletor: form#captcha-form
2026-01-27 22:51:50,456 - src.processors.async_processor - WARNING - CAPTCHA detectado para: ***
2026-01-27 22:51:50,473 - __main__ - WARNING - CAPTCHA: *** - CAPTCHA detectado! Aguardando resolução manual...
2026-01-27 22:51:50,473 - src.scrappers.google_scraper - WARNING - CAPTCHA detectado em modo headless. Sugerindo modo visual.
2026-01-27 22:51:50,488 - src.processors.async_processor - ERROR - CAPTCHA detectado para ***: CAPTCHA detectado. Execute com headless=False para resolver manualmente.
2026-01-27 22:51:50,491 - __main__ - ERROR - Erro em ***: CAPTCHA: CAPTCHA detectado. Execute com headless=False para resolver manualmente.
2026-01-27 22:51:50,506 - src.processors.async_processor - WARNING - DICA: Execute novamente com headless=False para resolver CAPTCHAs manualmente
2026-01-27 22:51:50,540 - __main__ - INFO - Iniciando: CONDOMINIO EDIFICIO ITAPARICA
2026-01-27 22:51:50,541 - src.processors.async_processor - INFO - [172/371] Processando: CONDOMINIO EDIFICIO ITAPARICA
2026-01-27 22:51:50,652 - src.scrappers.google_scraper - INFO - Buscando: "CONDOMINIO EDIFICIO ITAPARICA" Mogi Mirim
2026-01-27 22:51:54,560 - src.scrappers.google_scraper - WARNING - CAPTCHA detectado via seletor: form#captcha-form
2026-01-27 22:51:54,561 - src.processors.async_processor - WARNING - CAPTCHA detectado para: CONDOMINIO EDIFICIO ITAPARICA
2026-01-27 22:51:54,572 - __main__ - WARNING - CAPTCHA: CONDOMINIO EDIFICIO ITAPARICA - CAPTCHA detectado! Aguardando resolução manual...
2026-01-27 22:51:54,573 - src.scrappers.google_scraper - WARNING - CAPTCHA detectado em modo headless. Sugerindo modo visual.
2026-01-27 22:51:54,587 - src.processors.async_processor - ERROR - CAPTCHA detectado para CONDOMINIO EDIFICIO ITAPARICA: CAPTCHA detectado. Execute com headless=False para resolver manualmente.
2026-01-27 22:51:54,590 - __main__ - ERROR - Erro em CONDOMINIO EDIFICIO ITAPARICA: CAPTCHA: CAPTCHA detectado. Execute com headless=False para resolver manualmente.
2026-01-27 22:51:54,591 - src.processors.async_processor - WARNING - DICA: Execute novamente com headless=False para resolver CAPTCHAs manualmente
2026-01-27 22:51:54,645 - __main__ - INFO - Iniciando: MAK SERVICE
2026-01-27 22:51:54,646 - src.processors.async_processor - INFO - [173/371] Processando: MAK SERVICE
2026-01-27 22:51:54,786 - src.scrappers.google_scraper - INFO - Buscando: "MAK SERVICE" Mogi Mirim
2026-01-27 22:51:58,754 - src.scrappers.google_scraper - WARNING - CAPTCHA detectado via seletor: form#captcha-form
2026-01-27 22:51:58,754 - src.processors.async_processor - WARNING - CAPTCHA detectado para: MAK SERVICE
2026-01-27 22:51:58,764 - __main__ - WARNING - CAPTCHA: MAK SERVICE - CAPTCHA detectado! Aguardando resolução manual...
2026-01-27 22:51:58,765 - src.scrappers.google_scraper - WARNING - CAPTCHA detectado em modo headless. Sugerindo modo visual.
2026-01-27 22:51:58,779 - src.processors.async_processor - ERROR - CAPTCHA detectado para MAK SERVICE: CAPTCHA detectado. Execute com headless=False para resolver manualmente.
2026-01-27 22:51:58,782 - __main__ - ERROR - Erro em MAK SERVICE: CAPTCHA: CAPTCHA detectado. Execute com headless=False para resolver manualmente.
2026-01-27 22:51:58,782 - src.processors.async_processor - WARNING - DICA: Execute novamente com headless=False para resolver CAPTCHAs manualmente
2026-01-27 22:51:58,784 - __main__ - INFO - Iniciando: CANTINHO DOCE
2026-01-27 22:51:58,785 - src.processors.async_processor - INFO - [174/371] Processando: CANTINHO DOCE
2026-01-27 22:51:58,923 - src.scrappers.google_scraper - INFO - Buscando: "CANTINHO DOCE" Mogi Mirim
2026-01-27 22:52:03,370 - src.scrappers.google_scraper - WARNING - CAPTCHA detectado via seletor: form#captcha-form
2026-01-27 22:52:03,371 - src.processors.async_processor - WARNING - CAPTCHA detectado para: CANTINHO DOCE
2026-01-27 22:52:03,384 - __main__ - WARNING - CAPTCHA: CANTINHO DOCE - CAPTCHA detectado! Aguardando resolução manual...
2026-01-27 22:52:03,385 - src.scrappers.google_scraper - WARNING - CAPTCHA detectado em modo headless. Sugerindo modo visual.
2026-01-27 22:52:03,398 - src.processors.async_processor - ERROR - CAPTCHA detectado para CANTINHO DOCE: CAPTCHA detectado. Execute com headless=False para resolver manualmente.
2026-01-27 22:52:03,401 - __main__ - ERROR - Erro em CANTINHO DOCE: CAPTCHA: CAPTCHA detectado. Execute com headless=False para resolver manualmente.
2026-01-27 22:52:03,402 - src.processors.async_processor - WARNING - DICA: Execute novamente com headless=False para resolver CAPTCHAs manualmente
2026-01-27 22:52:03,403 - __main__ - INFO - Iniciando: DELIVERY URBANO
2026-01-27 22:52:03,404 - src.processors.async_processor - INFO - [175/371] Processando: DELIVERY URBANO
2026-01-27 22:52:03,611 - src.scrappers.google_scraper - INFO - Buscando: "DELIVERY URBANO" Mogi Mirim
2026-01-27 22:52:08,366 - src.scrappers.google_scraper - WARNING - CAPTCHA detectado via seletor: form#captcha-form
2026-01-27 22:52:08,366 - src.processors.async_processor - WARNING - CAPTCHA detectado para: DELIVERY URBANO
2026-01-27 22:52:08,378 - __main__ - WARNING - CAPTCHA: DELIVERY URBANO - CAPTCHA detectado! Aguardando resolução manual...
2026-01-27 22:52:08,379 - src.scrappers.google_scraper - WARNING - CAPTCHA detectado em modo headless. Sugerindo modo visual.
2026-01-27 22:52:08,392 - src.processors.async_processor - ERROR - CAPTCHA detectado para DELIVERY URBANO: CAPTCHA detectado. Execute com headless=False para resolver manualmente.
2026-01-27 22:52:08,395 - __main__ - ERROR - Erro em DELIVERY URBANO: CAPTCHA: CAPTCHA detectado. Execute com headless=False para resolver manualmente.
2026-01-27 22:52:08,396 - src.processors.async_processor - WARNING - DICA: Execute novamente com headless=False para resolver CAPTCHAs manualmente
2026-01-27 22:52:08,396 - __main__ - INFO - Iniciando: ALFA CITRUS
2026-01-27 22:52:08,397 - src.processors.async_processor - INFO - [176/371] Processando: ALFA CITRUS
2026-01-27 22:52:08,542 - src.scrappers.google_scraper - INFO - Buscando: "ALFA CITRUS" Mogi Mirim
2026-01-27 22:52:13,290 - src.scrappers.google_scraper - WARNING - CAPTCHA detectado via seletor: form#captcha-form
2026-01-27 22:52:13,290 - src.processors.async_processor - WARNING - CAPTCHA detectado para: ALFA CITRUS
2026-01-27 22:52:13,303 - __main__ - WARNING - CAPTCHA: ALFA CITRUS - CAPTCHA detectado! Aguardando resolução manual...
2026-01-27 22:52:13,304 - src.scrappers.google_scraper - WARNING - CAPTCHA detectado em modo headless. Sugerindo modo visual.
2026-01-27 22:52:13,317 - src.processors.async_processor - ERROR - CAPTCHA detectado para ALFA CITRUS: CAPTCHA detectado. Execute com headless=False para resolver manualmente.
2026-01-27 22:52:13,320 - __main__ - ERROR - Erro em ALFA CITRUS: CAPTCHA: CAPTCHA detectado. Execute com headless=False para resolver manualmente.
2026-01-27 22:52:13,320 - src.processors.async_processor - WARNING - DICA: Execute novamente com headless=False para resolver CAPTCHAs manualmente
2026-01-27 22:52:13,321 - __main__ - INFO - Iniciando: AMARO DESENVOLVIMENTO DE NEGOCIOS
2026-01-27 22:52:13,322 - src.processors.async_processor - INFO - [177/371] Processando: AMARO DESENVOLVIMENTO DE NEGOCIOS
2026-01-27 22:52:13,477 - src.scrappers.google_scraper - INFO - Buscando: "AMARO DESENVOLVIMENTO DE NEGOCIOS" Mogi Mirim
2026-01-27 22:52:17,790 - src.scrappers.google_scraper - WARNING - CAPTCHA detectado via seletor: form#captcha-form
2026-01-27 22:52:17,791 - src.processors.async_processor - WARNING - CAPTCHA detectado para: AMARO DESENVOLVIMENTO DE NEGOCIOS
2026-01-27 22:52:17,803 - __main__ - WARNING - CAPTCHA: AMARO DESENVOLVIMENTO DE NEGOCIOS - CAPTCHA detectado! Aguardando resolução manual...
2026-01-27 22:52:17,804 - src.scrappers.google_scraper - WARNING - CAPTCHA detectado em modo headless. Sugerindo modo visual.
2026-01-27 22:52:17,814 - src.processors.async_processor - ERROR - CAPTCHA detectado para AMARO DESENVOLVIMENTO DE NEGOCIOS: CAPTCHA detectado. Execute com headless=False para resolver manualmente.
2026-01-27 22:52:17,818 - __main__ - ERROR - Erro em AMARO DESENVOLVIMENTO DE NEGOCIOS: CAPTCHA: CAPTCHA detectado. Execute com headless=False para resolver manualmente.
2026-01-27 22:52:17,818 - src.processors.async_processor - WARNING - DICA: Execute novamente com headless=False para resolver CAPTCHAs manualmente
2026-01-27 22:52:17,819 - __main__ - INFO - Iniciando: DAI MAKE UP
2026-01-27 22:52:17,820 - src.processors.async_processor - INFO - [178/371] Processando: DAI MAKE UP
2026-01-27 22:52:17,994 - src.scrappers.google_scraper - INFO - Buscando: "DAI MAKE UP" Mogi Mirim
2026-01-27 22:52:22,082 - src.scrappers.google_scraper - WARNING - CAPTCHA detectado via seletor: form#captcha-form
2026-01-27 22:52:22,082 - src.processors.async_processor - WARNING - CAPTCHA detectado para: DAI MAKE UP
2026-01-27 22:52:22,093 - __main__ - WARNING - CAPTCHA: DAI MAKE UP - CAPTCHA detectado! Aguardando resolução manual...
2026-01-27 22:52:22,093 - src.scrappers.google_scraper - WARNING - CAPTCHA detectado em modo headless. Sugerindo modo visual.
2026-01-27 22:52:22,105 - src.processors.async_processor - ERROR - CAPTCHA detectado para DAI MAKE UP: CAPTCHA detectado. Execute com headless=False para resolver manualmente.
2026-01-27 22:52:22,108 - __main__ - ERROR - Erro em DAI MAKE UP: CAPTCHA: CAPTCHA detectado. Execute com headless=False para resolver manualmente.
2026-01-27 22:52:22,123 - src.processors.async_processor - WARNING - DICA: Execute novamente com headless=False para resolver CAPTCHAs manualmente
2026-01-27 22:52:22,157 - __main__ - INFO - Iniciando: BS AGENCIA DE DESCARTE ELETRONICO
2026-01-27 22:52:22,157 - src.processors.async_processor - INFO - [179/371] Processando: BS AGENCIA DE DESCARTE ELETRONICO
2026-01-27 22:52:22,294 - src.scrappers.google_scraper - INFO - Buscando: "BS AGENCIA DE DESCARTE ELETRONICO" Mogi Mirim
2026-01-27 22:52:27,054 - src.scrappers.google_scraper - WARNING - CAPTCHA detectado via seletor: form#captcha-form
2026-01-27 22:52:27,054 - src.processors.async_processor - WARNING - CAPTCHA detectado para: BS AGENCIA DE DESCARTE ELETRONICO
2026-01-27 22:52:27,063 - __main__ - WARNING - CAPTCHA: BS AGENCIA DE DESCARTE ELETRONICO - CAPTCHA detectado! Aguardando resolução manual...
2026-01-27 22:52:27,064 - src.scrappers.google_scraper - WARNING - CAPTCHA detectado em modo headless. Sugerindo modo visual.
2026-01-27 22:52:27,076 - src.processors.async_processor - ERROR - CAPTCHA detectado para BS AGENCIA DE DESCARTE ELETRONICO: CAPTCHA detectado. Execute com headless=False para resolver manualmente.
2026-01-27 22:52:27,079 - __main__ - ERROR - Erro em BS AGENCIA DE DESCARTE ELETRONICO: CAPTCHA: CAPTCHA detectado. Execute com headless=False para resolver manualmente.
2026-01-27 22:52:27,079 - src.processors.async_processor - WARNING - DICA: Execute novamente com headless=False para resolver CAPTCHAs manualmente
2026-01-27 22:52:27,080 - __main__ - INFO - Iniciando: ESTEVAN SIMIONI MEI
2026-01-27 22:52:27,081 - src.processors.async_processor - INFO - [180/371] Processando: ESTEVAN SIMIONI MEI
2026-01-27 22:52:27,221 - src.scrappers.google_scraper - INFO - Buscando: "ESTEVAN SIMIONI MEI" Mogi Mirim
2026-01-27 22:52:31,914 - src.scrappers.google_scraper - WARNING - CAPTCHA detectado via seletor: form#captcha-form
2026-01-27 22:52:31,914 - src.processors.async_processor - WARNING - CAPTCHA detectado para: ESTEVAN SIMIONI MEI
2026-01-27 22:52:31,925 - __main__ - WARNING - CAPTCHA: ESTEVAN SIMIONI MEI - CAPTCHA detectado! Aguardando resolução manual...
2026-01-27 22:52:31,926 - src.scrappers.google_scraper - WARNING - CAPTCHA detectado em modo headless. Sugerindo modo visual.
2026-01-27 22:52:31,939 - src.processors.async_processor - ERROR - CAPTCHA detectado para ESTEVAN SIMIONI MEI: CAPTCHA detectado. Execute com headless=False para resolver manualmente.
2026-01-27 22:52:31,942 - __main__ - ERROR - Erro em ESTEVAN SIMIONI MEI: CAPTCHA: CAPTCHA detectado. Execute com headless=False para resolver manualmente.
2026-01-27 22:52:31,956 - src.processors.async_processor - WARNING - DICA: Execute novamente com headless=False para resolver CAPTCHAs manualmente
2026-01-27 22:52:32,006 - __main__ - INFO - Iniciando: DEL BIANCHI MAIS
2026-01-27 22:52:32,007 - src.processors.async_processor - INFO - [181/371] Processando: DEL BIANCHI MAIS
2026-01-27 22:52:32,137 - src.scrappers.google_scraper - INFO - Buscando: "DEL BIANCHI MAIS" Mogi Mirim
2026-01-27 22:52:36,997 - src.scrappers.google_scraper - WARNING - CAPTCHA detectado via seletor: form#captcha-form
2026-01-27 22:52:36,997 - src.processors.async_processor - WARNING - CAPTCHA detectado para: DEL BIANCHI MAIS
2026-01-27 22:52:37,008 - __main__ - WARNING - CAPTCHA: DEL BIANCHI MAIS - CAPTCHA detectado! Aguardando resolução manual...
2026-01-27 22:52:37,008 - src.scrappers.google_scraper - WARNING - CAPTCHA detectado em modo headless. Sugerindo modo visual.
2026-01-27 22:52:37,020 - src.processors.async_processor - ERROR - CAPTCHA detectado para DEL BIANCHI MAIS: CAPTCHA detectado. Execute com headless=False para resolver manualmente.
2026-01-27 22:52:37,022 - __main__ - ERROR - Erro em DEL BIANCHI MAIS: CAPTCHA: CAPTCHA detectado. Execute com headless=False para resolver manualmente.
2026-01-27 22:52:37,023 - src.processors.async_processor - WARNING - DICA: Execute novamente com headless=False para resolver CAPTCHAs manualmente
2026-01-27 22:52:37,024 - __main__ - INFO - Iniciando: SAINZ COMERCIO DE PRODUTOS AUTOMOTIVOS E LIMPEZA
2026-01-27 22:52:37,071 - src.processors.async_processor - INFO - [182/371] Processando: SAINZ COMERCIO DE PRODUTOS AUTOMOTIVOS E LIMPEZA
2026-01-27 22:52:37,185 - src.scrappers.google_scraper - INFO - Buscando: "SAINZ COMERCIO DE PRODUTOS AUTOMOTIVOS E LIMPEZA" Mogi Mirim
2026-01-27 22:52:41,949 - src.scrappers.google_scraper - WARNING - CAPTCHA detectado via seletor: form#captcha-form
2026-01-27 22:52:41,950 - src.processors.async_processor - WARNING - CAPTCHA detectado para: SAINZ COMERCIO DE PRODUTOS AUTOMOTIVOS E LIMPEZA
2026-01-27 22:52:41,962 - __main__ - WARNING - CAPTCHA: SAINZ COMERCIO DE PRODUTOS AUTOMOTIVOS E LIMPEZA - CAPTCHA detectado! Aguardando resolução manual...
2026-01-27 22:52:41,962 - src.scrappers.google_scraper - WARNING - CAPTCHA detectado em modo headless. Sugerindo modo visual.
2026-01-27 22:52:41,973 - src.processors.async_processor - ERROR - CAPTCHA detectado para SAINZ COMERCIO DE PRODUTOS AUTOMOTIVOS E LIMPEZA: CAPTCHA detectado. Execute com headless=False para resolver manualmente.
2026-01-27 22:52:41,977 - __main__ - ERROR - Erro em SAINZ COMERCIO DE PRODUTOS AUTOMOTIVOS E LIMPEZA: CAPTCHA: CAPTCHA detectado. Execute com headless=False para resolver manualmente.
2026-01-27 22:52:41,977 - src.processors.async_processor - WARNING - DICA: Execute novamente com headless=False para resolver CAPTCHAs manualmente
2026-01-27 22:52:41,978 - __main__ - INFO - Iniciando: K10 CONSTRUTORA
2026-01-27 22:52:41,980 - src.processors.async_processor - INFO - [183/371] Processando: K10 CONSTRUTORA
2026-01-27 22:52:42,113 - src.scrappers.google_scraper - INFO - Buscando: "K10 CONSTRUTORA" Mogi Mirim
2026-01-27 22:52:46,735 - src.scrappers.google_scraper - WARNING - CAPTCHA detectado via seletor: form#captcha-form
2026-01-27 22:52:46,735 - src.processors.async_processor - WARNING - CAPTCHA detectado para: K10 CONSTRUTORA
2026-01-27 22:52:46,745 - __main__ - WARNING - CAPTCHA: K10 CONSTRUTORA - CAPTCHA detectado! Aguardando resolução manual...
2026-01-27 22:52:46,746 - src.scrappers.google_scraper - WARNING - CAPTCHA detectado em modo headless. Sugerindo modo visual.
2026-01-27 22:52:46,758 - src.processors.async_processor - ERROR - CAPTCHA detectado para K10 CONSTRUTORA: CAPTCHA detectado. Execute com headless=False para resolver manualmente.
2026-01-27 22:52:46,761 - __main__ - ERROR - Erro em K10 CONSTRUTORA: CAPTCHA: CAPTCHA detectado. Execute com headless=False para resolver manualmente.
2026-01-27 22:52:46,761 - src.processors.async_processor - WARNING - DICA: Execute novamente com headless=False para resolver CAPTCHAs manualmente
2026-01-27 22:52:46,762 - __main__ - INFO - Iniciando: OLIVER
2026-01-27 22:52:46,763 - src.processors.async_processor - INFO - [184/371] Processando: OLIVER
2026-01-27 22:52:46,894 - src.scrappers.google_scraper - INFO - Buscando: "OLIVER" Mogi Mirim
2026-01-27 22:52:51,146 - src.scrappers.google_scraper - WARNING - CAPTCHA detectado via seletor: form#captcha-form
2026-01-27 22:52:51,146 - src.processors.async_processor - WARNING - CAPTCHA detectado para: OLIVER
2026-01-27 22:52:51,158 - __main__ - WARNING - CAPTCHA: OLIVER - CAPTCHA detectado! Aguardando resolução manual...
2026-01-27 22:52:51,158 - src.scrappers.google_scraper - WARNING - CAPTCHA detectado em modo headless. Sugerindo modo visual.
2026-01-27 22:52:51,169 - src.processors.async_processor - ERROR - CAPTCHA detectado para OLIVER: CAPTCHA detectado. Execute com headless=False para resolver manualmente.
2026-01-27 22:52:51,172 - __main__ - ERROR - Erro em OLIVER: CAPTCHA: CAPTCHA detectado. Execute com headless=False para resolver manualmente.
2026-01-27 22:52:51,172 - src.processors.async_processor - WARNING - DICA: Execute novamente com headless=False para resolver CAPTCHAs manualmente
2026-01-27 22:52:51,173 - __main__ - INFO - Iniciando: CLAREAR CENTRO ODONTOLOGICO
2026-01-27 22:52:51,174 - src.processors.async_processor - INFO - [185/371] Processando: CLAREAR CENTRO ODONTOLOGICO
2026-01-27 22:52:51,423 - src.scrappers.google_scraper - INFO - Buscando: "CLAREAR CENTRO ODONTOLOGICO" Mogi Mirim
2026-01-27 22:52:56,463 - src.scrappers.google_scraper - WARNING - CAPTCHA detectado via seletor: form#captcha-form
2026-01-27 22:52:56,463 - src.processors.async_processor - WARNING - CAPTCHA detectado para: CLAREAR CENTRO ODONTOLOGICO
2026-01-27 22:52:56,476 - __main__ - WARNING - CAPTCHA: CLAREAR CENTRO ODONTOLOGICO - CAPTCHA detectado! Aguardando resolução manual...
2026-01-27 22:52:56,476 - src.scrappers.google_scraper - WARNING - CAPTCHA detectado em modo headless. Sugerindo modo visual.
2026-01-27 22:52:56,488 - src.processors.async_processor - ERROR - CAPTCHA detectado para CLAREAR CENTRO ODONTOLOGICO: CAPTCHA detectado. Execute com headless=False para resolver manualmente.
2026-01-27 22:52:56,491 - __main__ - ERROR - Erro em CLAREAR CENTRO ODONTOLOGICO: CAPTCHA: CAPTCHA detectado. Execute com headless=False para resolver manualmente.
2026-01-27 22:52:56,506 - src.processors.async_processor - WARNING - DICA: Execute novamente com headless=False para resolver CAPTCHAs manualmente
2026-01-27 22:52:56,548 - __main__ - INFO - Iniciando: KAMU IMPORTS
2026-01-27 22:52:56,549 - src.processors.async_processor - INFO - [186/371] Processando: KAMU IMPORTS
2026-01-27 22:52:56,678 - src.scrappers.google_scraper - INFO - Buscando: "KAMU IMPORTS" Mogi Mirim
2026-01-27 22:53:00,960 - src.scrappers.google_scraper - WARNING - CAPTCHA detectado via seletor: form#captcha-form
2026-01-27 22:53:00,961 - src.processors.async_processor - WARNING - CAPTCHA detectado para: KAMU IMPORTS
2026-01-27 22:53:00,972 - __main__ - WARNING - CAPTCHA: KAMU IMPORTS - CAPTCHA detectado! Aguardando resolução manual...
2026-01-27 22:53:00,973 - src.scrappers.google_scraper - WARNING - CAPTCHA detectado em modo headless. Sugerindo modo visual.
2026-01-27 22:53:00,986 - src.processors.async_processor - ERROR - CAPTCHA detectado para KAMU IMPORTS: CAPTCHA detectado. Execute com headless=False para resolver manualmente.
2026-01-27 22:53:00,989 - __main__ - ERROR - Erro em KAMU IMPORTS: CAPTCHA: CAPTCHA detectado. Execute com headless=False para resolver manualmente.
2026-01-27 22:53:00,990 - src.processors.async_processor - WARNING - DICA: Execute novamente com headless=False para resolver CAPTCHAs manualmente
2026-01-27 22:53:00,991 - __main__ - INFO - Iniciando: PACTO REPRESENTACOES
2026-01-27 22:53:01,054 - src.processors.async_processor - INFO - [187/371] Processando: PACTO REPRESENTACOES
2026-01-27 22:53:01,179 - src.scrappers.google_scraper - INFO - Buscando: "PACTO REPRESENTACOES" Mogi Mirim
2026-01-27 22:53:05,088 - src.scrappers.google_scraper - WARNING - CAPTCHA detectado via seletor: form#captcha-form
2026-01-27 22:53:05,088 - src.processors.async_processor - WARNING - CAPTCHA detectado para: PACTO REPRESENTACOES
2026-01-27 22:53:05,097 - __main__ - WARNING - CAPTCHA: PACTO REPRESENTACOES - CAPTCHA detectado! Aguardando resolução manual...
2026-01-27 22:53:05,098 - src.scrappers.google_scraper - WARNING - CAPTCHA detectado em modo headless. Sugerindo modo visual.
2026-01-27 22:53:05,109 - src.processors.async_processor - ERROR - CAPTCHA detectado para PACTO REPRESENTACOES: CAPTCHA detectado. Execute com headless=False para resolver manualmente.
2026-01-27 22:53:05,112 - __main__ - ERROR - Erro em PACTO REPRESENTACOES: CAPTCHA: CAPTCHA detectado. Execute com headless=False para resolver manualmente.
2026-01-27 22:53:05,112 - src.processors.async_processor - WARNING - DICA: Execute novamente com headless=False para resolver CAPTCHAs manualmente
2026-01-27 22:53:05,114 - __main__ - INFO - Iniciando: LANCHONETE DO PEDROCA
2026-01-27 22:53:05,115 - src.processors.async_processor - INFO - [188/371] Processando: LANCHONETE DO PEDROCA
2026-01-27 22:53:05,229 - src.scrappers.google_scraper - INFO - Buscando: "LANCHONETE DO PEDROCA" Mogi Mirim
2026-01-27 22:53:09,413 - src.scrappers.google_scraper - WARNING - CAPTCHA detectado via seletor: form#captcha-form
2026-01-27 22:53:09,413 - src.processors.async_processor - WARNING - CAPTCHA detectado para: LANCHONETE DO PEDROCA
2026-01-27 22:53:09,426 - __main__ - WARNING - CAPTCHA: LANCHONETE DO PEDROCA - CAPTCHA detectado! Aguardando resolução manual...
2026-01-27 22:53:09,426 - src.scrappers.google_scraper - WARNING - CAPTCHA detectado em modo headless. Sugerindo modo visual.
2026-01-27 22:53:09,438 - src.processors.async_processor - ERROR - CAPTCHA detectado para LANCHONETE DO PEDROCA: CAPTCHA detectado. Execute com headless=False para resolver manualmente.
2026-01-27 22:53:09,441 - __main__ - ERROR - Erro em LANCHONETE DO PEDROCA: CAPTCHA: CAPTCHA detectado. Execute com headless=False para resolver manualmente.
2026-01-27 22:53:09,442 - src.processors.async_processor - WARNING - DICA: Execute novamente com headless=False para resolver CAPTCHAs manualmente
2026-01-27 22:53:09,489 - __main__ - INFO - Iniciando: REDE MOGI MIRIM
2026-01-27 22:53:09,490 - src.processors.async_processor - INFO - [189/371] Processando: REDE MOGI MIRIM
2026-01-27 22:53:09,627 - src.scrappers.google_scraper - INFO - Buscando: "REDE MOGI MIRIM" Mogi Mirim
2026-01-27 22:53:13,880 - src.scrappers.google_scraper - WARNING - CAPTCHA detectado via seletor: form#captcha-form
2026-01-27 22:53:13,881 - src.processors.async_processor - WARNING - CAPTCHA detectado para: REDE MOGI MIRIM
2026-01-27 22:53:13,894 - __main__ - WARNING - CAPTCHA: REDE MOGI MIRIM - CAPTCHA detectado! Aguardando resolução manual...
2026-01-27 22:53:13,895 - src.scrappers.google_scraper - WARNING - CAPTCHA detectado em modo headless. Sugerindo modo visual.
2026-01-27 22:53:13,908 - src.processors.async_processor - ERROR - CAPTCHA detectado para REDE MOGI MIRIM: CAPTCHA detectado. Execute com headless=False para resolver manualmente.
2026-01-27 22:53:13,911 - __main__ - ERROR - Erro em REDE MOGI MIRIM: CAPTCHA: CAPTCHA detectado. Execute com headless=False para resolver manualmente.
2026-01-27 22:53:13,911 - src.processors.async_processor - WARNING - DICA: Execute novamente com headless=False para resolver CAPTCHAs manualmente
2026-01-27 22:53:13,912 - __main__ - INFO - Iniciando: FELIPE HOHER NAHUM SERVICOS MEDICOS
2026-01-27 22:53:13,913 - src.processors.async_processor - INFO - [190/371] Processando: FELIPE HOHER NAHUM SERVICOS MEDICOS
2026-01-27 22:53:14,100 - src.scrappers.google_scraper - INFO - Buscando: "FELIPE HOHER NAHUM SERVICOS MEDICOS" Mogi Mirim
2026-01-27 22:53:18,426 - src.scrappers.google_scraper - WARNING - CAPTCHA detectado via seletor: form#captcha-form
2026-01-27 22:53:18,426 - src.processors.async_processor - WARNING - CAPTCHA detectado para: FELIPE HOHER NAHUM SERVICOS MEDICOS
2026-01-27 22:53:18,439 - __main__ - WARNING - CAPTCHA: FELIPE HOHER NAHUM SERVICOS MEDICOS - CAPTCHA detectado! Aguardando resolução manual...
2026-01-27 22:53:18,439 - src.scrappers.google_scraper - WARNING - CAPTCHA detectado em modo headless. Sugerindo modo visual.
2026-01-27 22:53:18,453 - src.processors.async_processor - ERROR - CAPTCHA detectado para FELIPE HOHER NAHUM SERVICOS MEDICOS: CAPTCHA detectado. Execute com headless=False para resolver manualmente.
2026-01-27 22:53:18,456 - __main__ - ERROR - Erro em FELIPE HOHER NAHUM SERVICOS MEDICOS: CAPTCHA: CAPTCHA detectado. Execute com headless=False para resolver manualmente.
2026-01-27 22:53:18,457 - src.processors.async_processor - WARNING - DICA: Execute novamente com headless=False para resolver CAPTCHAs manualmente
2026-01-27 22:53:18,458 - __main__ - INFO - Iniciando: CLAUDINEI DOS SANTOS
2026-01-27 22:53:18,527 - src.processors.async_processor - INFO - [191/371] Processando: CLAUDINEI DOS SANTOS
2026-01-27 22:53:18,673 - src.scrappers.google_scraper - INFO - Buscando: "CLAUDINEI DOS SANTOS" Mogi Mirim
2026-01-27 22:53:22,594 - src.scrappers.google_scraper - WARNING - CAPTCHA detectado via seletor: form#captcha-form
2026-01-27 22:53:22,595 - src.processors.async_processor - WARNING - CAPTCHA detectado para: CLAUDINEI DOS SANTOS
2026-01-27 22:53:22,607 - __main__ - WARNING - CAPTCHA: CLAUDINEI DOS SANTOS - CAPTCHA detectado! Aguardando resolução manual...
2026-01-27 22:53:22,608 - src.scrappers.google_scraper - WARNING - CAPTCHA detectado em modo headless. Sugerindo modo visual.
2026-01-27 22:53:22,624 - src.processors.async_processor - ERROR - CAPTCHA detectado para CLAUDINEI DOS SANTOS: CAPTCHA detectado. Execute com headless=False para resolver manualmente.
2026-01-27 22:53:22,711 - __main__ - ERROR - Erro em CLAUDINEI DOS SANTOS: CAPTCHA: CAPTCHA detectado. Execute com headless=False para resolver manualmente.
2026-01-27 22:53:22,722 - src.processors.async_processor - WARNING - DICA: Execute novamente com headless=False para resolver CAPTCHAs manualmente
2026-01-27 22:53:22,809 - __main__ - INFO - Iniciando: HUGO BENEVIDES
2026-01-27 22:53:23,048 - src.processors.async_processor - INFO - [192/371] Processando: HUGO BENEVIDES
2026-01-27 22:53:23,223 - src.scrappers.google_scraper - INFO - Buscando: "HUGO BENEVIDES" Mogi Mirim
2026-01-27 22:53:27,647 - src.scrappers.google_scraper - WARNING - CAPTCHA detectado via seletor: form#captcha-form
2026-01-27 22:53:27,647 - src.processors.async_processor - WARNING - CAPTCHA detectado para: HUGO BENEVIDES
2026-01-27 22:53:27,660 - __main__ - WARNING - CAPTCHA: HUGO BENEVIDES - CAPTCHA detectado! Aguardando resolução manual...
2026-01-27 22:53:27,660 - src.scrappers.google_scraper - WARNING - CAPTCHA detectado em modo headless. Sugerindo modo visual.
2026-01-27 22:53:27,737 - src.processors.async_processor - ERROR - CAPTCHA detectado para HUGO BENEVIDES: CAPTCHA detectado. Execute com headless=False para resolver manualmente.
2026-01-27 22:53:27,751 - __main__ - ERROR - Erro em HUGO BENEVIDES: CAPTCHA: CAPTCHA detectado. Execute com headless=False para resolver manualmente.
2026-01-27 22:53:27,751 - src.processors.async_processor - WARNING - DICA: Execute novamente com headless=False para resolver CAPTCHAs manualmente
2026-01-27 22:53:27,752 - __main__ - INFO - Iniciando: JR PESCADOS
2026-01-27 22:53:27,753 - src.processors.async_processor - INFO - [193/371] Processando: JR PESCADOS
2026-01-27 22:53:28,032 - src.scrappers.google_scraper - INFO - Buscando: "JR PESCADOS" Mogi Mirim
2026-01-27 22:53:32,163 - src.scrappers.google_scraper - WARNING - CAPTCHA detectado via seletor: form#captcha-form
2026-01-27 22:53:32,163 - src.processors.async_processor - WARNING - CAPTCHA detectado para: JR PESCADOS
2026-01-27 22:53:32,173 - __main__ - WARNING - CAPTCHA: JR PESCADOS - CAPTCHA detectado! Aguardando resolução manual...
2026-01-27 22:53:32,174 - src.scrappers.google_scraper - WARNING - CAPTCHA detectado em modo headless. Sugerindo modo visual.
2026-01-27 22:53:32,187 - src.processors.async_processor - ERROR - CAPTCHA detectado para JR PESCADOS: CAPTCHA detectado. Execute com headless=False para resolver manualmente.
2026-01-27 22:53:32,189 - __main__ - ERROR - Erro em JR PESCADOS: CAPTCHA: CAPTCHA detectado. Execute com headless=False para resolver manualmente.
2026-01-27 22:53:32,190 - src.processors.async_processor - WARNING - DICA: Execute novamente com headless=False para resolver CAPTCHAs manualmente
2026-01-27 22:53:32,191 - __main__ - INFO - Iniciando: VITAL CONSULTORIA E TREINAMENTO
2026-01-27 22:53:32,238 - src.processors.async_processor - INFO - [194/371] Processando: VITAL CONSULTORIA E TREINAMENTO
2026-01-27 22:53:32,368 - src.scrappers.google_scraper - INFO - Buscando: "VITAL CONSULTORIA E TREINAMENTO" Mogi Mirim
2026-01-27 22:53:36,408 - src.scrappers.google_scraper - WARNING - CAPTCHA detectado via seletor: form#captcha-form
2026-01-27 22:53:36,408 - src.processors.async_processor - WARNING - CAPTCHA detectado para: VITAL CONSULTORIA E TREINAMENTO
2026-01-27 22:53:36,418 - __main__ - WARNING - CAPTCHA: VITAL CONSULTORIA E TREINAMENTO - CAPTCHA detectado! Aguardando resolução manual...
2026-01-27 22:53:36,418 - src.scrappers.google_scraper - WARNING - CAPTCHA detectado em modo headless. Sugerindo modo visual.
2026-01-27 22:53:36,429 - src.processors.async_processor - ERROR - CAPTCHA detectado para VITAL CONSULTORIA E TREINAMENTO: CAPTCHA detectado. Execute com headless=False para resolver manualmente.
2026-01-27 22:53:36,433 - __main__ - ERROR - Erro em VITAL CONSULTORIA E TREINAMENTO: CAPTCHA: CAPTCHA detectado. Execute com headless=False para resolver manualmente.
2026-01-27 22:53:36,434 - src.processors.async_processor - WARNING - DICA: Execute novamente com headless=False para resolver CAPTCHAs manualmente
2026-01-27 22:53:36,435 - __main__ - INFO - Iniciando: AUREA
2026-01-27 22:53:36,436 - src.processors.async_processor - INFO - [195/371] Processando: AUREA
2026-01-27 22:53:36,573 - src.scrappers.google_scraper - INFO - Buscando: "AUREA" Mogi Mirim
2026-01-27 22:53:41,135 - src.scrappers.google_scraper - WARNING - CAPTCHA detectado via seletor: form#captcha-form
2026-01-27 22:53:41,135 - src.processors.async_processor - WARNING - CAPTCHA detectado para: AUREA
2026-01-27 22:53:41,153 - __main__ - WARNING - CAPTCHA: AUREA - CAPTCHA detectado! Aguardando resolução manual...
2026-01-27 22:53:41,154 - src.scrappers.google_scraper - WARNING - CAPTCHA detectado em modo headless. Sugerindo modo visual.
2026-01-27 22:53:41,164 - src.processors.async_processor - ERROR - CAPTCHA detectado para AUREA: CAPTCHA detectado. Execute com headless=False para resolver manualmente.
2026-01-27 22:53:41,167 - __main__ - ERROR - Erro em AUREA: CAPTCHA: CAPTCHA detectado. Execute com headless=False para resolver manualmente.
2026-01-27 22:53:41,168 - src.processors.async_processor - WARNING - DICA: Execute novamente com headless=False para resolver CAPTCHAs manualmente
2026-01-27 22:53:41,169 - __main__ - INFO - Iniciando: WBLACK
2026-01-27 22:53:41,170 - src.processors.async_processor - INFO - [196/371] Processando: WBLACK
2026-01-27 22:53:41,355 - src.scrappers.google_scraper - INFO - Buscando: "WBLACK" Mogi Mirim
2026-01-27 22:53:45,565 - src.scrappers.google_scraper - WARNING - CAPTCHA detectado via seletor: form#captcha-form
2026-01-27 22:53:45,565 - src.processors.async_processor - WARNING - CAPTCHA detectado para: WBLACK
2026-01-27 22:53:45,578 - __main__ - WARNING - CAPTCHA: WBLACK - CAPTCHA detectado! Aguardando resolução manual...
2026-01-27 22:53:45,578 - src.scrappers.google_scraper - WARNING - CAPTCHA detectado em modo headless. Sugerindo modo visual.
2026-01-27 22:53:45,592 - src.processors.async_processor - ERROR - CAPTCHA detectado para WBLACK: CAPTCHA detectado. Execute com headless=False para resolver manualmente.
2026-01-27 22:53:45,594 - __main__ - ERROR - Erro em WBLACK: CAPTCHA: CAPTCHA detectado. Execute com headless=False para resolver manualmente.
2026-01-27 22:53:45,595 - src.processors.async_processor - WARNING - DICA: Execute novamente com headless=False para resolver CAPTCHAs manualmente
2026-01-27 22:53:45,596 - __main__ - INFO - Iniciando: NILDO CONSTRUCAO
2026-01-27 22:53:45,597 - src.processors.async_processor - INFO - [197/371] Processando: NILDO CONSTRUCAO
2026-01-27 22:53:45,726 - src.scrappers.google_scraper - INFO - Buscando: "NILDO CONSTRUCAO" Mogi Mirim
2026-01-27 22:53:49,938 - src.scrappers.google_scraper - WARNING - CAPTCHA detectado via seletor: form#captcha-form
2026-01-27 22:53:49,938 - src.processors.async_processor - WARNING - CAPTCHA detectado para: NILDO CONSTRUCAO
2026-01-27 22:53:49,947 - __main__ - WARNING - CAPTCHA: NILDO CONSTRUCAO - CAPTCHA detectado! Aguardando resolução manual...
2026-01-27 22:53:49,948 - src.scrappers.google_scraper - WARNING - CAPTCHA detectado em modo headless. Sugerindo modo visual.
2026-01-27 22:53:49,959 - src.processors.async_processor - ERROR - CAPTCHA detectado para NILDO CONSTRUCAO: CAPTCHA detectado. Execute com headless=False para resolver manualmente.
2026-01-27 22:53:49,962 - __main__ - ERROR - Erro em NILDO CONSTRUCAO: CAPTCHA: CAPTCHA detectado. Execute com headless=False para resolver manualmente.
2026-01-27 22:53:49,963 - src.processors.async_processor - WARNING - DICA: Execute novamente com headless=False para resolver CAPTCHAs manualmente
2026-01-27 22:53:49,964 - __main__ - INFO - Iniciando: SIGMA CORRETORA DE SEGUROS
2026-01-27 22:53:49,965 - src.processors.async_processor - INFO - [198/371] Processando: SIGMA CORRETORA DE SEGUROS
2026-01-27 22:53:50,110 - src.scrappers.google_scraper - INFO - Buscando: "SIGMA CORRETORA DE SEGUROS" Mogi Mirim
2026-01-27 22:53:54,526 - src.scrappers.google_scraper - WARNING - CAPTCHA detectado via seletor: form#captcha-form
2026-01-27 22:53:54,526 - src.processors.async_processor - WARNING - CAPTCHA detectado para: SIGMA CORRETORA DE SEGUROS
2026-01-27 22:53:54,539 - __main__ - WARNING - CAPTCHA: SIGMA CORRETORA DE SEGUROS - CAPTCHA detectado! Aguardando resolução manual...
2026-01-27 22:53:54,539 - src.scrappers.google_scraper - WARNING - CAPTCHA detectado em modo headless. Sugerindo modo visual.
2026-01-27 22:53:54,553 - src.processors.async_processor - ERROR - CAPTCHA detectado para SIGMA CORRETORA DE SEGUROS: CAPTCHA detectado. Execute com headless=False para resolver manualmente.
2026-01-27 22:53:54,556 - __main__ - ERROR - Erro em SIGMA CORRETORA DE SEGUROS: CAPTCHA: CAPTCHA detectado. Execute com headless=False para resolver manualmente.
2026-01-27 22:53:54,556 - src.processors.async_processor - WARNING - DICA: Execute novamente com headless=False para resolver CAPTCHAs manualmente
2026-01-27 22:53:54,557 - __main__ - INFO - Iniciando: LE PATRON
2026-01-27 22:53:54,610 - src.processors.async_processor - INFO - [199/371] Processando: LE PATRON
2026-01-27 22:53:54,728 - src.scrappers.google_scraper - INFO - Buscando: "LE PATRON" Mogi Mirim
2026-01-27 22:53:58,816 - src.scrappers.google_scraper - WARNING - CAPTCHA detectado via seletor: form#captcha-form
2026-01-27 22:53:58,817 - src.processors.async_processor - WARNING - CAPTCHA detectado para: LE PATRON
2026-01-27 22:53:58,828 - __main__ - WARNING - CAPTCHA: LE PATRON - CAPTCHA detectado! Aguardando resolução manual...
2026-01-27 22:53:58,828 - src.scrappers.google_scraper - WARNING - CAPTCHA detectado em modo headless. Sugerindo modo visual.
2026-01-27 22:53:58,842 - src.processors.async_processor - ERROR - CAPTCHA detectado para LE PATRON: CAPTCHA detectado. Execute com headless=False para resolver manualmente.
2026-01-27 22:53:58,845 - __main__ - ERROR - Erro em LE PATRON: CAPTCHA: CAPTCHA detectado. Execute com headless=False para resolver manualmente.
2026-01-27 22:53:58,845 - src.processors.async_processor - WARNING - DICA: Execute novamente com headless=False para resolver CAPTCHAs manualmente
2026-01-27 22:53:58,846 - __main__ - INFO - Iniciando: ESQUINA DOS SABORES
2026-01-27 22:53:58,847 - src.processors.async_processor - INFO - [200/371] Processando: ESQUINA DOS SABORES
2026-01-27 22:53:58,983 - src.scrappers.google_scraper - INFO - Buscando: "ESQUINA DOS SABORES" Mogi Mirim
2026-01-27 22:54:03,404 - src.scrappers.google_scraper - WARNING - CAPTCHA detectado via seletor: form#captcha-form
2026-01-27 22:54:03,404 - src.processors.async_processor - WARNING - CAPTCHA detectado para: ESQUINA DOS SABORES
2026-01-27 22:54:03,416 - __main__ - WARNING - CAPTCHA: ESQUINA DOS SABORES - CAPTCHA detectado! Aguardando resolução manual...
2026-01-27 22:54:03,416 - src.scrappers.google_scraper - WARNING - CAPTCHA detectado em modo headless. Sugerindo modo visual.
2026-01-27 22:54:03,428 - src.processors.async_processor - ERROR - CAPTCHA detectado para ESQUINA DOS SABORES: CAPTCHA detectado. Execute com headless=False para resolver manualmente.
2026-01-27 22:54:03,430 - __main__ - ERROR - Erro em ESQUINA DOS SABORES: CAPTCHA: CAPTCHA detectado. Execute com headless=False para resolver manualmente.
2026-01-27 22:54:03,432 - src.processors.async_processor - WARNING - DICA: Execute novamente com headless=False para resolver CAPTCHAs manualmente
2026-01-27 22:54:03,433 - __main__ - INFO - Iniciando: REGULARIZA - ENGENHARIA E CONSULTORIA LTDA
2026-01-27 22:54:03,434 - src.processors.async_processor - INFO - [201/371] Processando: REGULARIZA - ENGENHARIA E CONSULTORIA LTDA
2026-01-27 22:54:03,562 - src.scrappers.google_scraper - INFO - Buscando: "REGULARIZA - ENGENHARIA E CONSULTORIA LTDA" Mogi Mirim
2026-01-27 22:54:08,259 - src.scrappers.google_scraper - WARNING - CAPTCHA detectado via seletor: form#captcha-form
2026-01-27 22:54:08,259 - src.processors.async_processor - WARNING - CAPTCHA detectado para: REGULARIZA - ENGENHARIA E CONSULTORIA LTDA
2026-01-27 22:54:08,272 - __main__ - WARNING - CAPTCHA: REGULARIZA - ENGENHARIA E CONSULTORIA LTDA - CAPTCHA detectado! Aguardando resolução manual...
2026-01-27 22:54:08,273 - src.scrappers.google_scraper - WARNING - CAPTCHA detectado em modo headless. Sugerindo modo visual.
2026-01-27 22:54:08,284 - src.processors.async_processor - ERROR - CAPTCHA detectado para REGULARIZA - ENGENHARIA E CONSULTORIA LTDA: CAPTCHA detectado. Execute com headless=False para resolver manualmente.
2026-01-27 22:54:08,287 - __main__ - ERROR - Erro em REGULARIZA - ENGENHARIA E CONSULTORIA LTDA: CAPTCHA: CAPTCHA detectado. Execute com headless=False para resolver manualmente.
2026-01-27 22:54:08,288 - src.processors.async_processor - WARNING - DICA: Execute novamente com headless=False para resolver CAPTCHAs manualmente
2026-01-27 22:54:08,289 - __main__ - INFO - Iniciando: AUTO MECANICA OLIVEIRA
2026-01-27 22:54:08,289 - src.processors.async_processor - INFO - [202/371] Processando: AUTO MECANICA OLIVEIRA
2026-01-27 22:54:08,487 - src.scrappers.google_scraper - INFO - Buscando: "AUTO MECANICA OLIVEIRA" Mogi Mirim
2026-01-27 22:54:12,116 - src.scrappers.google_scraper - WARNING - CAPTCHA detectado via seletor: form#captcha-form
2026-01-27 22:54:12,116 - src.processors.async_processor - WARNING - CAPTCHA detectado para: AUTO MECANICA OLIVEIRA
2026-01-27 22:54:12,128 - __main__ - WARNING - CAPTCHA: AUTO MECANICA OLIVEIRA - CAPTCHA detectado! Aguardando resolução manual...
2026-01-27 22:54:12,128 - src.scrappers.google_scraper - WARNING - CAPTCHA detectado em modo headless. Sugerindo modo visual.
2026-01-27 22:54:12,142 - src.processors.async_processor - ERROR - CAPTCHA detectado para AUTO MECANICA OLIVEIRA: CAPTCHA detectado. Execute com headless=False para resolver manualmente.
2026-01-27 22:54:12,144 - __main__ - ERROR - Erro em AUTO MECANICA OLIVEIRA: CAPTCHA: CAPTCHA detectado. Execute com headless=False para resolver manualmente.
2026-01-27 22:54:12,145 - src.processors.async_processor - WARNING - DICA: Execute novamente com headless=False para resolver CAPTCHAs manualmente
2026-01-27 22:54:12,146 - __main__ - INFO - Iniciando: AG&P TRANSPORTES
2026-01-27 22:54:12,147 - src.processors.async_processor - INFO - [203/371] Processando: AG&P TRANSPORTES
2026-01-27 22:54:12,283 - src.scrappers.google_scraper - INFO - Buscando: "AG&P TRANSPORTES" Mogi Mirim
2026-01-27 22:54:16,225 - src.scrappers.google_scraper - WARNING - CAPTCHA detectado via seletor: form#captcha-form
2026-01-27 22:54:16,225 - src.processors.async_processor - WARNING - CAPTCHA detectado para: AG&P TRANSPORTES
2026-01-27 22:54:16,237 - __main__ - WARNING - CAPTCHA: AG&P TRANSPORTES - CAPTCHA detectado! Aguardando resolução manual...
2026-01-27 22:54:16,237 - src.scrappers.google_scraper - WARNING - CAPTCHA detectado em modo headless. Sugerindo modo visual.
2026-01-27 22:54:16,251 - src.processors.async_processor - ERROR - CAPTCHA detectado para AG&P TRANSPORTES: CAPTCHA detectado. Execute com headless=False para resolver manualmente.
2026-01-27 22:54:16,254 - __main__ - ERROR - Erro em AG&P TRANSPORTES: CAPTCHA: CAPTCHA detectado. Execute com headless=False para resolver manualmente.
2026-01-27 22:54:16,254 - src.processors.async_processor - WARNING - DICA: Execute novamente com headless=False para resolver CAPTCHAs manualmente
2026-01-27 22:54:16,255 - __main__ - INFO - Iniciando: ***
2026-01-27 22:54:16,256 - src.processors.async_processor - INFO - [204/371] Processando: ***
2026-01-27 22:54:16,459 - src.scrappers.google_scraper - INFO - Buscando: "***" Mogi Mirim
2026-01-27 22:54:20,796 - src.scrappers.google_scraper - WARNING - CAPTCHA detectado via seletor: form#captcha-form
2026-01-27 22:54:20,796 - src.processors.async_processor - WARNING - CAPTCHA detectado para: ***
2026-01-27 22:54:20,813 - __main__ - WARNING - CAPTCHA: *** - CAPTCHA detectado! Aguardando resolução manual...
2026-01-27 22:54:20,814 - src.scrappers.google_scraper - WARNING - CAPTCHA detectado em modo headless. Sugerindo modo visual.
2026-01-27 22:54:20,825 - src.processors.async_processor - ERROR - CAPTCHA detectado para ***: CAPTCHA detectado. Execute com headless=False para resolver manualmente.
2026-01-27 22:54:20,828 - __main__ - ERROR - Erro em ***: CAPTCHA: CAPTCHA detectado. Execute com headless=False para resolver manualmente.
2026-01-27 22:54:20,829 - src.processors.async_processor - WARNING - DICA: Execute novamente com headless=False para resolver CAPTCHAs manualmente
2026-01-27 22:54:20,830 - __main__ - INFO - Iniciando: ELETRICA MOGI
2026-01-27 22:54:20,831 - src.processors.async_processor - INFO - [205/371] Processando: ELETRICA MOGI
2026-01-27 22:54:20,964 - src.scrappers.google_scraper - INFO - Buscando: "ELETRICA MOGI" Mogi Mirim
2026-01-27 22:54:24,712 - src.scrappers.google_scraper - WARNING - CAPTCHA detectado via seletor: form#captcha-form
2026-01-27 22:54:24,712 - src.processors.async_processor - WARNING - CAPTCHA detectado para: ELETRICA MOGI
2026-01-27 22:54:24,723 - __main__ - WARNING - CAPTCHA: ELETRICA MOGI - CAPTCHA detectado! Aguardando resolução manual...
2026-01-27 22:54:24,724 - src.scrappers.google_scraper - WARNING - CAPTCHA detectado em modo headless. Sugerindo modo visual.
2026-01-27 22:54:24,735 - src.processors.async_processor - ERROR - CAPTCHA detectado para ELETRICA MOGI: CAPTCHA detectado. Execute com headless=False para resolver manualmente.
2026-01-27 22:54:24,738 - __main__ - ERROR - Erro em ELETRICA MOGI: CAPTCHA: CAPTCHA detectado. Execute com headless=False para resolver manualmente.
2026-01-27 22:54:24,738 - src.processors.async_processor - WARNING - DICA: Execute novamente com headless=False para resolver CAPTCHAs manualmente
2026-01-27 22:54:24,739 - __main__ - INFO - Iniciando: GALVAO MONTAGEM
2026-01-27 22:54:24,740 - src.processors.async_processor - INFO - [206/371] Processando: GALVAO MONTAGEM
2026-01-27 22:54:24,903 - src.scrappers.google_scraper - INFO - Buscando: "GALVAO MONTAGEM" Mogi Mirim
2026-01-27 22:54:29,604 - src.scrappers.google_scraper - WARNING - CAPTCHA detectado via seletor: form#captcha-form
2026-01-27 22:54:29,604 - src.processors.async_processor - WARNING - CAPTCHA detectado para: GALVAO MONTAGEM
2026-01-27 22:54:29,621 - __main__ - WARNING - CAPTCHA: GALVAO MONTAGEM - CAPTCHA detectado! Aguardando resolução manual...
2026-01-27 22:54:29,622 - src.scrappers.google_scraper - WARNING - CAPTCHA detectado em modo headless. Sugerindo modo visual.
2026-01-27 22:54:29,635 - src.processors.async_processor - ERROR - CAPTCHA detectado para GALVAO MONTAGEM: CAPTCHA detectado. Execute com headless=False para resolver manualmente.
2026-01-27 22:54:29,638 - __main__ - ERROR - Erro em GALVAO MONTAGEM: CAPTCHA: CAPTCHA detectado. Execute com headless=False para resolver manualmente.
2026-01-27 22:54:29,656 - src.processors.async_processor - WARNING - DICA: Execute novamente com headless=False para resolver CAPTCHAs manualmente
2026-01-27 22:54:29,693 - __main__ - INFO - Iniciando: GLAMOUR CONFECCAO
2026-01-27 22:54:29,694 - src.processors.async_processor - INFO - [207/371] Processando: GLAMOUR CONFECCAO
2026-01-27 22:54:29,838 - src.scrappers.google_scraper - INFO - Buscando: "GLAMOUR CONFECCAO" Mogi Mirim
2026-01-27 22:54:34,394 - src.scrappers.google_scraper - WARNING - CAPTCHA detectado via seletor: form#captcha-form
2026-01-27 22:54:34,394 - src.processors.async_processor - WARNING - CAPTCHA detectado para: GLAMOUR CONFECCAO
2026-01-27 22:54:34,405 - __main__ - WARNING - CAPTCHA: GLAMOUR CONFECCAO - CAPTCHA detectado! Aguardando resolução manual...
2026-01-27 22:54:34,405 - src.scrappers.google_scraper - WARNING - CAPTCHA detectado em modo headless. Sugerindo modo visual.
2026-01-27 22:54:34,417 - src.processors.async_processor - ERROR - CAPTCHA detectado para GLAMOUR CONFECCAO: CAPTCHA detectado. Execute com headless=False para resolver manualmente.
2026-01-27 22:54:34,420 - __main__ - ERROR - Erro em GLAMOUR CONFECCAO: CAPTCHA: CAPTCHA detectado. Execute com headless=False para resolver manualmente.
2026-01-27 22:54:34,420 - src.processors.async_processor - WARNING - DICA: Execute novamente com headless=False para resolver CAPTCHAs manualmente
2026-01-27 22:54:34,421 - __main__ - INFO - Iniciando: RENNOVARE RESIDENCIAL SENIOR
2026-01-27 22:54:34,422 - src.processors.async_processor - INFO - [208/371] Processando: RENNOVARE RESIDENCIAL SENIOR
2026-01-27 22:54:34,584 - src.scrappers.google_scraper - INFO - Buscando: "RENNOVARE RESIDENCIAL SENIOR" Mogi Mirim
2026-01-27 22:54:38,795 - src.scrappers.google_scraper - WARNING - CAPTCHA detectado via seletor: form#captcha-form
2026-01-27 22:54:38,795 - src.processors.async_processor - WARNING - CAPTCHA detectado para: RENNOVARE RESIDENCIAL SENIOR
2026-01-27 22:54:38,807 - __main__ - WARNING - CAPTCHA: RENNOVARE RESIDENCIAL SENIOR - CAPTCHA detectado! Aguardando resolução manual...
2026-01-27 22:54:38,808 - src.scrappers.google_scraper - WARNING - CAPTCHA detectado em modo headless. Sugerindo modo visual.
2026-01-27 22:54:38,823 - src.processors.async_processor - ERROR - CAPTCHA detectado para RENNOVARE RESIDENCIAL SENIOR: CAPTCHA detectado. Execute com headless=False para resolver manualmente.
2026-01-27 22:54:38,827 - __main__ - ERROR - Erro em RENNOVARE RESIDENCIAL SENIOR: CAPTCHA: CAPTCHA detectado. Execute com headless=False para resolver manualmente.
2026-01-27 22:54:38,855 - src.processors.async_processor - WARNING - DICA: Execute novamente com headless=False para resolver CAPTCHAs manualmente
2026-01-27 22:54:38,893 - __main__ - INFO - Iniciando: A7 COMERCIAL
2026-01-27 22:54:38,894 - src.processors.async_processor - INFO - [209/371] Processando: A7 COMERCIAL
2026-01-27 22:54:39,049 - src.scrappers.google_scraper - INFO - Buscando: "A7 COMERCIAL" Mogi Mirim
2026-01-27 22:54:42,862 - src.scrappers.google_scraper - WARNING - CAPTCHA detectado via seletor: form#captcha-form
2026-01-27 22:54:42,863 - src.processors.async_processor - WARNING - CAPTCHA detectado para: A7 COMERCIAL
2026-01-27 22:54:42,877 - __main__ - WARNING - CAPTCHA: A7 COMERCIAL - CAPTCHA detectado! Aguardando resolução manual...
2026-01-27 22:54:42,877 - src.scrappers.google_scraper - WARNING - CAPTCHA detectado em modo headless. Sugerindo modo visual.
2026-01-27 22:54:42,890 - src.processors.async_processor - ERROR - CAPTCHA detectado para A7 COMERCIAL: CAPTCHA detectado. Execute com headless=False para resolver manualmente.
2026-01-27 22:54:42,946 - __main__ - ERROR - Erro em A7 COMERCIAL: CAPTCHA: CAPTCHA detectado. Execute com headless=False para resolver manualmente.
2026-01-27 22:54:42,947 - src.processors.async_processor - WARNING - DICA: Execute novamente com headless=False para resolver CAPTCHAs manualmente
2026-01-27 22:54:42,948 - __main__ - INFO - Iniciando: ESPACOLASER
2026-01-27 22:54:42,948 - src.processors.async_processor - INFO - [210/371] Processando: ESPACOLASER
2026-01-27 22:54:43,088 - src.scrappers.google_scraper - INFO - Buscando: "ESPACOLASER" Mogi Mirim
2026-01-27 22:54:47,751 - src.scrappers.google_scraper - WARNING - CAPTCHA detectado via seletor: form#captcha-form
2026-01-27 22:54:47,752 - src.processors.async_processor - WARNING - CAPTCHA detectado para: ESPACOLASER
2026-01-27 22:54:47,763 - __main__ - WARNING - CAPTCHA: ESPACOLASER - CAPTCHA detectado! Aguardando resolução manual...
2026-01-27 22:54:47,763 - src.scrappers.google_scraper - WARNING - CAPTCHA detectado em modo headless. Sugerindo modo visual.
2026-01-27 22:54:47,775 - src.processors.async_processor - ERROR - CAPTCHA detectado para ESPACOLASER: CAPTCHA detectado. Execute com headless=False para resolver manualmente.
2026-01-27 22:54:47,778 - __main__ - ERROR - Erro em ESPACOLASER: CAPTCHA: CAPTCHA detectado. Execute com headless=False para resolver manualmente.
2026-01-27 22:54:47,778 - src.processors.async_processor - WARNING - DICA: Execute novamente com headless=False para resolver CAPTCHAs manualmente
2026-01-27 22:54:47,779 - __main__ - INFO - Iniciando: ESSENCIA DOS DOCES
2026-01-27 22:54:47,780 - src.processors.async_processor - INFO - [211/371] Processando: ESSENCIA DOS DOCES
2026-01-27 22:54:47,918 - src.scrappers.google_scraper - INFO - Buscando: "ESSENCIA DOS DOCES" Mogi Mirim
2026-01-27 22:54:52,035 - src.scrappers.google_scraper - WARNING - CAPTCHA detectado via seletor: form#captcha-form
2026-01-27 22:54:52,036 - src.processors.async_processor - WARNING - CAPTCHA detectado para: ESSENCIA DOS DOCES
2026-01-27 22:54:52,051 - __main__ - WARNING - CAPTCHA: ESSENCIA DOS DOCES - CAPTCHA detectado! Aguardando resolução manual...
2026-01-27 22:54:52,052 - src.scrappers.google_scraper - WARNING - CAPTCHA detectado em modo headless. Sugerindo modo visual.
2026-01-27 22:54:52,065 - src.processors.async_processor - ERROR - CAPTCHA detectado para ESSENCIA DOS DOCES: CAPTCHA detectado. Execute com headless=False para resolver manualmente.
2026-01-27 22:54:52,068 - __main__ - ERROR - Erro em ESSENCIA DOS DOCES: CAPTCHA: CAPTCHA detectado. Execute com headless=False para resolver manualmente.
2026-01-27 22:54:52,068 - src.processors.async_processor - WARNING - DICA: Execute novamente com headless=False para resolver CAPTCHAs manualmente
2026-01-27 22:54:52,069 - __main__ - INFO - Iniciando: FAZENDA OURO VERDE
2026-01-27 22:54:52,071 - src.processors.async_processor - INFO - [212/371] Processando: FAZENDA OURO VERDE
2026-01-27 22:54:52,325 - src.scrappers.google_scraper - INFO - Buscando: "FAZENDA OURO VERDE" Mogi Mirim
2026-01-27 22:54:56,941 - src.scrappers.google_scraper - WARNING - CAPTCHA detectado via seletor: form#captcha-form
2026-01-27 22:54:56,941 - src.processors.async_processor - WARNING - CAPTCHA detectado para: FAZENDA OURO VERDE
2026-01-27 22:54:56,955 - __main__ - WARNING - CAPTCHA: FAZENDA OURO VERDE - CAPTCHA detectado! Aguardando resolução manual...
2026-01-27 22:54:56,956 - src.scrappers.google_scraper - WARNING - CAPTCHA detectado em modo headless. Sugerindo modo visual.
2026-01-27 22:54:56,968 - src.processors.async_processor - ERROR - CAPTCHA detectado para FAZENDA OURO VERDE: CAPTCHA detectado. Execute com headless=False para resolver manualmente.
2026-01-27 22:54:56,971 - __main__ - ERROR - Erro em FAZENDA OURO VERDE: CAPTCHA: CAPTCHA detectado. Execute com headless=False para resolver manualmente.
2026-01-27 22:54:56,971 - src.processors.async_processor - WARNING - DICA: Execute novamente com headless=False para resolver CAPTCHAs manualmente
2026-01-27 22:54:56,973 - __main__ - INFO - Iniciando: MINEIRINHO AUTO PERFOMANCE
2026-01-27 22:54:56,973 - src.processors.async_processor - INFO - [213/371] Processando: MINEIRINHO AUTO PERFOMANCE
2026-01-27 22:54:57,179 - src.scrappers.google_scraper - INFO - Buscando: "MINEIRINHO AUTO PERFOMANCE" Mogi Mirim
2026-01-27 22:55:01,185 - src.scrappers.google_scraper - WARNING - CAPTCHA detectado via seletor: form#captcha-form
2026-01-27 22:55:01,186 - src.processors.async_processor - WARNING - CAPTCHA detectado para: MINEIRINHO AUTO PERFOMANCE
2026-01-27 22:55:01,200 - __main__ - WARNING - CAPTCHA: MINEIRINHO AUTO PERFOMANCE - CAPTCHA detectado! Aguardando resolução manual...
2026-01-27 22:55:01,200 - src.scrappers.google_scraper - WARNING - CAPTCHA detectado em modo headless. Sugerindo modo visual.
2026-01-27 22:55:01,211 - src.processors.async_processor - ERROR - CAPTCHA detectado para MINEIRINHO AUTO PERFOMANCE: CAPTCHA detectado. Execute com headless=False para resolver manualmente.
2026-01-27 22:55:01,214 - __main__ - ERROR - Erro em MINEIRINHO AUTO PERFOMANCE: CAPTCHA: CAPTCHA detectado. Execute com headless=False para resolver manualmente.
2026-01-27 22:55:01,215 - src.processors.async_processor - WARNING - DICA: Execute novamente com headless=False para resolver CAPTCHAs manualmente
2026-01-27 22:55:01,216 - __main__ - INFO - Iniciando: ESPETAO CHURRASQUEIRAS
2026-01-27 22:55:01,218 - src.processors.async_processor - INFO - [214/371] Processando: ESPETAO CHURRASQUEIRAS
2026-01-27 22:55:01,360 - src.scrappers.google_scraper - INFO - Buscando: "ESPETAO CHURRASQUEIRAS" Mogi Mirim
2026-01-27 22:55:05,845 - src.scrappers.google_scraper - WARNING - CAPTCHA detectado via seletor: form#captcha-form
2026-01-27 22:55:05,845 - src.processors.async_processor - WARNING - CAPTCHA detectado para: ESPETAO CHURRASQUEIRAS
2026-01-27 22:55:05,856 - __main__ - WARNING - CAPTCHA: ESPETAO CHURRASQUEIRAS - CAPTCHA detectado! Aguardando resolução manual...
2026-01-27 22:55:05,856 - src.scrappers.google_scraper - WARNING - CAPTCHA detectado em modo headless. Sugerindo modo visual.
2026-01-27 22:55:05,869 - src.processors.async_processor - ERROR - CAPTCHA detectado para ESPETAO CHURRASQUEIRAS: CAPTCHA detectado. Execute com headless=False para resolver manualmente.
2026-01-27 22:55:05,873 - __main__ - ERROR - Erro em ESPETAO CHURRASQUEIRAS: CAPTCHA: CAPTCHA detectado. Execute com headless=False para resolver manualmente.
2026-01-27 22:55:05,873 - src.processors.async_processor - WARNING - DICA: Execute novamente com headless=False para resolver CAPTCHAs manualmente
2026-01-27 22:55:05,874 - __main__ - INFO - Iniciando: BRAGA SERVICOS ELETRICOS ESPECILIZADOS
2026-01-27 22:55:05,931 - src.processors.async_processor - INFO - [215/371] Processando: BRAGA SERVICOS ELETRICOS ESPECILIZADOS
2026-01-27 22:55:07,013 - src.scrappers.google_scraper - INFO - Buscando: "BRAGA SERVICOS ELETRICOS ESPECILIZADOS" Mogi Mirim
2026-01-27 22:55:11,598 - src.scrappers.google_scraper - WARNING - CAPTCHA detectado via seletor: form#captcha-form
2026-01-27 22:55:11,598 - src.processors.async_processor - WARNING - CAPTCHA detectado para: BRAGA SERVICOS ELETRICOS ESPECILIZADOS
2026-01-27 22:55:11,609 - __main__ - WARNING - CAPTCHA: BRAGA SERVICOS ELETRICOS ESPECILIZADOS - CAPTCHA detectado! Aguardando resolução manual...
2026-01-27 22:55:11,610 - src.scrappers.google_scraper - WARNING - CAPTCHA detectado em modo headless. Sugerindo modo visual.
2026-01-27 22:55:11,623 - src.processors.async_processor - ERROR - CAPTCHA detectado para BRAGA SERVICOS ELETRICOS ESPECILIZADOS: CAPTCHA detectado. Execute com headless=False para resolver manualmente.
2026-01-27 22:55:11,626 - __main__ - ERROR - Erro em BRAGA SERVICOS ELETRICOS ESPECILIZADOS: CAPTCHA: CAPTCHA detectado. Execute com headless=False para resolver manualmente.
2026-01-27 22:55:11,645 - src.processors.async_processor - WARNING - DICA: Execute novamente com headless=False para resolver CAPTCHAs manualmente
2026-01-27 22:55:11,687 - __main__ - INFO - Iniciando: HOT PIZZA EXPRESS
2026-01-27 22:55:11,689 - src.processors.async_processor - INFO - [216/371] Processando: HOT PIZZA EXPRESS
2026-01-27 22:55:11,837 - src.scrappers.google_scraper - INFO - Buscando: "HOT PIZZA EXPRESS" Mogi Mirim
2026-01-27 22:55:16,046 - src.scrappers.google_scraper - WARNING - CAPTCHA detectado via seletor: form#captcha-form
2026-01-27 22:55:16,047 - src.processors.async_processor - WARNING - CAPTCHA detectado para: HOT PIZZA EXPRESS
2026-01-27 22:55:16,059 - __main__ - WARNING - CAPTCHA: HOT PIZZA EXPRESS - CAPTCHA detectado! Aguardando resolução manual...
2026-01-27 22:55:16,059 - src.scrappers.google_scraper - WARNING - CAPTCHA detectado em modo headless. Sugerindo modo visual.
2026-01-27 22:55:16,073 - src.processors.async_processor - ERROR - CAPTCHA detectado para HOT PIZZA EXPRESS: CAPTCHA detectado. Execute com headless=False para resolver manualmente.
2026-01-27 22:55:16,076 - __main__ - ERROR - Erro em HOT PIZZA EXPRESS: CAPTCHA: CAPTCHA detectado. Execute com headless=False para resolver manualmente.
2026-01-27 22:55:16,089 - src.processors.async_processor - WARNING - DICA: Execute novamente com headless=False para resolver CAPTCHAs manualmente
2026-01-27 22:55:16,144 - __main__ - INFO - Iniciando: BUFALLUS BURGUER
2026-01-27 22:55:16,146 - src.processors.async_processor - INFO - [217/371] Processando: BUFALLUS BURGUER
2026-01-27 22:55:16,277 - src.scrappers.google_scraper - INFO - Buscando: "BUFALLUS BURGUER" Mogi Mirim
2026-01-27 22:55:20,915 - src.scrappers.google_scraper - WARNING - CAPTCHA detectado via seletor: form#captcha-form
2026-01-27 22:55:20,916 - src.processors.async_processor - WARNING - CAPTCHA detectado para: BUFALLUS BURGUER
2026-01-27 22:55:20,928 - __main__ - WARNING - CAPTCHA: BUFALLUS BURGUER - CAPTCHA detectado! Aguardando resolução manual...
2026-01-27 22:55:20,928 - src.scrappers.google_scraper - WARNING - CAPTCHA detectado em modo headless. Sugerindo modo visual.
2026-01-27 22:55:20,941 - src.processors.async_processor - ERROR - CAPTCHA detectado para BUFALLUS BURGUER: CAPTCHA detectado. Execute com headless=False para resolver manualmente.
2026-01-27 22:55:21,012 - __main__ - ERROR - Erro em BUFALLUS BURGUER: CAPTCHA: CAPTCHA detectado. Execute com headless=False para resolver manualmente.
2026-01-27 22:55:21,013 - src.processors.async_processor - WARNING - DICA: Execute novamente com headless=False para resolver CAPTCHAs manualmente
2026-01-27 22:55:21,014 - __main__ - INFO - Iniciando: CONSTRUTORA MAKEL
2026-01-27 22:55:21,015 - src.processors.async_processor - INFO - [218/371] Processando: CONSTRUTORA MAKEL
2026-01-27 22:55:21,175 - src.scrappers.google_scraper - INFO - Buscando: "CONSTRUTORA MAKEL" Mogi Mirim
2026-01-27 22:55:25,882 - src.scrappers.google_scraper - WARNING - CAPTCHA detectado via seletor: form#captcha-form
2026-01-27 22:55:25,882 - src.processors.async_processor - WARNING - CAPTCHA detectado para: CONSTRUTORA MAKEL
2026-01-27 22:55:25,893 - __main__ - WARNING - CAPTCHA: CONSTRUTORA MAKEL - CAPTCHA detectado! Aguardando resolução manual...
2026-01-27 22:55:25,894 - src.scrappers.google_scraper - WARNING - CAPTCHA detectado em modo headless. Sugerindo modo visual.
2026-01-27 22:55:25,939 - src.processors.async_processor - ERROR - CAPTCHA detectado para CONSTRUTORA MAKEL: CAPTCHA detectado. Execute com headless=False para resolver manualmente.
2026-01-27 22:55:25,977 - __main__ - ERROR - Erro em CONSTRUTORA MAKEL: CAPTCHA: CAPTCHA detectado. Execute com headless=False para resolver manualmente.
2026-01-27 22:55:25,977 - src.processors.async_processor - WARNING - DICA: Execute novamente com headless=False para resolver CAPTCHAs manualmente
2026-01-27 22:55:25,978 - __main__ - INFO - Iniciando: LIVIA CAMARINI STUDIO
2026-01-27 22:55:25,978 - src.processors.async_processor - INFO - [219/371] Processando: LIVIA CAMARINI STUDIO
2026-01-27 22:55:26,121 - src.scrappers.google_scraper - INFO - Buscando: "LIVIA CAMARINI STUDIO" Mogi Mirim
2026-01-27 22:55:30,822 - src.scrappers.google_scraper - WARNING - CAPTCHA detectado via seletor: form#captcha-form
2026-01-27 22:55:30,822 - src.processors.async_processor - WARNING - CAPTCHA detectado para: LIVIA CAMARINI STUDIO
2026-01-27 22:55:30,832 - __main__ - WARNING - CAPTCHA: LIVIA CAMARINI STUDIO - CAPTCHA detectado! Aguardando resolução manual...
2026-01-27 22:55:30,832 - src.scrappers.google_scraper - WARNING - CAPTCHA detectado em modo headless. Sugerindo modo visual.
2026-01-27 22:55:30,842 - src.processors.async_processor - ERROR - CAPTCHA detectado para LIVIA CAMARINI STUDIO: CAPTCHA detectado. Execute com headless=False para resolver manualmente.
2026-01-27 22:55:30,845 - __main__ - ERROR - Erro em LIVIA CAMARINI STUDIO: CAPTCHA: CAPTCHA detectado. Execute com headless=False para resolver manualmente.
2026-01-27 22:55:30,846 - src.processors.async_processor - WARNING - DICA: Execute novamente com headless=False para resolver CAPTCHAs manualmente
2026-01-27 22:55:30,847 - __main__ - INFO - Iniciando: BIKE ATTACK
2026-01-27 22:55:30,848 - src.processors.async_processor - INFO - [220/371] Processando: BIKE ATTACK
2026-01-27 22:55:30,980 - src.scrappers.google_scraper - INFO - Buscando: "BIKE ATTACK" Mogi Mirim
2026-01-27 22:55:34,952 - src.scrappers.google_scraper - WARNING - CAPTCHA detectado via seletor: form#captcha-form
2026-01-27 22:55:34,952 - src.processors.async_processor - WARNING - CAPTCHA detectado para: BIKE ATTACK
2026-01-27 22:55:34,965 - __main__ - WARNING - CAPTCHA: BIKE ATTACK - CAPTCHA detectado! Aguardando resolução manual...
2026-01-27 22:55:34,966 - src.scrappers.google_scraper - WARNING - CAPTCHA detectado em modo headless. Sugerindo modo visual.
2026-01-27 22:55:34,980 - src.processors.async_processor - ERROR - CAPTCHA detectado para BIKE ATTACK: CAPTCHA detectado. Execute com headless=False para resolver manualmente.
2026-01-27 22:55:34,983 - __main__ - ERROR - Erro em BIKE ATTACK: CAPTCHA: CAPTCHA detectado. Execute com headless=False para resolver manualmente.
2026-01-27 22:55:34,983 - src.processors.async_processor - WARNING - DICA: Execute novamente com headless=False para resolver CAPTCHAs manualmente
2026-01-27 22:55:34,984 - __main__ - INFO - Iniciando: ESMALTERIA E ESTETICA
2026-01-27 22:55:34,985 - src.processors.async_processor - INFO - [221/371] Processando: ESMALTERIA E ESTETICA
2026-01-27 22:55:35,168 - src.scrappers.google_scraper - INFO - Buscando: "ESMALTERIA E ESTETICA" Mogi Mirim
2026-01-27 22:55:39,452 - src.scrappers.google_scraper - WARNING - CAPTCHA detectado via seletor: form#captcha-form
2026-01-27 22:55:39,452 - src.processors.async_processor - WARNING - CAPTCHA detectado para: ESMALTERIA E ESTETICA
2026-01-27 22:55:39,470 - __main__ - WARNING - CAPTCHA: ESMALTERIA E ESTETICA - CAPTCHA detectado! Aguardando resolução manual...
2026-01-27 22:55:39,470 - src.scrappers.google_scraper - WARNING - CAPTCHA detectado em modo headless. Sugerindo modo visual.
2026-01-27 22:55:39,489 - src.processors.async_processor - ERROR - CAPTCHA detectado para ESMALTERIA E ESTETICA: CAPTCHA detectado. Execute com headless=False para resolver manualmente.
2026-01-27 22:55:39,494 - __main__ - ERROR - Erro em ESMALTERIA E ESTETICA: CAPTCHA: CAPTCHA detectado. Execute com headless=False para resolver manualmente.
2026-01-27 22:55:39,506 - src.processors.async_processor - WARNING - DICA: Execute novamente com headless=False para resolver CAPTCHAs manualmente
2026-01-27 22:55:39,557 - __main__ - INFO - Iniciando: ULTRAFARMA MOGI GUACU
2026-01-27 22:55:39,558 - src.processors.async_processor - INFO - [222/371] Processando: ULTRAFARMA MOGI GUACU
2026-01-27 22:55:39,670 - src.scrappers.google_scraper - INFO - Buscando: "ULTRAFARMA MOGI GUACU" Mogi Mirim
2026-01-27 22:55:43,854 - src.scrappers.google_scraper - WARNING - CAPTCHA detectado via seletor: form#captcha-form
2026-01-27 22:55:43,854 - src.processors.async_processor - WARNING - CAPTCHA detectado para: ULTRAFARMA MOGI GUACU
2026-01-27 22:55:43,870 - __main__ - WARNING - CAPTCHA: ULTRAFARMA MOGI GUACU - CAPTCHA detectado! Aguardando resolução manual...
2026-01-27 22:55:43,870 - src.scrappers.google_scraper - WARNING - CAPTCHA detectado em modo headless. Sugerindo modo visual.
2026-01-27 22:55:43,885 - src.processors.async_processor - ERROR - CAPTCHA detectado para ULTRAFARMA MOGI GUACU: CAPTCHA detectado. Execute com headless=False para resolver manualmente.
2026-01-27 22:55:43,888 - __main__ - ERROR - Erro em ULTRAFARMA MOGI GUACU: CAPTCHA: CAPTCHA detectado. Execute com headless=False para resolver manualmente.
2026-01-27 22:55:43,888 - src.processors.async_processor - WARNING - DICA: Execute novamente com headless=False para resolver CAPTCHAs manualmente
2026-01-27 22:55:43,889 - __main__ - INFO - Iniciando: DCF MEI
2026-01-27 22:55:43,890 - src.processors.async_processor - INFO - [223/371] Processando: DCF MEI
2026-01-27 22:55:44,049 - src.scrappers.google_scraper - INFO - Buscando: "DCF MEI" Mogi Mirim
2026-01-27 22:55:48,787 - src.scrappers.google_scraper - WARNING - CAPTCHA detectado via seletor: form#captcha-form
2026-01-27 22:55:48,788 - src.processors.async_processor - WARNING - CAPTCHA detectado para: DCF MEI
2026-01-27 22:55:48,802 - __main__ - WARNING - CAPTCHA: DCF MEI - CAPTCHA detectado! Aguardando resolução manual...
2026-01-27 22:55:48,802 - src.scrappers.google_scraper - WARNING - CAPTCHA detectado em modo headless. Sugerindo modo visual.
2026-01-27 22:55:48,811 - src.processors.async_processor - ERROR - CAPTCHA detectado para DCF MEI: CAPTCHA detectado. Execute com headless=False para resolver manualmente.
2026-01-27 22:55:48,814 - __main__ - ERROR - Erro em DCF MEI: CAPTCHA: CAPTCHA detectado. Execute com headless=False para resolver manualmente.
2026-01-27 22:55:48,815 - src.processors.async_processor - WARNING - DICA: Execute novamente com headless=False para resolver CAPTCHAs manualmente
2026-01-27 22:55:48,816 - __main__ - INFO - Iniciando: CALI SKATE
2026-01-27 22:55:48,817 - src.processors.async_processor - INFO - [224/371] Processando: CALI SKATE
2026-01-27 22:55:48,946 - src.scrappers.google_scraper - INFO - Buscando: "CALI SKATE" Mogi Mirim
2026-01-27 22:55:53,367 - src.scrappers.google_scraper - WARNING - CAPTCHA detectado via seletor: form#captcha-form
2026-01-27 22:55:53,367 - src.processors.async_processor - WARNING - CAPTCHA detectado para: CALI SKATE
2026-01-27 22:55:53,377 - __main__ - WARNING - CAPTCHA: CALI SKATE - CAPTCHA detectado! Aguardando resolução manual...
2026-01-27 22:55:53,378 - src.scrappers.google_scraper - WARNING - CAPTCHA detectado em modo headless. Sugerindo modo visual.
2026-01-27 22:55:53,392 - src.processors.async_processor - ERROR - CAPTCHA detectado para CALI SKATE: CAPTCHA detectado. Execute com headless=False para resolver manualmente.
2026-01-27 22:55:53,395 - __main__ - ERROR - Erro em CALI SKATE: CAPTCHA: CAPTCHA detectado. Execute com headless=False para resolver manualmente.
2026-01-27 22:55:53,396 - src.processors.async_processor - WARNING - DICA: Execute novamente com headless=False para resolver CAPTCHAs manualmente
2026-01-27 22:55:53,397 - __main__ - INFO - Iniciando: ESTRELA DE DAVI
2026-01-27 22:55:53,398 - src.processors.async_processor - INFO - [225/371] Processando: ESTRELA DE DAVI
2026-01-27 22:55:53,535 - src.scrappers.google_scraper - INFO - Buscando: "ESTRELA DE DAVI" Mogi Mirim
2026-01-27 22:55:57,458 - src.scrappers.google_scraper - WARNING - CAPTCHA detectado via seletor: form#captcha-form
2026-01-27 22:55:57,458 - src.processors.async_processor - WARNING - CAPTCHA detectado para: ESTRELA DE DAVI
2026-01-27 22:55:57,471 - __main__ - WARNING - CAPTCHA: ESTRELA DE DAVI - CAPTCHA detectado! Aguardando resolução manual...
2026-01-27 22:55:57,472 - src.scrappers.google_scraper - WARNING - CAPTCHA detectado em modo headless. Sugerindo modo visual.
2026-01-27 22:55:57,484 - src.processors.async_processor - ERROR - CAPTCHA detectado para ESTRELA DE DAVI: CAPTCHA detectado. Execute com headless=False para resolver manualmente.
2026-01-27 22:55:57,488 - __main__ - ERROR - Erro em ESTRELA DE DAVI: CAPTCHA: CAPTCHA detectado. Execute com headless=False para resolver manualmente.
2026-01-27 22:55:57,488 - src.processors.async_processor - WARNING - DICA: Execute novamente com headless=False para resolver CAPTCHAs manualmente
2026-01-27 22:55:57,489 - __main__ - INFO - Iniciando: CARVAO SCUDELLER
2026-01-27 22:55:57,490 - src.processors.async_processor - INFO - [226/371] Processando: CARVAO SCUDELLER
2026-01-27 22:55:57,658 - src.scrappers.google_scraper - INFO - Buscando: "CARVAO SCUDELLER" Mogi Mirim
2026-01-27 22:56:02,036 - src.scrappers.google_scraper - WARNING - CAPTCHA detectado via seletor: form#captcha-form
2026-01-27 22:56:02,036 - src.processors.async_processor - WARNING - CAPTCHA detectado para: CARVAO SCUDELLER
2026-01-27 22:56:02,060 - __main__ - WARNING - CAPTCHA: CARVAO SCUDELLER - CAPTCHA detectado! Aguardando resolução manual...
2026-01-27 22:56:02,060 - src.scrappers.google_scraper - WARNING - CAPTCHA detectado em modo headless. Sugerindo modo visual.
2026-01-27 22:56:02,074 - src.processors.async_processor - ERROR - CAPTCHA detectado para CARVAO SCUDELLER: CAPTCHA detectado. Execute com headless=False para resolver manualmente.
2026-01-27 22:56:02,077 - __main__ - ERROR - Erro em CARVAO SCUDELLER: CAPTCHA: CAPTCHA detectado. Execute com headless=False para resolver manualmente.
2026-01-27 22:56:02,078 - src.processors.async_processor - WARNING - DICA: Execute novamente com headless=False para resolver CAPTCHAs manualmente
2026-01-27 22:56:02,079 - __main__ - INFO - Iniciando: VILLA BOVINA CASA DE CARNES
2026-01-27 22:56:02,080 - src.processors.async_processor - INFO - [227/371] Processando: VILLA BOVINA CASA DE CARNES
2026-01-27 22:56:02,244 - src.scrappers.google_scraper - INFO - Buscando: "VILLA BOVINA CASA DE CARNES" Mogi Mirim
2026-01-27 22:56:06,050 - src.scrappers.google_scraper - WARNING - CAPTCHA detectado via seletor: form#captcha-form
2026-01-27 22:56:06,050 - src.processors.async_processor - WARNING - CAPTCHA detectado para: VILLA BOVINA CASA DE CARNES
2026-01-27 22:56:06,062 - __main__ - WARNING - CAPTCHA: VILLA BOVINA CASA DE CARNES - CAPTCHA detectado! Aguardando resolução manual...
2026-01-27 22:56:06,062 - src.scrappers.google_scraper - WARNING - CAPTCHA detectado em modo headless. Sugerindo modo visual.
2026-01-27 22:56:06,074 - src.processors.async_processor - ERROR - CAPTCHA detectado para VILLA BOVINA CASA DE CARNES: CAPTCHA detectado. Execute com headless=False para resolver manualmente.
2026-01-27 22:56:06,077 - __main__ - ERROR - Erro em VILLA BOVINA CASA DE CARNES: CAPTCHA: CAPTCHA detectado. Execute com headless=False para resolver manualmente.
2026-01-27 22:56:06,077 - src.processors.async_processor - WARNING - DICA: Execute novamente com headless=False para resolver CAPTCHAs manualmente
2026-01-27 22:56:06,078 - __main__ - INFO - Iniciando: LA VITA DOLCE
2026-01-27 22:56:06,079 - src.processors.async_processor - INFO - [228/371] Processando: LA VITA DOLCE
2026-01-27 22:56:06,251 - src.scrappers.google_scraper - INFO - Buscando: "LA VITA DOLCE" Mogi Mirim
2026-01-27 22:56:10,858 - src.scrappers.google_scraper - WARNING - CAPTCHA detectado via seletor: form#captcha-form
2026-01-27 22:56:10,859 - src.processors.async_processor - WARNING - CAPTCHA detectado para: LA VITA DOLCE
2026-01-27 22:56:10,870 - __main__ - WARNING - CAPTCHA: LA VITA DOLCE - CAPTCHA detectado! Aguardando resolução manual...
2026-01-27 22:56:10,871 - src.scrappers.google_scraper - WARNING - CAPTCHA detectado em modo headless. Sugerindo modo visual.
2026-01-27 22:56:10,884 - src.processors.async_processor - ERROR - CAPTCHA detectado para LA VITA DOLCE: CAPTCHA detectado. Execute com headless=False para resolver manualmente.
2026-01-27 22:56:10,888 - __main__ - ERROR - Erro em LA VITA DOLCE: CAPTCHA: CAPTCHA detectado. Execute com headless=False para resolver manualmente.
2026-01-27 22:56:10,888 - src.processors.async_processor - WARNING - DICA: Execute novamente com headless=False para resolver CAPTCHAs manualmente
2026-01-27 22:56:10,889 - __main__ - INFO - Iniciando: SEMPREVALE SUPERMERCADO
2026-01-27 22:56:10,889 - src.processors.async_processor - INFO - [229/371] Processando: SEMPREVALE SUPERMERCADO
2026-01-27 22:56:11,049 - src.scrappers.google_scraper - INFO - Buscando: "SEMPREVALE SUPERMERCADO" Mogi Mirim
2026-01-27 22:56:14,958 - src.scrappers.google_scraper - WARNING - CAPTCHA detectado via seletor: form#captcha-form
2026-01-27 22:56:14,958 - src.processors.async_processor - WARNING - CAPTCHA detectado para: SEMPREVALE SUPERMERCADO
2026-01-27 22:56:14,970 - __main__ - WARNING - CAPTCHA: SEMPREVALE SUPERMERCADO - CAPTCHA detectado! Aguardando resolução manual...
2026-01-27 22:56:14,971 - src.scrappers.google_scraper - WARNING - CAPTCHA detectado em modo headless. Sugerindo modo visual.
2026-01-27 22:56:14,984 - src.processors.async_processor - ERROR - CAPTCHA detectado para SEMPREVALE SUPERMERCADO: CAPTCHA detectado. Execute com headless=False para resolver manualmente.
2026-01-27 22:56:14,987 - __main__ - ERROR - Erro em SEMPREVALE SUPERMERCADO: CAPTCHA: CAPTCHA detectado. Execute com headless=False para resolver manualmente.
2026-01-27 22:56:14,987 - src.processors.async_processor - WARNING - DICA: Execute novamente com headless=False para resolver CAPTCHAs manualmente
2026-01-27 22:56:14,988 - __main__ - INFO - Iniciando: FRANCISCAO LANCHES
2026-01-27 22:56:14,989 - src.processors.async_processor - INFO - [230/371] Processando: FRANCISCAO LANCHES
2026-01-27 22:56:15,204 - src.scrappers.google_scraper - INFO - Buscando: "FRANCISCAO LANCHES" Mogi Mirim
2026-01-27 22:56:19,379 - src.scrappers.google_scraper - WARNING - CAPTCHA detectado via seletor: form#captcha-form
2026-01-27 22:56:19,379 - src.processors.async_processor - WARNING - CAPTCHA detectado para: FRANCISCAO LANCHES
2026-01-27 22:56:19,391 - __main__ - WARNING - CAPTCHA: FRANCISCAO LANCHES - CAPTCHA detectado! Aguardando resolução manual...
2026-01-27 22:56:19,391 - src.scrappers.google_scraper - WARNING - CAPTCHA detectado em modo headless. Sugerindo modo visual.
2026-01-27 22:56:19,405 - src.processors.async_processor - ERROR - CAPTCHA detectado para FRANCISCAO LANCHES: CAPTCHA detectado. Execute com headless=False para resolver manualmente.
2026-01-27 22:56:19,408 - __main__ - ERROR - Erro em FRANCISCAO LANCHES: CAPTCHA: CAPTCHA detectado. Execute com headless=False para resolver manualmente.
2026-01-27 22:56:19,423 - src.processors.async_processor - WARNING - DICA: Execute novamente com headless=False para resolver CAPTCHAs manualmente
2026-01-27 22:56:19,466 - __main__ - INFO - Iniciando: ORTHODONTIC
2026-01-27 22:56:19,467 - src.processors.async_processor - INFO - [231/371] Processando: ORTHODONTIC
2026-01-27 22:56:19,590 - src.scrappers.google_scraper - INFO - Buscando: "ORTHODONTIC" Mogi Mirim
2026-01-27 22:56:23,502 - src.scrappers.google_scraper - WARNING - CAPTCHA detectado via seletor: form#captcha-form
2026-01-27 22:56:23,503 - src.processors.async_processor - WARNING - CAPTCHA detectado para: ORTHODONTIC
2026-01-27 22:56:23,517 - __main__ - WARNING - CAPTCHA: ORTHODONTIC - CAPTCHA detectado! Aguardando resolução manual...
2026-01-27 22:56:23,517 - src.scrappers.google_scraper - WARNING - CAPTCHA detectado em modo headless. Sugerindo modo visual.
2026-01-27 22:56:23,528 - src.processors.async_processor - ERROR - CAPTCHA detectado para ORTHODONTIC: CAPTCHA detectado. Execute com headless=False para resolver manualmente.
2026-01-27 22:56:23,531 - __main__ - ERROR - Erro em ORTHODONTIC: CAPTCHA: CAPTCHA detectado. Execute com headless=False para resolver manualmente.
2026-01-27 22:56:23,532 - src.processors.async_processor - WARNING - DICA: Execute novamente com headless=False para resolver CAPTCHAs manualmente
2026-01-27 22:56:23,533 - __main__ - INFO - Iniciando: FOCUS ODONTOLOGIA
2026-01-27 22:56:23,534 - src.processors.async_processor - INFO - [232/371] Processando: FOCUS ODONTOLOGIA
2026-01-27 22:56:23,671 - src.scrappers.google_scraper - INFO - Buscando: "FOCUS ODONTOLOGIA" Mogi Mirim
2026-01-27 22:56:27,338 - src.scrappers.google_scraper - WARNING - CAPTCHA detectado via seletor: form#captcha-form
2026-01-27 22:56:27,338 - src.processors.async_processor - WARNING - CAPTCHA detectado para: FOCUS ODONTOLOGIA
2026-01-27 22:56:27,356 - __main__ - WARNING - CAPTCHA: FOCUS ODONTOLOGIA - CAPTCHA detectado! Aguardando resolução manual...
2026-01-27 22:56:27,357 - src.scrappers.google_scraper - WARNING - CAPTCHA detectado em modo headless. Sugerindo modo visual.
2026-01-27 22:56:27,370 - src.processors.async_processor - ERROR - CAPTCHA detectado para FOCUS ODONTOLOGIA: CAPTCHA detectado. Execute com headless=False para resolver manualmente.
2026-01-27 22:56:27,373 - __main__ - ERROR - Erro em FOCUS ODONTOLOGIA: CAPTCHA: CAPTCHA detectado. Execute com headless=False para resolver manualmente.
2026-01-27 22:56:27,373 - src.processors.async_processor - WARNING - DICA: Execute novamente com headless=False para resolver CAPTCHAs manualmente
2026-01-27 22:56:27,374 - __main__ - INFO - Iniciando: JZ ESTUDIO JAQUELINE ZANUTO
2026-01-27 22:56:27,422 - src.processors.async_processor - INFO - [233/371] Processando: JZ ESTUDIO JAQUELINE ZANUTO
2026-01-27 22:56:27,553 - src.scrappers.google_scraper - INFO - Buscando: "JZ ESTUDIO JAQUELINE ZANUTO" Mogi Mirim
2026-01-27 22:56:31,933 - src.scrappers.google_scraper - WARNING - CAPTCHA detectado via seletor: form#captcha-form
2026-01-27 22:56:31,933 - src.processors.async_processor - WARNING - CAPTCHA detectado para: JZ ESTUDIO JAQUELINE ZANUTO
2026-01-27 22:56:31,948 - __main__ - WARNING - CAPTCHA: JZ ESTUDIO JAQUELINE ZANUTO - CAPTCHA detectado! Aguardando resolução manual...
2026-01-27 22:56:31,949 - src.scrappers.google_scraper - WARNING - CAPTCHA detectado em modo headless. Sugerindo modo visual.
2026-01-27 22:56:31,962 - src.processors.async_processor - ERROR - CAPTCHA detectado para JZ ESTUDIO JAQUELINE ZANUTO: CAPTCHA detectado. Execute com headless=False para resolver manualmente.
2026-01-27 22:56:31,966 - __main__ - ERROR - Erro em JZ ESTUDIO JAQUELINE ZANUTO: CAPTCHA: CAPTCHA detectado. Execute com headless=False para resolver manualmente.
2026-01-27 22:56:31,967 - src.processors.async_processor - WARNING - DICA: Execute novamente com headless=False para resolver CAPTCHAs manualmente
2026-01-27 22:56:31,968 - __main__ - INFO - Iniciando: NAYARA REIS SOUZA
2026-01-27 22:56:31,969 - src.processors.async_processor - INFO - [234/371] Processando: NAYARA REIS SOUZA
2026-01-27 22:56:32,175 - src.scrappers.google_scraper - INFO - Buscando: "NAYARA REIS SOUZA" Mogi Mirim
2026-01-27 22:56:36,472 - src.scrappers.google_scraper - WARNING - CAPTCHA detectado via seletor: form#captcha-form
2026-01-27 22:56:36,472 - src.processors.async_processor - WARNING - CAPTCHA detectado para: NAYARA REIS SOUZA
2026-01-27 22:56:36,486 - __main__ - WARNING - CAPTCHA: NAYARA REIS SOUZA - CAPTCHA detectado! Aguardando resolução manual...
2026-01-27 22:56:36,487 - src.scrappers.google_scraper - WARNING - CAPTCHA detectado em modo headless. Sugerindo modo visual.
2026-01-27 22:56:36,500 - src.processors.async_processor - ERROR - CAPTCHA detectado para NAYARA REIS SOUZA: CAPTCHA detectado. Execute com headless=False para resolver manualmente.
2026-01-27 22:56:36,503 - __main__ - ERROR - Erro em NAYARA REIS SOUZA: CAPTCHA: CAPTCHA detectado. Execute com headless=False para resolver manualmente.
2026-01-27 22:56:36,503 - src.processors.async_processor - WARNING - DICA: Execute novamente com headless=False para resolver CAPTCHAs manualmente
2026-01-27 22:56:36,505 - __main__ - INFO - Iniciando: PET MONSTRINHO
2026-01-27 22:56:36,506 - src.processors.async_processor - INFO - [235/371] Processando: PET MONSTRINHO
2026-01-27 22:56:36,674 - src.scrappers.google_scraper - INFO - Buscando: "PET MONSTRINHO" Mogi Mirim
2026-01-27 22:56:40,785 - src.scrappers.google_scraper - WARNING - CAPTCHA detectado via seletor: form#captcha-form
2026-01-27 22:56:40,785 - src.processors.async_processor - WARNING - CAPTCHA detectado para: PET MONSTRINHO
2026-01-27 22:56:40,797 - __main__ - WARNING - CAPTCHA: PET MONSTRINHO - CAPTCHA detectado! Aguardando resolução manual...
2026-01-27 22:56:40,797 - src.scrappers.google_scraper - WARNING - CAPTCHA detectado em modo headless. Sugerindo modo visual.
2026-01-27 22:56:40,807 - src.processors.async_processor - ERROR - CAPTCHA detectado para PET MONSTRINHO: CAPTCHA detectado. Execute com headless=False para resolver manualmente.
2026-01-27 22:56:40,810 - __main__ - ERROR - Erro em PET MONSTRINHO: CAPTCHA: CAPTCHA detectado. Execute com headless=False para resolver manualmente.
2026-01-27 22:56:40,811 - src.processors.async_processor - WARNING - DICA: Execute novamente com headless=False para resolver CAPTCHAs manualmente
2026-01-27 22:56:40,812 - __main__ - INFO - Iniciando: TENIS INTELIGENTE
2026-01-27 22:56:40,813 - src.processors.async_processor - INFO - [236/371] Processando: TENIS INTELIGENTE
2026-01-27 22:56:40,970 - src.scrappers.google_scraper - INFO - Buscando: "TENIS INTELIGENTE" Mogi Mirim
2026-01-27 22:56:45,141 - src.scrappers.google_scraper - WARNING - CAPTCHA detectado via seletor: form#captcha-form
2026-01-27 22:56:45,141 - src.processors.async_processor - WARNING - CAPTCHA detectado para: TENIS INTELIGENTE
2026-01-27 22:56:45,152 - __main__ - WARNING - CAPTCHA: TENIS INTELIGENTE - CAPTCHA detectado! Aguardando resolução manual...
2026-01-27 22:56:45,152 - src.scrappers.google_scraper - WARNING - CAPTCHA detectado em modo headless. Sugerindo modo visual.
2026-01-27 22:56:45,163 - src.processors.async_processor - ERROR - CAPTCHA detectado para TENIS INTELIGENTE: CAPTCHA detectado. Execute com headless=False para resolver manualmente.
2026-01-27 22:56:45,167 - __main__ - ERROR - Erro em TENIS INTELIGENTE: CAPTCHA: CAPTCHA detectado. Execute com headless=False para resolver manualmente.
2026-01-27 22:56:45,168 - src.processors.async_processor - WARNING - DICA: Execute novamente com headless=False para resolver CAPTCHAs manualmente
2026-01-27 22:56:45,169 - __main__ - INFO - Iniciando: JN - NEGUINHO TRUCK
2026-01-27 22:56:45,170 - src.processors.async_processor - INFO - [237/371] Processando: JN - NEGUINHO TRUCK
2026-01-27 22:56:45,335 - src.scrappers.google_scraper - INFO - Buscando: "JN - NEGUINHO TRUCK" Mogi Mirim
2026-01-27 22:56:49,805 - src.scrappers.google_scraper - WARNING - CAPTCHA detectado via seletor: form#captcha-form
2026-01-27 22:56:49,805 - src.processors.async_processor - WARNING - CAPTCHA detectado para: JN - NEGUINHO TRUCK
2026-01-27 22:56:49,817 - __main__ - WARNING - CAPTCHA: JN - NEGUINHO TRUCK - CAPTCHA detectado! Aguardando resolução manual...
2026-01-27 22:56:49,818 - src.scrappers.google_scraper - WARNING - CAPTCHA detectado em modo headless. Sugerindo modo visual.
2026-01-27 22:56:49,829 - src.processors.async_processor - ERROR - CAPTCHA detectado para JN - NEGUINHO TRUCK: CAPTCHA detectado. Execute com headless=False para resolver manualmente.
2026-01-27 22:56:49,832 - __main__ - ERROR - Erro em JN - NEGUINHO TRUCK: CAPTCHA: CAPTCHA detectado. Execute com headless=False para resolver manualmente.
2026-01-27 22:56:49,833 - src.processors.async_processor - WARNING - DICA: Execute novamente com headless=False para resolver CAPTCHAs manualmente
2026-01-27 22:56:49,834 - __main__ - INFO - Iniciando: DELIVERY DE BEBIDAS DF
2026-01-27 22:56:49,836 - src.processors.async_processor - INFO - [238/371] Processando: DELIVERY DE BEBIDAS DF
2026-01-27 22:56:49,998 - src.scrappers.google_scraper - INFO - Buscando: "DELIVERY DE BEBIDAS DF" Mogi Mirim
2026-01-27 22:56:54,368 - src.scrappers.google_scraper - WARNING - CAPTCHA detectado via seletor: form#captcha-form
2026-01-27 22:56:54,368 - src.processors.async_processor - WARNING - CAPTCHA detectado para: DELIVERY DE BEBIDAS DF
2026-01-27 22:56:54,380 - __main__ - WARNING - CAPTCHA: DELIVERY DE BEBIDAS DF - CAPTCHA detectado! Aguardando resolução manual...
2026-01-27 22:56:54,380 - src.scrappers.google_scraper - WARNING - CAPTCHA detectado em modo headless. Sugerindo modo visual.
2026-01-27 22:56:54,392 - src.processors.async_processor - ERROR - CAPTCHA detectado para DELIVERY DE BEBIDAS DF: CAPTCHA detectado. Execute com headless=False para resolver manualmente.
2026-01-27 22:56:54,395 - __main__ - ERROR - Erro em DELIVERY DE BEBIDAS DF: CAPTCHA: CAPTCHA detectado. Execute com headless=False para resolver manualmente.
2026-01-27 22:56:54,395 - src.processors.async_processor - WARNING - DICA: Execute novamente com headless=False para resolver CAPTCHAs manualmente
2026-01-27 22:56:54,396 - __main__ - INFO - Iniciando: CA - CAROL ALMEIDA LASH DESIGNER - ESTETICA E CIA
2026-01-27 22:56:54,398 - src.processors.async_processor - INFO - [239/371] Processando: CA - CAROL ALMEIDA LASH DESIGNER - ESTETICA E CIA
2026-01-27 22:56:54,560 - src.scrappers.google_scraper - INFO - Buscando: "CA - CAROL ALMEIDA LASH DESIGNER - ESTETICA E CIA" Mogi Mirim
2026-01-27 22:56:58,269 - src.scrappers.google_scraper - WARNING - CAPTCHA detectado via seletor: form#captcha-form
2026-01-27 22:56:58,270 - src.processors.async_processor - WARNING - CAPTCHA detectado para: CA - CAROL ALMEIDA LASH DESIGNER - ESTETICA E CIA
2026-01-27 22:56:58,289 - __main__ - WARNING - CAPTCHA: CA - CAROL ALMEIDA LASH DESIGNER - ESTETICA E CIA - CAPTCHA detectado! Aguardando resolução manual...
2026-01-27 22:56:58,289 - src.scrappers.google_scraper - WARNING - CAPTCHA detectado em modo headless. Sugerindo modo visual.
2026-01-27 22:56:58,301 - src.processors.async_processor - ERROR - CAPTCHA detectado para CA - CAROL ALMEIDA LASH DESIGNER - ESTETICA E CIA: CAPTCHA detectado. Execute com headless=False para resolver manualmente.
2026-01-27 22:56:58,305 - __main__ - ERROR - Erro em CA - CAROL ALMEIDA LASH DESIGNER - ESTETICA E CIA: CAPTCHA: CAPTCHA detectado. Execute com headless=False para resolver manualmente.
2026-01-27 22:56:58,305 - src.processors.async_processor - WARNING - DICA: Execute novamente com headless=False para resolver CAPTCHAs manualmente
2026-01-27 22:56:58,306 - __main__ - INFO - Iniciando: MARLENE SALGADOS
2026-01-27 22:56:58,307 - src.processors.async_processor - INFO - [240/371] Processando: MARLENE SALGADOS
2026-01-27 22:56:58,620 - src.scrappers.google_scraper - INFO - Buscando: "MARLENE SALGADOS" Mogi Mirim
2026-01-27 22:57:03,326 - src.scrappers.google_scraper - WARNING - CAPTCHA detectado via seletor: form#captcha-form
2026-01-27 22:57:03,326 - src.processors.async_processor - WARNING - CAPTCHA detectado para: MARLENE SALGADOS
2026-01-27 22:57:03,338 - __main__ - WARNING - CAPTCHA: MARLENE SALGADOS - CAPTCHA detectado! Aguardando resolução manual...
2026-01-27 22:57:03,339 - src.scrappers.google_scraper - WARNING - CAPTCHA detectado em modo headless. Sugerindo modo visual.
2026-01-27 22:57:03,352 - src.processors.async_processor - ERROR - CAPTCHA detectado para MARLENE SALGADOS: CAPTCHA detectado. Execute com headless=False para resolver manualmente.
2026-01-27 22:57:03,355 - __main__ - ERROR - Erro em MARLENE SALGADOS: CAPTCHA: CAPTCHA detectado. Execute com headless=False para resolver manualmente.
2026-01-27 22:57:03,355 - src.processors.async_processor - WARNING - DICA: Execute novamente com headless=False para resolver CAPTCHAs manualmente
2026-01-27 22:57:03,356 - __main__ - INFO - Iniciando: LABORATORIO DE BOLOS
2026-01-27 22:57:03,357 - src.processors.async_processor - INFO - [241/371] Processando: LABORATORIO DE BOLOS
2026-01-27 22:57:03,529 - src.scrappers.google_scraper - INFO - Buscando: "LABORATORIO DE BOLOS" Mogi Mirim
2026-01-27 22:57:07,200 - src.scrappers.google_scraper - WARNING - CAPTCHA detectado via seletor: form#captcha-form
2026-01-27 22:57:07,200 - src.processors.async_processor - WARNING - CAPTCHA detectado para: LABORATORIO DE BOLOS
2026-01-27 22:57:07,210 - __main__ - WARNING - CAPTCHA: LABORATORIO DE BOLOS - CAPTCHA detectado! Aguardando resolução manual...
2026-01-27 22:57:07,211 - src.scrappers.google_scraper - WARNING - CAPTCHA detectado em modo headless. Sugerindo modo visual.
2026-01-27 22:57:07,222 - src.processors.async_processor - ERROR - CAPTCHA detectado para LABORATORIO DE BOLOS: CAPTCHA detectado. Execute com headless=False para resolver manualmente.
2026-01-27 22:57:07,225 - __main__ - ERROR - Erro em LABORATORIO DE BOLOS: CAPTCHA: CAPTCHA detectado. Execute com headless=False para resolver manualmente.
2026-01-27 22:57:07,226 - src.processors.async_processor - WARNING - DICA: Execute novamente com headless=False para resolver CAPTCHAs manualmente
2026-01-27 22:57:07,226 - __main__ - INFO - Iniciando: VILA PET
2026-01-27 22:57:07,228 - src.processors.async_processor - INFO - [242/371] Processando: VILA PET
2026-01-27 22:57:07,345 - src.scrappers.google_scraper - INFO - Buscando: "VILA PET" Mogi Mirim
2026-01-27 22:57:12,086 - src.scrappers.google_scraper - WARNING - CAPTCHA detectado via seletor: form#captcha-form
2026-01-27 22:57:12,087 - src.processors.async_processor - WARNING - CAPTCHA detectado para: VILA PET
2026-01-27 22:57:12,100 - __main__ - WARNING - CAPTCHA: VILA PET - CAPTCHA detectado! Aguardando resolução manual...
2026-01-27 22:57:12,101 - src.scrappers.google_scraper - WARNING - CAPTCHA detectado em modo headless. Sugerindo modo visual.
2026-01-27 22:57:12,115 - src.processors.async_processor - ERROR - CAPTCHA detectado para VILA PET: CAPTCHA detectado. Execute com headless=False para resolver manualmente.
2026-01-27 22:57:12,118 - __main__ - ERROR - Erro em VILA PET: CAPTCHA: CAPTCHA detectado. Execute com headless=False para resolver manualmente.
2026-01-27 22:57:12,119 - src.processors.async_processor - WARNING - DICA: Execute novamente com headless=False para resolver CAPTCHAs manualmente
2026-01-27 22:57:12,121 - __main__ - INFO - Iniciando: LA NATURA
2026-01-27 22:57:12,122 - src.processors.async_processor - INFO - [243/371] Processando: LA NATURA
2026-01-27 22:57:12,274 - src.scrappers.google_scraper - INFO - Buscando: "LA NATURA" Mogi Mirim
2026-01-27 22:57:16,617 - src.scrappers.google_scraper - WARNING - CAPTCHA detectado via seletor: form#captcha-form
2026-01-27 22:57:16,618 - src.processors.async_processor - WARNING - CAPTCHA detectado para: LA NATURA
2026-01-27 22:57:16,631 - __main__ - WARNING - CAPTCHA: LA NATURA - CAPTCHA detectado! Aguardando resolução manual...
2026-01-27 22:57:16,631 - src.scrappers.google_scraper - WARNING - CAPTCHA detectado em modo headless. Sugerindo modo visual.
2026-01-27 22:57:16,643 - src.processors.async_processor - ERROR - CAPTCHA detectado para LA NATURA: CAPTCHA detectado. Execute com headless=False para resolver manualmente.
2026-01-27 22:57:16,646 - __main__ - ERROR - Erro em LA NATURA: CAPTCHA: CAPTCHA detectado. Execute com headless=False para resolver manualmente.
2026-01-27 22:57:16,647 - src.processors.async_processor - WARNING - DICA: Execute novamente com headless=False para resolver CAPTCHAs manualmente
2026-01-27 22:57:16,648 - __main__ - INFO - Iniciando: ***
2026-01-27 22:57:16,650 - src.processors.async_processor - INFO - [244/371] Processando: ***
2026-01-27 22:57:16,784 - src.scrappers.google_scraper - INFO - Buscando: "***" Mogi Mirim
2026-01-27 22:57:20,683 - src.scrappers.google_scraper - WARNING - CAPTCHA detectado via seletor: form#captcha-form
2026-01-27 22:57:20,684 - src.processors.async_processor - WARNING - CAPTCHA detectado para: ***
2026-01-27 22:57:20,687 - __main__ - WARNING - CAPTCHA: *** - CAPTCHA detectado! Aguardando resolução manual...
2026-01-27 22:57:20,688 - src.scrappers.google_scraper - WARNING - CAPTCHA detectado em modo headless. Sugerindo modo visual.
2026-01-27 22:57:20,741 - src.processors.async_processor - ERROR - CAPTCHA detectado para ***: CAPTCHA detectado. Execute com headless=False para resolver manualmente.
2026-01-27 22:57:20,744 - __main__ - ERROR - Erro em ***: CAPTCHA: CAPTCHA detectado. Execute com headless=False para resolver manualmente.
2026-01-27 22:57:20,744 - src.processors.async_processor - WARNING - DICA: Execute novamente com headless=False para resolver CAPTCHAs manualmente
2026-01-27 22:57:20,745 - __main__ - INFO - Iniciando: PAMELLA ROCHELLE
2026-01-27 22:57:20,747 - src.processors.async_processor - INFO - [245/371] Processando: PAMELLA ROCHELLE
2026-01-27 22:57:20,876 - src.scrappers.google_scraper - INFO - Buscando: "PAMELLA ROCHELLE" Mogi Mirim
2026-01-27 22:57:24,867 - src.scrappers.google_scraper - WARNING - CAPTCHA detectado via seletor: form#captcha-form
2026-01-27 22:57:24,867 - src.processors.async_processor - WARNING - CAPTCHA detectado para: PAMELLA ROCHELLE
2026-01-27 22:57:24,885 - __main__ - WARNING - CAPTCHA: PAMELLA ROCHELLE - CAPTCHA detectado! Aguardando resolução manual...
2026-01-27 22:57:24,885 - src.scrappers.google_scraper - WARNING - CAPTCHA detectado em modo headless. Sugerindo modo visual.
2026-01-27 22:57:24,898 - src.processors.async_processor - ERROR - CAPTCHA detectado para PAMELLA ROCHELLE: CAPTCHA detectado. Execute com headless=False para resolver manualmente.
2026-01-27 22:57:24,901 - __main__ - ERROR - Erro em PAMELLA ROCHELLE: CAPTCHA: CAPTCHA detectado. Execute com headless=False para resolver manualmente.
2026-01-27 22:57:24,901 - src.processors.async_processor - WARNING - DICA: Execute novamente com headless=False para resolver CAPTCHAs manualmente
2026-01-27 22:57:24,902 - __main__ - INFO - Iniciando: MARIA E JOAO BOUTIK BRECHO
2026-01-27 22:57:24,903 - src.processors.async_processor - INFO - [246/371] Processando: MARIA E JOAO BOUTIK BRECHO
2026-01-27 22:57:25,049 - src.scrappers.google_scraper - INFO - Buscando: "MARIA E JOAO BOUTIK BRECHO" Mogi Mirim
2026-01-27 22:57:29,318 - src.scrappers.google_scraper - WARNING - CAPTCHA detectado via seletor: form#captcha-form
2026-01-27 22:57:29,319 - src.processors.async_processor - WARNING - CAPTCHA detectado para: MARIA E JOAO BOUTIK BRECHO
2026-01-27 22:57:29,331 - __main__ - WARNING - CAPTCHA: MARIA E JOAO BOUTIK BRECHO - CAPTCHA detectado! Aguardando resolução manual...
2026-01-27 22:57:29,331 - src.scrappers.google_scraper - WARNING - CAPTCHA detectado em modo headless. Sugerindo modo visual.
2026-01-27 22:57:29,344 - src.processors.async_processor - ERROR - CAPTCHA detectado para MARIA E JOAO BOUTIK BRECHO: CAPTCHA detectado. Execute com headless=False para resolver manualmente.
2026-01-27 22:57:29,349 - __main__ - ERROR - Erro em MARIA E JOAO BOUTIK BRECHO: CAPTCHA: CAPTCHA detectado. Execute com headless=False para resolver manualmente.
2026-01-27 22:57:29,350 - src.processors.async_processor - WARNING - DICA: Execute novamente com headless=False para resolver CAPTCHAs manualmente
2026-01-27 22:57:29,350 - __main__ - INFO - Iniciando: XMED
2026-01-27 22:57:29,352 - src.processors.async_processor - INFO - [247/371] Processando: XMED
2026-01-27 22:57:29,494 - src.scrappers.google_scraper - INFO - Buscando: "XMED" Mogi Mirim
2026-01-27 22:57:33,757 - src.scrappers.google_scraper - WARNING - CAPTCHA detectado via seletor: form#captcha-form
2026-01-27 22:57:33,758 - src.processors.async_processor - WARNING - CAPTCHA detectado para: XMED
2026-01-27 22:57:33,771 - __main__ - WARNING - CAPTCHA: XMED - CAPTCHA detectado! Aguardando resolução manual...
2026-01-27 22:57:33,772 - src.scrappers.google_scraper - WARNING - CAPTCHA detectado em modo headless. Sugerindo modo visual.
2026-01-27 22:57:33,785 - src.processors.async_processor - ERROR - CAPTCHA detectado para XMED: CAPTCHA detectado. Execute com headless=False para resolver manualmente.
2026-01-27 22:57:33,788 - __main__ - ERROR - Erro em XMED: CAPTCHA: CAPTCHA detectado. Execute com headless=False para resolver manualmente.
2026-01-27 22:57:33,789 - src.processors.async_processor - WARNING - DICA: Execute novamente com headless=False para resolver CAPTCHAs manualmente
2026-01-27 22:57:33,789 - __main__ - INFO - Iniciando: AMF AGRO NUTRICAO ANIMAL
2026-01-27 22:57:33,791 - src.processors.async_processor - INFO - [248/371] Processando: AMF AGRO NUTRICAO ANIMAL
2026-01-27 22:57:33,964 - src.scrappers.google_scraper - INFO - Buscando: "AMF AGRO NUTRICAO ANIMAL" Mogi Mirim
2026-01-27 22:57:37,730 - src.scrappers.google_scraper - WARNING - CAPTCHA detectado via seletor: form#captcha-form
2026-01-27 22:57:37,731 - src.processors.async_processor - WARNING - CAPTCHA detectado para: AMF AGRO NUTRICAO ANIMAL
2026-01-27 22:57:37,750 - __main__ - WARNING - CAPTCHA: AMF AGRO NUTRICAO ANIMAL - CAPTCHA detectado! Aguardando resolução manual...
2026-01-27 22:57:37,750 - src.scrappers.google_scraper - WARNING - CAPTCHA detectado em modo headless. Sugerindo modo visual.
2026-01-27 22:57:37,761 - src.processors.async_processor - ERROR - CAPTCHA detectado para AMF AGRO NUTRICAO ANIMAL: CAPTCHA detectado. Execute com headless=False para resolver manualmente.
2026-01-27 22:57:37,764 - __main__ - ERROR - Erro em AMF AGRO NUTRICAO ANIMAL: CAPTCHA: CAPTCHA detectado. Execute com headless=False para resolver manualmente.
2026-01-27 22:57:37,764 - src.processors.async_processor - WARNING - DICA: Execute novamente com headless=False para resolver CAPTCHAs manualmente
2026-01-27 22:57:37,765 - __main__ - INFO - Iniciando: IMPERIO REPRESENTACOES
2026-01-27 22:57:37,766 - src.processors.async_processor - INFO - [249/371] Processando: IMPERIO REPRESENTACOES
2026-01-27 22:57:37,895 - src.scrappers.google_scraper - INFO - Buscando: "IMPERIO REPRESENTACOES" Mogi Mirim
2026-01-27 22:57:42,726 - src.scrappers.google_scraper - WARNING - CAPTCHA detectado via seletor: form#captcha-form
2026-01-27 22:57:42,727 - src.processors.async_processor - WARNING - CAPTCHA detectado para: IMPERIO REPRESENTACOES
2026-01-27 22:57:42,739 - __main__ - WARNING - CAPTCHA: IMPERIO REPRESENTACOES - CAPTCHA detectado! Aguardando resolução manual...
2026-01-27 22:57:42,739 - src.scrappers.google_scraper - WARNING - CAPTCHA detectado em modo headless. Sugerindo modo visual.
2026-01-27 22:57:42,753 - src.processors.async_processor - ERROR - CAPTCHA detectado para IMPERIO REPRESENTACOES: CAPTCHA detectado. Execute com headless=False para resolver manualmente.
2026-01-27 22:57:42,755 - __main__ - ERROR - Erro em IMPERIO REPRESENTACOES: CAPTCHA: CAPTCHA detectado. Execute com headless=False para resolver manualmente.
2026-01-27 22:57:42,758 - src.processors.async_processor - WARNING - DICA: Execute novamente com headless=False para resolver CAPTCHAs manualmente
2026-01-27 22:57:42,812 - __main__ - INFO - Iniciando: SECRETARIA MUNICIPAL DE EDUCACAO
2026-01-27 22:57:42,814 - src.processors.async_processor - INFO - [250/371] Processando: SECRETARIA MUNICIPAL DE EDUCACAO
2026-01-27 22:57:42,939 - src.scrappers.google_scraper - INFO - Buscando: "SECRETARIA MUNICIPAL DE EDUCACAO" Mogi Mirim
2026-01-27 22:57:47,003 - src.scrappers.google_scraper - WARNING - CAPTCHA detectado via seletor: form#captcha-form
2026-01-27 22:57:47,003 - src.processors.async_processor - WARNING - CAPTCHA detectado para: SECRETARIA MUNICIPAL DE EDUCACAO
2026-01-27 22:57:47,003 - src.scrappers.google_scraper - ERROR - Erro ao buscar SECRETARIA MUNICIPAL DE EDUCACAO: App is not running
2026-01-27 22:57:47,021 - src.processors.async_processor - INFO - Novo registro criado: SECRETARIA MUNICIPAL DE EDUCACAO
2026-01-27 22:57:47,212 - src.processors.async_processor - ERROR - Erro ao processar SECRETARIA MUNICIPAL DE EDUCACAO: App is not running
2026-01-27 22:57:47,755 - __main__ - ERROR - Erro durante processamento: App is not running
2026-01-28 14:56:37,547 - __main__ - INFO - Iniciando ExtractMogi
2026-01-28 14:56:38,207 - __main__ - INFO - Banco de dados inicializado
2026-01-28 14:56:55,586 - src.processors.async_processor - INFO - CSV lido com sucesso: 371 empresas encontradas
2026-01-28 14:56:55,589 - __main__ - INFO - CSV carregado: 20260124_140352_busca_mogi_perfil.csv com 371 empresas
2026-01-28 14:56:57,041 - __main__ - INFO - Iniciando processamento de empresas
2026-01-28 14:56:57,043 - src.processors.async_processor - INFO - CSV lido com sucesso: 371 empresas encontradas
2026-01-28 14:56:57,043 - src.processors.async_processor - INFO - Iniciando processamento assíncrono de 371 empresas
2026-01-28 14:57:23,269 - __main__ - INFO - Iniciando: SELETA & NATURAL
2026-01-28 14:57:23,271 - src.processors.async_processor - INFO - [1/371] Processando: SELETA & NATURAL
2026-01-28 14:57:41,540 - src.scrappers.google_scraper - INFO - Buscando: "SELETA & NATURAL" Mogi Mirim
2026-01-28 14:57:51,303 - src.scrappers.google_scraper - WARNING - CAPTCHA detectado via seletor: form#captcha-form
2026-01-28 14:57:51,310 - src.processors.async_processor - WARNING - CAPTCHA detectado para: SELETA & NATURAL
2026-01-28 14:57:51,346 - __main__ - WARNING - CAPTCHA: SELETA & NATURAL - CAPTCHA detectado! Aguardando resolução manual...
2026-01-28 14:57:51,347 - src.scrappers.google_scraper - WARNING - CAPTCHA detectado! Aguardando intervenção humana...
2026-01-28 14:57:51,347 - src.scrappers.google_scraper - WARNING - ============================================================
2026-01-28 14:57:51,417 - src.scrappers.google_scraper - WARNING - ============================================================
2026-01-28 14:57:51,417 - src.scrappers.google_scraper - WARNING - Empresa: SELETA & NATURAL
2026-01-28 14:57:51,417 - src.scrappers.google_scraper - WARNING - Instruções:
2026-01-28 14:57:51,418 - src.scrappers.google_scraper - WARNING - 1. Resolva o CAPTCHA manualmente na janela do navegador
2026-01-28 14:57:51,418 - src.scrappers.google_scraper - WARNING - 2. Aguarde até ver os resultados da busca aparecerem
2026-01-28 14:57:51,418 - src.scrappers.google_scraper - WARNING - 3. O script continuará automaticamente
2026-01-28 14:57:51,418 - src.scrappers.google_scraper - WARNING - ============================================================
2026-01-28 14:58:06,634 - src.scrappers.google_scraper - INFO - Dados extraídos para SELETA & NATURAL: {'telefone': '(19) 6166-7662', 'facebook_link': None, 'site': 'http://seletaeducacao.com.br/'}
2026-01-28 14:58:06,810 - src.processors.async_processor - INFO - Registro atualizado: SELETA & NATURAL
2026-01-28 14:58:10,915 - __main__ - INFO - Iniciando: REMPEL INSTALACAO E MANUTENCAO INDUSTRIAL
2026-01-28 14:58:10,919 - src.processors.async_processor - INFO - [2/371] Processando: REMPEL INSTALACAO E MANUTENCAO INDUSTRIAL
2026-01-28 14:58:11,089 - src.scrappers.google_scraper - INFO - Buscando: "REMPEL INSTALACAO E MANUTENCAO INDUSTRIAL" Mogi Mirim
2026-01-28 14:58:20,190 - src.scrappers.google_scraper - INFO - Dados extraídos para REMPEL INSTALACAO E MANUTENCAO INDUSTRIAL: {'telefone': '(19) 3862-7479', 'facebook_link': None, 'site': 'https://guiafacil.com/site/renata-m-t-rodrigues/mogi-mirim/sp/18694005000127'}
2026-01-28 14:58:20,216 - src.processors.async_processor - INFO - Registro atualizado: REMPEL INSTALACAO E MANUTENCAO INDUSTRIAL
2026-01-28 14:58:27,000 - __main__ - INFO - Iniciando: KIOSQUE DOS AMIGOS
2026-01-28 14:58:27,022 - src.processors.async_processor - INFO - [3/371] Processando: KIOSQUE DOS AMIGOS
2026-01-28 14:58:27,185 - src.scrappers.google_scraper - INFO - Buscando: "KIOSQUE DOS AMIGOS" Mogi Mirim
2026-01-28 14:58:35,619 - src.scrappers.google_scraper - INFO - Dados extraídos para KIOSQUE DOS AMIGOS: {'telefone': '(19) 9241-3323', 'facebook_link': None, 'site': None}
2026-01-28 14:58:35,644 - src.processors.async_processor - INFO - Registro atualizado: KIOSQUE DOS AMIGOS
2026-01-28 14:58:40,488 - __main__ - INFO - Iniciando: ALECINIAS MATSUMOTO
2026-01-28 14:58:40,490 - src.processors.async_processor - INFO - [4/371] Processando: ALECINIAS MATSUMOTO
2026-01-28 14:58:40,627 - src.scrappers.google_scraper - INFO - Buscando: "ALECINIAS MATSUMOTO" Mogi Mirim
2026-01-28 14:58:48,637 - src.scrappers.google_scraper - INFO - Dados extraídos para ALECINIAS MATSUMOTO: {'telefone': '8997-8449', 'facebook_link': 'https://www.facebook.com/karencristina.alecinias/', 'site': None}
2026-01-28 14:58:48,824 - src.scrappers.facebook_scraper - INFO - Acessando Facebook: https://www.facebook.com/karencristina.alecinias/
2026-01-28 14:58:56,827 - src.scrappers.facebook_scraper - INFO - WhatsApp encontrado: (19) 92749-9263
2026-01-28 14:58:56,828 - src.scrappers.facebook_scraper - INFO - Dados do Facebook extraídos: {'email': None, 'celular_whatsapp': '(19) 92749-9263'}
2026-01-28 14:58:56,850 - src.processors.async_processor - INFO - Registro atualizado: ALECINIAS MATSUMOTO
2026-01-28 14:59:00,892 - __main__ - INFO - Iniciando: S. & A. JARDINAGEM
2026-01-28 14:59:00,894 - src.processors.async_processor - INFO - [5/371] Processando: S. & A. JARDINAGEM
2026-01-28 14:59:01,019 - src.scrappers.google_scraper - INFO - Buscando: "S. & A. JARDINAGEM" Mogi Mirim
2026-01-28 14:59:10,708 - src.scrappers.google_scraper - INFO - Dados extraídos para S. & A. JARDINAGEM: {'telefone': '8997-8449', 'facebook_link': None, 'site': None}
2026-01-28 14:59:10,746 - src.processors.async_processor - INFO - Registro atualizado: S. & A. JARDINAGEM
2026-01-28 14:59:15,527 - __main__ - INFO - Iniciando: RC MOTORS
2026-01-28 14:59:15,530 - src.processors.async_processor - INFO - [6/371] Processando: RC MOTORS
2026-01-28 14:59:15,673 - src.scrappers.google_scraper - INFO - Buscando: "RC MOTORS" Mogi Mirim
2026-01-28 14:59:25,510 - src.scrappers.google_scraper - INFO - Dados extraídos para RC MOTORS: {'telefone': '(19) 99176-2997', 'facebook_link': 'https://www.instagram.com/rcmotorsmogi/', 'site': 'http://www.rcmotorsmogi.com.br/'}
2026-01-28 14:59:25,742 - src.scrappers.facebook_scraper - INFO - Acessando Facebook: https://www.instagram.com/rcmotorsmogi/
2026-01-28 15:00:37,083 - src.scrappers.facebook_scraper - INFO - WhatsApp encontrado: (19) 99176-2997
2026-01-28 15:00:37,084 - src.scrappers.facebook_scraper - INFO - Dados do Facebook extraídos: {'email': None, 'celular_whatsapp': '(19) 99176-2997'}
2026-01-28 15:00:37,104 - src.processors.async_processor - INFO - Registro atualizado: RC MOTORS
2026-01-28 15:00:42,984 - __main__ - INFO - Iniciando: CLEIDE MODA PLUS SIZE
2026-01-28 15:00:43,003 - src.processors.async_processor - INFO - [7/371] Processando: CLEIDE MODA PLUS SIZE
2026-01-28 15:00:43,127 - src.scrappers.google_scraper - INFO - Buscando: "CLEIDE MODA PLUS SIZE" Mogi Mirim
2026-01-28 15:00:53,756 - src.scrappers.google_scraper - INFO - Dados extraídos para CLEIDE MODA PLUS SIZE: {'telefone': '(19) 99622-0486', 'facebook_link': 'https://www.instagram.com/cleidemodaaguila/', 'site': None}
2026-01-28 15:00:53,946 - src.scrappers.facebook_scraper - INFO - Acessando Facebook: https://www.instagram.com/cleidemodaaguila/
2026-01-28 15:02:05,034 - src.scrappers.facebook_scraper - INFO - WhatsApp encontrado: (19) 94566-7550
2026-01-28 15:02:05,034 - src.scrappers.facebook_scraper - INFO - Dados do Facebook extraídos: {'email': None, 'celular_whatsapp': '(19) 94566-7550'}
2026-01-28 15:02:05,049 - src.processors.async_processor - INFO - Registro atualizado: CLEIDE MODA PLUS SIZE
2026-01-28 15:02:09,009 - __main__ - INFO - Iniciando: DK FASHION STORE
2026-01-28 15:02:09,013 - src.processors.async_processor - INFO - [8/371] Processando: DK FASHION STORE
2026-01-28 15:02:09,147 - src.scrappers.google_scraper - INFO - Buscando: "DK FASHION STORE" Mogi Mirim
2026-01-28 15:02:20,554 - src.scrappers.google_scraper - INFO - Dados extraídos para DK FASHION STORE: {'telefone': '(19) 99353-8419', 'facebook_link': 'https://www.instagram.com/dkfashionloja/', 'site': None}
2026-01-28 15:02:20,703 - src.scrappers.facebook_scraper - INFO - Acessando Facebook: https://www.instagram.com/dkfashionloja/
2026-01-28 15:03:31,908 - src.scrappers.facebook_scraper - INFO - WhatsApp encontrado: (19) 99136-7392
2026-01-28 15:03:31,909 - src.scrappers.facebook_scraper - INFO - Dados do Facebook extraídos: {'email': None, 'celular_whatsapp': '(19) 99136-7392'}
2026-01-28 15:03:31,933 - src.processors.async_processor - INFO - Registro atualizado: DK FASHION STORE
2026-01-28 15:03:39,071 - __main__ - INFO - Iniciando: MV SISTEMAS
2026-01-28 15:03:39,075 - src.processors.async_processor - INFO - [9/371] Processando: MV SISTEMAS
2026-01-28 15:03:39,234 - src.scrappers.google_scraper - INFO - Buscando: "MV SISTEMAS" Mogi Mirim
2026-01-28 15:03:47,878 - src.scrappers.google_scraper - INFO - Dados extraídos para MV SISTEMAS: {'telefone': '8997-8449', 'facebook_link': None, 'site': None}
2026-01-28 15:03:47,904 - src.processors.async_processor - INFO - Registro atualizado: MV SISTEMAS
2026-01-28 15:03:53,917 - __main__ - INFO - Iniciando: ADEMAR LANCHES
2026-01-28 15:03:53,923 - src.processors.async_processor - INFO - [10/371] Processando: ADEMAR LANCHES
2026-01-28 15:03:54,085 - src.scrappers.google_scraper - INFO - Buscando: "ADEMAR LANCHES" Mogi Mirim
2026-01-28 15:04:03,341 - src.scrappers.google_scraper - INFO - Dados extraídos para ADEMAR LANCHES: {'telefone': '(19) 99676-7637', 'facebook_link': 'https://www.facebook.com/admlanches/', 'site': None}
2026-01-28 15:04:03,496 - src.scrappers.facebook_scraper - INFO - Acessando Facebook: https://www.facebook.com/admlanches/
2026-01-28 15:05:15,550 - src.scrappers.facebook_scraper - INFO - WhatsApp encontrado: (19) 99676-7637
2026-01-28 15:05:15,551 - src.scrappers.facebook_scraper - INFO - Dados do Facebook extraídos: {'email': None, 'celular_whatsapp': '(19) 99676-7637'}
2026-01-28 15:05:15,574 - src.processors.async_processor - INFO - Registro atualizado: ADEMAR LANCHES
2026-01-28 15:05:22,418 - __main__ - INFO - Iniciando: A D TRANSPORTES
2026-01-28 15:05:22,422 - src.processors.async_processor - INFO - [11/371] Processando: A D TRANSPORTES
2026-01-28 15:05:22,571 - src.scrappers.google_scraper - INFO - Buscando: "A D TRANSPORTES" Mogi Mirim
2026-01-28 15:05:31,188 - src.scrappers.google_scraper - INFO - Dados extraídos para A D TRANSPORTES: {'telefone': '(19) 19770-0010', 'facebook_link': None, 'site': None}
2026-01-28 15:05:31,209 - src.processors.async_processor - INFO - Registro atualizado: A D TRANSPORTES
2026-01-28 15:05:35,136 - __main__ - INFO - Iniciando: MALU MADALENA
2026-01-28 15:05:35,141 - src.processors.async_processor - INFO - [12/371] Processando: MALU MADALENA
2026-01-28 15:05:35,285 - src.scrappers.google_scraper - INFO - Buscando: "MALU MADALENA" Mogi Mirim
2026-01-28 15:05:44,673 - src.scrappers.google_scraper - INFO - Dados extraídos para MALU MADALENA: {'telefone': '8997-8449', 'facebook_link': None, 'site': None}
2026-01-28 15:05:44,727 - src.processors.async_processor - INFO - Registro atualizado: MALU MADALENA
2026-01-28 15:05:48,795 - __main__ - INFO - Iniciando: LUZZERIE
2026-01-28 15:05:48,802 - src.processors.async_processor - INFO - [13/371] Processando: LUZZERIE
2026-01-28 15:05:48,921 - src.scrappers.google_scraper - INFO - Buscando: "LUZZERIE" Mogi Mirim
2026-01-28 15:05:57,151 - src.scrappers.google_scraper - INFO - Dados extraídos para LUZZERIE: {'telefone': '(19) 3804-9609', 'facebook_link': 'https://www.instagram.com/brugnetti_pizzaria/', 'site': None}
2026-01-28 15:05:57,334 - src.scrappers.facebook_scraper - INFO - Acessando Facebook: https://www.instagram.com/brugnetti_pizzaria/
2026-01-28 15:07:08,422 - src.scrappers.facebook_scraper - INFO - WhatsApp encontrado: (19) 99452-5426
2026-01-28 15:07:08,422 - src.scrappers.facebook_scraper - INFO - Dados do Facebook extraídos: {'email': None, 'celular_whatsapp': '(19) 99452-5426'}
2026-01-28 15:07:08,438 - src.processors.async_processor - INFO - Registro atualizado: LUZZERIE
2026-01-28 15:07:15,065 - __main__ - INFO - Iniciando: GASTRONOMEU GOURMET
2026-01-28 15:07:15,066 - src.processors.async_processor - INFO - [14/371] Processando: GASTRONOMEU GOURMET
2026-01-28 15:07:15,213 - src.scrappers.google_scraper - INFO - Buscando: "GASTRONOMEU GOURMET" Mogi Mirim
2026-01-28 15:07:23,363 - src.scrappers.google_scraper - INFO - Dados extraídos para GASTRONOMEU GOURMET: {'telefone': '8997-8449', 'facebook_link': None, 'site': None}
2026-01-28 15:07:23,386 - src.processors.async_processor - INFO - Registro atualizado: GASTRONOMEU GOURMET
2026-01-28 15:07:27,212 - __main__ - INFO - Iniciando: MARCENARIA PALERMO
2026-01-28 15:07:27,216 - src.processors.async_processor - INFO - [15/371] Processando: MARCENARIA PALERMO
2026-01-28 15:07:27,392 - src.scrappers.google_scraper - INFO - Buscando: "MARCENARIA PALERMO" Mogi Mirim
2026-01-28 15:07:35,645 - src.scrappers.google_scraper - INFO - Dados extraídos para MARCENARIA PALERMO: {'telefone': '(19) 98168-4511', 'facebook_link': None, 'site': 'http://www.montabemplanejados.com.br/'}
2026-01-28 15:07:35,665 - src.processors.async_processor - INFO - Registro atualizado: MARCENARIA PALERMO
2026-01-28 15:07:40,609 - __main__ - INFO - Iniciando: WG VIDROS TEMPERADOS
2026-01-28 15:07:40,624 - src.processors.async_processor - INFO - [16/371] Processando: WG VIDROS TEMPERADOS
2026-01-28 15:07:40,760 - src.scrappers.google_scraper - INFO - Buscando: "WG VIDROS TEMPERADOS" Mogi Mirim
2026-01-28 15:07:51,031 - src.scrappers.google_scraper - INFO - Dados extraídos para WG VIDROS TEMPERADOS: {'telefone': '(19) 98403-4518', 'facebook_link': 'https://www.instagram.com/wgvidrostemperados/', 'site': 'https://www.elo7.com.br/wgvidrostemperados'}
2026-01-28 15:07:51,205 - src.scrappers.facebook_scraper - INFO - Acessando Facebook: https://www.instagram.com/wgvidrostemperados/
2026-01-28 15:09:02,287 - src.scrappers.facebook_scraper - INFO - WhatsApp encontrado: (19) 96073-5742
2026-01-28 15:09:02,288 - src.scrappers.facebook_scraper - INFO - Dados do Facebook extraídos: {'email': None, 'celular_whatsapp': '(19) 96073-5742'}
2026-01-28 15:09:02,303 - src.processors.async_processor - INFO - Novo registro criado: WG VIDROS TEMPERADOS
2026-01-28 15:09:09,006 - __main__ - INFO - Iniciando: CASA DO SALGADO
2026-01-28 15:09:09,008 - src.processors.async_processor - INFO - [17/371] Processando: CASA DO SALGADO
2026-01-28 15:09:09,149 - src.scrappers.google_scraper - INFO - Buscando: "CASA DO SALGADO" Mogi Mirim
2026-01-28 15:09:18,932 - src.scrappers.google_scraper - INFO - Dados extraídos para CASA DO SALGADO: {'telefone': '(19) 97416-5084', 'facebook_link': 'https://www.instagram.com/casado_salgado/', 'site': None}
2026-01-28 15:09:19,107 - src.scrappers.facebook_scraper - INFO - Acessando Facebook: https://www.instagram.com/casado_salgado/
2026-01-28 15:10:30,090 - src.scrappers.facebook_scraper - INFO - WhatsApp encontrado: (19) 94515-7326
2026-01-28 15:10:30,090 - src.scrappers.facebook_scraper - INFO - Dados do Facebook extraídos: {'email': None, 'celular_whatsapp': '(19) 94515-7326'}
2026-01-28 15:10:30,108 - src.processors.async_processor - INFO - Novo registro criado: CASA DO SALGADO
2026-01-28 15:10:34,384 - __main__ - INFO - Iniciando: MOGI MIRIM ACESSORIOS PARA CELULARES
2026-01-28 15:10:34,387 - src.processors.async_processor - INFO - [18/371] Processando: MOGI MIRIM ACESSORIOS PARA CELULARES
2026-01-28 15:10:34,575 - src.scrappers.google_scraper - INFO - Buscando: "MOGI MIRIM ACESSORIOS PARA CELULARES" Mogi Mirim
2026-01-28 15:10:45,469 - src.scrappers.google_scraper - INFO - Dados extraídos para MOGI MIRIM ACESSORIOS PARA CELULARES: {'telefone': '(19) 97171-0861', 'facebook_link': None, 'site': None}
2026-01-28 15:10:45,490 - src.processors.async_processor - INFO - Novo registro criado: MOGI MIRIM ACESSORIOS PARA CELULARES
2026-01-28 15:10:49,949 - __main__ - INFO - Iniciando: MJR VENDAS
2026-01-28 15:10:49,953 - src.processors.async_processor - INFO - [19/371] Processando: MJR VENDAS
2026-01-28 15:10:50,133 - src.scrappers.google_scraper - INFO - Buscando: "MJR VENDAS" Mogi Mirim
2026-01-28 15:10:59,629 - src.scrappers.google_scraper - INFO - Dados extraídos para MJR VENDAS: {'telefone': '8997-8449', 'facebook_link': 'https://www.instagram.com/reel/DP2By9UDhGd/', 'site': None}
2026-01-28 15:10:59,782 - src.scrappers.facebook_scraper - INFO - Acessando Facebook: https://www.instagram.com/reel/DP2By9UDhGd/
2026-01-28 15:12:10,837 - src.scrappers.facebook_scraper - INFO - WhatsApp encontrado: (19) 99452-5426
2026-01-28 15:12:10,837 - src.scrappers.facebook_scraper - INFO - Dados do Facebook extraídos: {'email': None, 'celular_whatsapp': '(19) 99452-5426'}
2026-01-28 15:12:10,854 - src.processors.async_processor - INFO - Novo registro criado: MJR VENDAS
2026-01-28 15:12:17,564 - __main__ - INFO - Iniciando: LONDON CAFE
2026-01-28 15:12:17,566 - src.processors.async_processor - INFO - [20/371] Processando: LONDON CAFE
2026-01-28 15:12:17,713 - src.scrappers.google_scraper - INFO - Buscando: "LONDON CAFE" Mogi Mirim
2026-01-28 15:12:26,713 - src.scrappers.google_scraper - INFO - Dados extraídos para LONDON CAFE: {'telefone': '(19) 9609-1407', 'facebook_link': None, 'site': None}
2026-01-28 15:12:26,734 - src.processors.async_processor - INFO - Novo registro criado: LONDON CAFE
2026-01-28 15:12:32,245 - __main__ - INFO - Iniciando: LUAN MUNHOZ
2026-01-28 15:12:32,249 - src.processors.async_processor - INFO - [21/371] Processando: LUAN MUNHOZ
2026-01-28 15:12:32,386 - src.scrappers.google_scraper - INFO - Buscando: "LUAN MUNHOZ" Mogi Mirim
2026-01-28 15:12:42,341 - src.scrappers.google_scraper - INFO - Dados extraídos para LUAN MUNHOZ: {'telefone': '(19) 78716-7362', 'facebook_link': 'https://www.facebook.com/EcofloraBrasil/videos/leve-algumas-gotas-desse-mar-para-sua-casa-esse-%C3%A9-um-pouco-do-dia-a-dia-da-ecofl/1473605906656279/', 'site': 'https://bkpsitecpsnew.blob.core.windows.net/uploadsitecps/sites/8/2022/10/ETEC_HOMOLOGADO_GERAL_Resultado-ETEC-INTERCAMBIO-CULTURAL-10-Out.pdf'}
2026-01-28 15:12:42,499 - src.scrappers.facebook_scraper - INFO - Acessando Facebook: https://www.facebook.com/EcofloraBrasil/videos/leve-algumas-gotas-desse-mar-para-sua-casa-esse-%C3%A9-um-pouco-do-dia-a-dia-da-ecofl/1473605906656279/
2026-01-28 15:12:51,768 - src.scrappers.facebook_scraper - INFO - WhatsApp encontrado: (19) 91553-5009
2026-01-28 15:12:51,769 - src.scrappers.facebook_scraper - INFO - Dados do Facebook extraídos: {'email': None, 'celular_whatsapp': '(19) 91553-5009'}
2026-01-28 15:12:51,796 - src.processors.async_processor - INFO - Novo registro criado: LUAN MUNHOZ
2026-01-28 15:12:57,853 - __main__ - INFO - Iniciando: TANIA BINOTTI JACOBINA LONGATTO
2026-01-28 15:12:57,857 - src.processors.async_processor - INFO - [22/371] Processando: TANIA BINOTTI JACOBINA LONGATTO
2026-01-28 15:12:58,024 - src.scrappers.google_scraper - INFO - Buscando: "TANIA BINOTTI JACOBINA LONGATTO" Mogi Mirim
2026-01-28 15:13:06,959 - src.scrappers.google_scraper - INFO - Dados extraídos para TANIA BINOTTI JACOBINA LONGATTO: {'telefone': '8997-8449', 'facebook_link': None, 'site': None}
2026-01-28 15:13:06,979 - src.processors.async_processor - INFO - Novo registro criado: TANIA BINOTTI JACOBINA LONGATTO
2026-01-28 15:13:10,212 - __main__ - INFO - Iniciando: TAB EXPRESS
2026-01-28 15:13:10,216 - src.processors.async_processor - INFO - [23/371] Processando: TAB EXPRESS
2026-01-28 15:13:10,370 - src.scrappers.google_scraper - INFO - Buscando: "TAB EXPRESS" Mogi Mirim
2026-01-28 15:13:19,403 - src.scrappers.google_scraper - INFO - Dados extraídos para TAB EXPRESS: {'telefone': '(19) 3549-6542', 'facebook_link': 'https://www.instagram.com/reel/DGdI-2uKvvG/', 'site': None}
2026-01-28 15:13:19,574 - src.scrappers.facebook_scraper - INFO - Acessando Facebook: https://www.instagram.com/reel/DGdI-2uKvvG/
2026-01-28 15:14:30,702 - src.scrappers.facebook_scraper - INFO - WhatsApp encontrado: (19) 95688-3218
2026-01-28 15:14:30,702 - src.scrappers.facebook_scraper - INFO - Dados do Facebook extraídos: {'email': None, 'celular_whatsapp': '(19) 95688-3218'}
2026-01-28 15:14:30,719 - src.processors.async_processor - INFO - Novo registro criado: TAB EXPRESS
2026-01-28 15:14:35,952 - __main__ - INFO - Iniciando: FSC GESTAO EM RECURSOS HUMANOS
2026-01-28 15:14:35,957 - src.processors.async_processor - INFO - [24/371] Processando: FSC GESTAO EM RECURSOS HUMANOS
2026-01-28 15:14:36,093 - src.scrappers.google_scraper - INFO - Buscando: "FSC GESTAO EM RECURSOS HUMANOS" Mogi Mirim
2026-01-28 15:14:46,712 - src.scrappers.google_scraper - INFO - Dados extraídos para FSC GESTAO EM RECURSOS HUMANOS: {'telefone': '8997-8449', 'facebook_link': None, 'site': None}
2026-01-28 15:14:46,755 - src.processors.async_processor - INFO - Novo registro criado: FSC GESTAO EM RECURSOS HUMANOS
2026-01-28 15:14:53,445 - __main__ - INFO - Iniciando: HAIR BEAUTY SALON
2026-01-28 15:14:53,447 - src.processors.async_processor - INFO - [25/371] Processando: HAIR BEAUTY SALON
2026-01-28 15:14:53,628 - src.scrappers.google_scraper - INFO - Buscando: "HAIR BEAUTY SALON" Mogi Mirim
2026-01-28 15:15:03,189 - src.scrappers.google_scraper - INFO - Dados extraídos para HAIR BEAUTY SALON: {'telefone': '(19) 99769-6094', 'facebook_link': 'https://www.instagram.com/hair.mogimirim/', 'site': 'https://api.whatsapp.com/send?phone=5519991749678'}
2026-01-28 15:15:03,357 - src.scrappers.facebook_scraper - INFO - Acessando Facebook: https://www.instagram.com/hair.mogimirim/
2026-01-28 15:15:10,220 - src.scrappers.facebook_scraper - INFO - Navegou para seção Sobre
2026-01-28 15:15:12,367 - src.scrappers.facebook_scraper - INFO - WhatsApp encontrado: (19) 99452-5426
2026-01-28 15:15:12,367 - src.scrappers.facebook_scraper - INFO - Dados do Facebook extraídos: {'email': None, 'celular_whatsapp': '(19) 99452-5426'}
2026-01-28 15:15:12,382 - src.processors.async_processor - INFO - Novo registro criado: HAIR BEAUTY SALON
2026-01-28 15:15:16,318 - __main__ - INFO - Iniciando: CASA DE CARNES MAIA
2026-01-28 15:15:16,322 - src.processors.async_processor - INFO - [26/371] Processando: CASA DE CARNES MAIA
2026-01-28 15:15:16,438 - src.scrappers.google_scraper - INFO - Buscando: "CASA DE CARNES MAIA" Mogi Mirim
2026-01-28 15:15:26,399 - src.scrappers.google_scraper - INFO - Dados extraídos para CASA DE CARNES MAIA: {'telefone': '(19) 3549-2955', 'facebook_link': 'https://www.instagram.com/explore/locations/1382524392008686/casa-de-carnes-maia/', 'site': None}
2026-01-28 15:15:26,518 - src.scrappers.facebook_scraper - INFO - Acessando Facebook: https://www.instagram.com/explore/locations/1382524392008686/casa-de-carnes-maia/
2026-01-28 15:16:38,250 - src.scrappers.facebook_scraper - INFO - WhatsApp encontrado: (19) 99452-5426
2026-01-28 15:16:38,251 - src.scrappers.facebook_scraper - INFO - Dados do Facebook extraídos: {'email': None, 'celular_whatsapp': '(19) 99452-5426'}
2026-01-28 15:16:38,278 - src.processors.async_processor - INFO - Novo registro criado: CASA DE CARNES MAIA
2026-01-28 15:16:44,670 - __main__ - INFO - Iniciando: MAIARA TRANSPORTE ESCOLAR
2026-01-28 15:16:44,675 - src.processors.async_processor - INFO - [27/371] Processando: MAIARA TRANSPORTE ESCOLAR
2026-01-28 15:16:44,754 - src.scrappers.google_scraper - INFO - Buscando: "MAIARA TRANSPORTE ESCOLAR" Mogi Mirim
2026-01-28 15:16:52,970 - src.scrappers.google_scraper - INFO - Dados extraídos para MAIARA TRANSPORTE ESCOLAR: {'telefone': '8997-8449', 'facebook_link': None, 'site': None}
2026-01-28 15:16:52,999 - src.processors.async_processor - INFO - Novo registro criado: MAIARA TRANSPORTE ESCOLAR
2026-01-28 15:16:58,733 - __main__ - INFO - Iniciando: NEW BREED ACAI
2026-01-28 15:16:58,737 - src.processors.async_processor - INFO - [28/371] Processando: NEW BREED ACAI
2026-01-28 15:16:58,823 - src.scrappers.google_scraper - INFO - Buscando: "NEW BREED ACAI" Mogi Mirim
2026-01-28 15:17:07,782 - src.scrappers.google_scraper - INFO - Dados extraídos para NEW BREED ACAI: {'telefone': '(19) 7100-0110', 'facebook_link': 'https://www.facebook.com/people/New-Breed-a%C3%A7ai/100057801603437/', 'site': None}
2026-01-28 15:17:07,912 - src.scrappers.facebook_scraper - INFO - Acessando Facebook: https://www.facebook.com/people/New-Breed-a%C3%A7ai/100057801603437/
2026-01-28 15:17:47,450 - src.scrappers.facebook_scraper - INFO - WhatsApp encontrado: (19) 99820-4064
2026-01-28 15:17:47,450 - src.scrappers.facebook_scraper - INFO - Dados do Facebook extraídos: {'email': None, 'celular_whatsapp': '(19) 99820-4064'}
2026-01-28 15:17:47,490 - src.processors.async_processor - INFO - Novo registro criado: NEW BREED ACAI
2026-01-28 15:17:50,766 - __main__ - INFO - Iniciando: CASA DE CARNES CAMPLU
2026-01-28 15:17:50,782 - src.processors.async_processor - INFO - [29/371] Processando: CASA DE CARNES CAMPLU
2026-01-28 15:17:50,883 - src.scrappers.google_scraper - INFO - Buscando: "CASA DE CARNES CAMPLU" Mogi Mirim
2026-01-28 15:18:00,372 - src.scrappers.google_scraper - INFO - Dados extraídos para CASA DE CARNES CAMPLU: {'telefone': '(19) 67804-3500', 'facebook_link': 'https://www.facebook.com/camplucarnesnobres/', 'site': None}
2026-01-28 15:18:00,495 - src.scrappers.facebook_scraper - INFO - Acessando Facebook: https://www.facebook.com/camplucarnesnobres/
2026-01-28 15:19:12,539 - src.scrappers.facebook_scraper - INFO - Email encontrado: casadecarnes.camplu@hotmail.com
2026-01-28 15:19:12,541 - src.scrappers.facebook_scraper - INFO - WhatsApp encontrado: (19) 99452-5426
2026-01-28 15:19:12,542 - src.scrappers.facebook_scraper - INFO - Dados do Facebook extraídos: {'email': 'casadecarnes.camplu@hotmail.com', 'celular_whatsapp': '(19) 99452-5426'}
2026-01-28 15:19:12,579 - src.processors.async_processor - INFO - Novo registro criado: CASA DE CARNES CAMPLU
2026-01-28 15:19:16,858 - __main__ - INFO - Iniciando: VIEIRA CONSTRUCOES
2026-01-28 15:19:16,865 - src.processors.async_processor - INFO - [30/371] Processando: VIEIRA CONSTRUCOES
2026-01-28 15:19:17,129 - src.scrappers.google_scraper - INFO - Buscando: "VIEIRA CONSTRUCOES" Mogi Mirim
2026-01-28 15:19:25,820 - src.scrappers.google_scraper - INFO - Dados extraídos para VIEIRA CONSTRUCOES: {'telefone': '(19) 3862-6855', 'facebook_link': 'https://www.facebook.com/vieiraconstrucoesmogimirim/mentions/', 'site': None}
2026-01-28 15:19:25,938 - src.scrappers.facebook_scraper - INFO - Acessando Facebook: https://www.facebook.com/vieiraconstrucoesmogimirim/mentions/
2026-01-28 15:20:37,570 - src.scrappers.facebook_scraper - INFO - WhatsApp encontrado: (19) 99452-5426
2026-01-28 15:20:37,570 - src.scrappers.facebook_scraper - INFO - Dados do Facebook extraídos: {'email': None, 'celular_whatsapp': '(19) 99452-5426'}
2026-01-28 15:20:37,600 - src.processors.async_processor - INFO - Novo registro criado: VIEIRA CONSTRUCOES
2026-01-28 15:20:42,692 - __main__ - INFO - Iniciando: C.T.P.V.
2026-01-28 15:20:42,694 - src.processors.async_processor - INFO - [31/371] Processando: C.T.P.V.
2026-01-28 15:20:42,776 - src.scrappers.google_scraper - INFO - Buscando: "C.T.P.V." Mogi Mirim
2026-01-28 15:20:50,948 - src.scrappers.google_scraper - INFO - Dados extraídos para C.T.P.V.: {'telefone': '(19) 3022-6150', 'facebook_link': 'https://www.instagram.com/comunidadeterapeuticapazevida/', 'site': None}
2026-01-28 15:20:51,069 - src.scrappers.facebook_scraper - INFO - Acessando Facebook: https://www.instagram.com/comunidadeterapeuticapazevida/
2026-01-28 15:20:57,980 - src.scrappers.facebook_scraper - INFO - Navegou para seção Sobre
2026-01-28 15:21:00,123 - src.scrappers.facebook_scraper - INFO - WhatsApp encontrado: (19) 99452-5426
2026-01-28 15:21:00,123 - src.scrappers.facebook_scraper - INFO - Dados do Facebook extraídos: {'email': None, 'celular_whatsapp': '(19) 99452-5426'}
2026-01-28 15:21:00,139 - src.processors.async_processor - INFO - Novo registro criado: C.T.P.V.
2026-01-28 15:21:06,624 - __main__ - INFO - Iniciando: HELENDIONY DE ASSIS SANTANA
2026-01-28 15:21:06,636 - src.processors.async_processor - INFO - [32/371] Processando: HELENDIONY DE ASSIS SANTANA
2026-01-28 15:21:06,724 - src.scrappers.google_scraper - INFO - Buscando: "HELENDIONY DE ASSIS SANTANA" Mogi Mirim
2026-01-28 15:21:14,739 - src.scrappers.google_scraper - INFO - Dados extraídos para HELENDIONY DE ASSIS SANTANA: {'telefone': '8997-8449', 'facebook_link': None, 'site': None}
2026-01-28 15:21:14,769 - src.processors.async_processor - INFO - Novo registro criado: HELENDIONY DE ASSIS SANTANA
2026-01-28 15:21:19,527 - __main__ - INFO - Iniciando: OTICAS CAROL
2026-01-28 15:21:19,531 - src.processors.async_processor - INFO - [33/371] Processando: OTICAS CAROL
2026-01-28 15:21:19,623 - src.scrappers.google_scraper - INFO - Buscando: "OTICAS CAROL" Mogi Mirim
2026-01-28 15:21:29,307 - src.scrappers.google_scraper - INFO - Dados extraídos para OTICAS CAROL: {'telefone': '(19) 3818-6236', 'facebook_link': 'https://www.instagram.com/oticascarolmogimirim/', 'site': 'https://www.oticascarol.com.br/'}
2026-01-28 15:21:29,444 - src.scrappers.facebook_scraper - INFO - Acessando Facebook: https://www.instagram.com/oticascarolmogimirim/
2026-01-28 15:21:36,238 - src.scrappers.facebook_scraper - INFO - Navegou para seção Sobre
2026-01-28 15:21:38,389 - src.scrappers.facebook_scraper - INFO - WhatsApp encontrado: (19) 99452-5426
2026-01-28 15:21:38,389 - src.scrappers.facebook_scraper - INFO - Dados do Facebook extraídos: {'email': None, 'celular_whatsapp': '(19) 99452-5426'}
2026-01-28 15:21:38,407 - src.processors.async_processor - INFO - Novo registro criado: OTICAS CAROL
2026-01-28 15:21:42,266 - __main__ - INFO - Iniciando: SORVETERIA NOVA ERA
2026-01-28 15:21:42,283 - src.processors.async_processor - INFO - [34/371] Processando: SORVETERIA NOVA ERA
2026-01-28 15:21:42,385 - src.scrappers.google_scraper - INFO - Buscando: "SORVETERIA NOVA ERA" Mogi Mirim
2026-01-28 15:21:50,922 - src.scrappers.google_scraper - INFO - Dados extraídos para SORVETERIA NOVA ERA: {'telefone': '8997-8449', 'facebook_link': None, 'site': None}
2026-01-28 15:21:50,956 - src.processors.async_processor - INFO - Novo registro criado: SORVETERIA NOVA ERA
2026-01-28 15:21:57,668 - __main__ - INFO - Iniciando: SCP PARK LOG INVEST
2026-01-28 15:21:57,672 - src.processors.async_processor - INFO - [35/371] Processando: SCP PARK LOG INVEST
2026-01-28 15:21:57,775 - src.scrappers.google_scraper - INFO - Buscando: "SCP PARK LOG INVEST" Mogi Mirim
2026-01-28 15:22:06,437 - src.scrappers.google_scraper - INFO - Dados extraídos para SCP PARK LOG INVEST: {'telefone': '(19) 83660-2000', 'facebook_link': None, 'site': None}
2026-01-28 15:22:06,467 - src.processors.async_processor - INFO - Novo registro criado: SCP PARK LOG INVEST
2026-01-28 15:22:12,275 - __main__ - INFO - Iniciando: PAMONHAS DA ROCA
2026-01-28 15:22:12,280 - src.processors.async_processor - INFO - [36/371] Processando: PAMONHAS DA ROCA
2026-01-28 15:22:12,384 - src.scrappers.google_scraper - INFO - Buscando: "PAMONHAS DA ROCA" Mogi Mirim
2026-01-28 15:22:21,127 - src.scrappers.google_scraper - INFO - Dados extraídos para PAMONHAS DA ROCA: {'telefone': '8997-8449', 'facebook_link': None, 'site': None}
2026-01-28 15:22:21,158 - src.processors.async_processor - INFO - Novo registro criado: PAMONHAS DA ROCA
2026-01-28 15:22:28,077 - __main__ - INFO - Iniciando: REGINA MANICURE
2026-01-28 15:22:28,083 - src.processors.async_processor - INFO - [37/371] Processando: REGINA MANICURE
2026-01-28 15:22:28,168 - src.scrappers.google_scraper - INFO - Buscando: "REGINA MANICURE" Mogi Mirim
2026-01-28 15:22:35,882 - src.scrappers.google_scraper - INFO - Dados extraídos para REGINA MANICURE: {'telefone': '(19) 98231-6122', 'facebook_link': None, 'site': 'https://wa.me/message/2NMHJVVW5DLFO1'}
2026-01-28 15:22:35,911 - src.processors.async_processor - INFO - Novo registro criado: REGINA MANICURE
2026-01-28 15:22:41,432 - __main__ - INFO - Iniciando: L & L ESTAMPARIA
2026-01-28 15:22:41,437 - src.processors.async_processor - INFO - [38/371] Processando: L & L ESTAMPARIA
2026-01-28 15:22:41,530 - src.scrappers.google_scraper - INFO - Buscando: "L & L ESTAMPARIA" Mogi Mirim
2026-01-28 15:22:50,842 - src.scrappers.google_scraper - INFO - Dados extraídos para L & L ESTAMPARIA: {'telefone': '8997-8449', 'facebook_link': None, 'site': None}
2026-01-28 15:22:50,873 - src.processors.async_processor - INFO - Novo registro criado: L & L ESTAMPARIA
2026-01-28 15:22:55,854 - __main__ - INFO - Iniciando: ***
2026-01-28 15:22:55,856 - src.processors.async_processor - INFO - [39/371] Processando: ***
2026-01-28 15:22:55,986 - src.scrappers.google_scraper - INFO - Buscando: "***" Mogi Mirim
2026-01-28 15:23:04,758 - src.scrappers.google_scraper - INFO - Dados extraídos para ***: {'telefone': '8997-8449', 'facebook_link': 'https://www.instagram.com/prefeiturademogimirim/', 'site': 'http://www.siteantigomogi.sp.gov.br/'}
2026-01-28 15:23:04,877 - src.scrappers.facebook_scraper - INFO - Acessando Facebook: https://www.instagram.com/prefeiturademogimirim/
2026-01-28 15:23:11,904 - src.scrappers.facebook_scraper - INFO - Navegou para seção Sobre
2026-01-28 15:23:14,050 - src.scrappers.facebook_scraper - INFO - WhatsApp encontrado: (19) 99452-5426
2026-01-28 15:23:14,050 - src.scrappers.facebook_scraper - INFO - Dados do Facebook extraídos: {'email': None, 'celular_whatsapp': '(19) 99452-5426'}
2026-01-28 15:23:14,063 - src.processors.async_processor - INFO - Novo registro criado: ***
2026-01-28 15:23:19,165 - __main__ - INFO - Iniciando: BRUNO ALMEIDA
2026-01-28 15:23:19,169 - src.processors.async_processor - INFO - [40/371] Processando: BRUNO ALMEIDA
2026-01-28 15:23:19,281 - src.scrappers.google_scraper - INFO - Buscando: "BRUNO ALMEIDA" Mogi Mirim
2026-01-28 15:23:27,060 - src.scrappers.google_scraper - INFO - Dados extraídos para BRUNO ALMEIDA: {'telefone': '(19) 43000-0143', 'facebook_link': 'https://www.instagram.com/reel/DRlA7pKjSzY/', 'site': None}
2026-01-28 15:23:27,192 - src.scrappers.facebook_scraper - INFO - Acessando Facebook: https://www.instagram.com/reel/DRlA7pKjSzY/
2026-01-28 15:24:38,927 - src.scrappers.facebook_scraper - INFO - WhatsApp encontrado: (19) 99353-1632
2026-01-28 15:24:38,928 - src.scrappers.facebook_scraper - INFO - Dados do Facebook extraídos: {'email': None, 'celular_whatsapp': '(19) 99353-1632'}
2026-01-28 15:24:38,953 - src.processors.async_processor - INFO - Novo registro criado: BRUNO ALMEIDA
2026-01-28 15:24:45,013 - __main__ - INFO - Iniciando: J E J TRANSPORTE E TURISMO
2026-01-28 15:24:45,018 - src.processors.async_processor - INFO - [41/371] Processando: J E J TRANSPORTE E TURISMO
2026-01-28 15:24:45,112 - src.scrappers.google_scraper - INFO - Buscando: "J E J TRANSPORTE E TURISMO" Mogi Mirim
2026-01-28 15:24:52,616 - src.scrappers.google_scraper - INFO - Dados extraídos para J E J TRANSPORTE E TURISMO: {'telefone': '8997-8449', 'facebook_link': None, 'site': None}
2026-01-28 15:24:52,642 - src.processors.async_processor - INFO - Novo registro criado: J E J TRANSPORTE E TURISMO
2026-01-28 15:24:59,493 - __main__ - INFO - Iniciando: RT - ROSANA TRENTIN
2026-01-28 15:24:59,497 - src.processors.async_processor - INFO - [42/371] Processando: RT - ROSANA TRENTIN
2026-01-28 15:24:59,596 - src.scrappers.google_scraper - INFO - Buscando: "RT - ROSANA TRENTIN" Mogi Mirim
2026-01-28 15:25:07,295 - src.scrappers.google_scraper - INFO - Dados extraídos para RT - ROSANA TRENTIN: {'telefone': '8997-8449', 'facebook_link': None, 'site': None}
2026-01-28 15:25:07,319 - src.processors.async_processor - INFO - Novo registro criado: RT - ROSANA TRENTIN
2026-01-28 15:25:12,469 - __main__ - INFO - Iniciando: CEMITERIO COLINA DOS FLAMBOYANTS
2026-01-28 15:25:12,483 - src.processors.async_processor - INFO - [43/371] Processando: CEMITERIO COLINA DOS FLAMBOYANTS
2026-01-28 15:25:12,595 - src.scrappers.google_scraper - INFO - Buscando: "CEMITERIO COLINA DOS FLAMBOYANTS" Mogi Mirim
2026-01-28 15:25:20,906 - src.scrappers.google_scraper - INFO - Dados extraídos para CEMITERIO COLINA DOS FLAMBOYANTS: {'telefone': '(19) 3806-7788', 'facebook_link': 'https://www.facebook.com/colinadosflamboyants/', 'site': 'https://www.flamboyantgrupo.com.br/cemiterio-colina-dos-flamboyants'}
2026-01-28 15:25:21,019 - src.scrappers.facebook_scraper - INFO - Acessando Facebook: https://www.facebook.com/colinadosflamboyants/
2026-01-28 15:26:33,108 - src.scrappers.facebook_scraper - INFO - WhatsApp encontrado: (19) 99452-5426
2026-01-28 15:26:33,108 - src.scrappers.facebook_scraper - INFO - Dados do Facebook extraídos: {'email': None, 'celular_whatsapp': '(19) 99452-5426'}
2026-01-28 15:26:33,144 - src.processors.async_processor - INFO - Novo registro criado: CEMITERIO COLINA DOS FLAMBOYANTS
2026-01-28 15:26:37,618 - __main__ - INFO - Iniciando: SOS SUPLEMENTOS
2026-01-28 15:26:37,622 - src.processors.async_processor - INFO - [44/371] Processando: SOS SUPLEMENTOS
2026-01-28 15:26:37,742 - src.scrappers.google_scraper - INFO - Buscando: "SOS SUPLEMENTOS" Mogi Mirim
2026-01-28 15:26:46,502 - src.scrappers.google_scraper - INFO - Dados extraídos para SOS SUPLEMENTOS: {'telefone': '(19) 3552-3108', 'facebook_link': 'https://www.instagram.com/sossuplementos/', 'site': None}
2026-01-28 15:26:46,610 - src.scrappers.facebook_scraper - INFO - Acessando Facebook: https://www.instagram.com/sossuplementos/
2026-01-28 15:26:53,624 - src.scrappers.facebook_scraper - INFO - Navegou para seção Sobre
2026-01-28 15:26:55,783 - src.scrappers.facebook_scraper - INFO - WhatsApp encontrado: (19) 99452-5426
2026-01-28 15:26:55,784 - src.scrappers.facebook_scraper - INFO - Dados do Facebook extraídos: {'email': None, 'celular_whatsapp': '(19) 99452-5426'}
2026-01-28 15:26:55,798 - src.processors.async_processor - INFO - Novo registro criado: SOS SUPLEMENTOS
2026-01-28 15:27:01,790 - __main__ - INFO - Iniciando: SCP PARKINVEST
2026-01-28 15:27:01,794 - src.processors.async_processor - INFO - [45/371] Processando: SCP PARKINVEST
2026-01-28 15:27:01,903 - src.scrappers.google_scraper - INFO - Buscando: "SCP PARKINVEST" Mogi Mirim
2026-01-28 15:27:12,524 - src.scrappers.google_scraper - INFO - Dados extraídos para SCP PARKINVEST: {'telefone': '(19) 3814-1004', 'facebook_link': None, 'site': None}
2026-01-28 15:27:12,559 - src.processors.async_processor - INFO - Novo registro criado: SCP PARKINVEST
2026-01-28 15:27:16,150 - __main__ - INFO - Iniciando: REFE SERVICOS DE MOTO
2026-01-28 15:27:16,154 - src.processors.async_processor - INFO - [46/371] Processando: REFE SERVICOS DE MOTO
2026-01-28 15:27:16,269 - src.scrappers.google_scraper - INFO - Buscando: "REFE SERVICOS DE MOTO" Mogi Mirim
2026-01-28 15:27:24,790 - src.scrappers.google_scraper - INFO - Dados extraídos para REFE SERVICOS DE MOTO: {'telefone': '8997-8449', 'facebook_link': None, 'site': None}
2026-01-28 15:27:24,820 - src.processors.async_processor - INFO - Novo registro criado: REFE SERVICOS DE MOTO
2026-01-28 15:27:30,170 - __main__ - INFO - Iniciando: ROSELI MARIA SILVA
2026-01-28 15:27:30,175 - src.processors.async_processor - INFO - [47/371] Processando: ROSELI MARIA SILVA
2026-01-28 15:27:30,258 - src.scrappers.google_scraper - INFO - Buscando: "ROSELI MARIA SILVA" Mogi Mirim
2026-01-28 15:27:39,268 - src.scrappers.google_scraper - INFO - Dados extraídos para ROSELI MARIA SILVA: {'telefone': '8997-8449', 'facebook_link': 'https://www.instagram.com/psicologia.roseli/', 'site': 'http://roselimariasilva.com.br/home'}
2026-01-28 15:27:39,376 - src.scrappers.facebook_scraper - INFO - Acessando Facebook: https://www.instagram.com/psicologia.roseli/
2026-01-28 15:27:46,344 - src.scrappers.facebook_scraper - INFO - Navegou para seção Sobre
2026-01-28 15:27:48,484 - src.scrappers.facebook_scraper - INFO - WhatsApp encontrado: (19) 99452-5426
2026-01-28 15:27:48,484 - src.scrappers.facebook_scraper - INFO - Dados do Facebook extraídos: {'email': None, 'celular_whatsapp': '(19) 99452-5426'}
2026-01-28 15:27:48,500 - src.processors.async_processor - INFO - Novo registro criado: ROSELI MARIA SILVA
2026-01-28 15:27:55,004 - __main__ - INFO - Iniciando: MINEIRO PRESTADORA DE SERVICOS GERAIS
2026-01-28 15:27:55,006 - src.processors.async_processor - INFO - [48/371] Processando: MINEIRO PRESTADORA DE SERVICOS GERAIS
2026-01-28 15:27:55,096 - src.scrappers.google_scraper - INFO - Buscando: "MINEIRO PRESTADORA DE SERVICOS GERAIS" Mogi Mirim
2026-01-28 15:28:02,983 - src.scrappers.google_scraper - INFO - Dados extraídos para MINEIRO PRESTADORA DE SERVICOS GERAIS: {'telefone': '(19) 3804-4585', 'facebook_link': None, 'site': None}
2026-01-28 15:28:03,010 - src.processors.async_processor - INFO - Novo registro criado: MINEIRO PRESTADORA DE SERVICOS GERAIS
2026-01-28 15:28:08,312 - __main__ - INFO - Iniciando: DOVIGO & TOMAZ MONTAGEM E MANUTENCAO
2026-01-28 15:28:08,323 - src.processors.async_processor - INFO - [49/371] Processando: DOVIGO & TOMAZ MONTAGEM E MANUTENCAO
2026-01-28 15:28:08,410 - src.scrappers.google_scraper - INFO - Buscando: "DOVIGO & TOMAZ MONTAGEM E MANUTENCAO" Mogi Mirim
2026-01-28 15:28:17,573 - src.scrappers.google_scraper - INFO - Dados extraídos para DOVIGO & TOMAZ MONTAGEM E MANUTENCAO: {'telefone': '(19) 3827-1547', 'facebook_link': 'https://www.instagram.com/dovigoempreendimentos/', 'site': 'http://tratoresdovigo.com.br/'}
2026-01-28 15:28:17,687 - src.scrappers.facebook_scraper - INFO - Acessando Facebook: https://www.instagram.com/dovigoempreendimentos/
2026-01-28 15:28:24,981 - src.scrappers.facebook_scraper - INFO - Navegou para seção Sobre
2026-01-28 15:28:27,152 - src.scrappers.facebook_scraper - INFO - WhatsApp encontrado: (19) 99452-5426
2026-01-28 15:28:27,153 - src.scrappers.facebook_scraper - INFO - Dados do Facebook extraídos: {'email': None, 'celular_whatsapp': '(19) 99452-5426'}
2026-01-28 15:28:27,173 - src.processors.async_processor - INFO - Novo registro criado: DOVIGO & TOMAZ MONTAGEM E MANUTENCAO
2026-01-28 15:28:32,952 - __main__ - INFO - Iniciando: BAR SEIS CORACOES
2026-01-28 15:28:32,964 - src.processors.async_processor - INFO - [50/371] Processando: BAR SEIS CORACOES
2026-01-28 15:28:33,041 - src.scrappers.google_scraper - INFO - Buscando: "BAR SEIS CORACOES" Mogi Mirim
2026-01-28 15:28:40,991 - src.scrappers.google_scraper - INFO - Dados extraídos para BAR SEIS CORACOES: {'telefone': '8997-8449', 'facebook_link': None, 'site': None}
2026-01-28 15:28:41,034 - src.processors.async_processor - INFO - Novo registro criado: BAR SEIS CORACOES
2026-01-28 15:28:47,052 - __main__ - INFO - Iniciando: COMUNIDADE 9 PEONIA
2026-01-28 15:28:47,060 - src.processors.async_processor - INFO - [51/371] Processando: COMUNIDADE 9 PEONIA
2026-01-28 15:28:47,248 - src.scrappers.google_scraper - INFO - Buscando: "COMUNIDADE 9 PEONIA" Mogi Mirim
2026-01-28 15:28:59,367 - src.scrappers.google_scraper - INFO - Dados extraídos para COMUNIDADE 9 PEONIA: {'telefone': '8997-8449', 'facebook_link': None, 'site': None}
2026-01-28 15:28:59,395 - src.processors.async_processor - INFO - Novo registro criado: COMUNIDADE 9 PEONIA
2026-01-28 15:29:05,982 - __main__ - INFO - Iniciando: GRAPE STORE MODA FEMININA
2026-01-28 15:29:05,990 - src.processors.async_processor - INFO - [52/371] Processando: GRAPE STORE MODA FEMININA
2026-01-28 15:29:06,215 - src.scrappers.google_scraper - INFO - Buscando: "GRAPE STORE MODA FEMININA" Mogi Mirim
2026-01-28 15:29:14,917 - src.scrappers.google_scraper - INFO - Dados extraídos para GRAPE STORE MODA FEMININA: {'telefone': '(19) 3862-3436', 'facebook_link': None, 'site': None}
2026-01-28 15:29:14,947 - src.processors.async_processor - INFO - Novo registro criado: GRAPE STORE MODA FEMININA
2026-01-28 15:29:21,779 - __main__ - INFO - Iniciando: NUCOPO
2026-01-28 15:29:21,786 - src.processors.async_processor - INFO - [53/371] Processando: NUCOPO
2026-01-28 15:29:21,884 - src.scrappers.google_scraper - INFO - Buscando: "NUCOPO" Mogi Mirim
2026-01-28 15:29:30,093 - src.scrappers.google_scraper - INFO - Dados extraídos para NUCOPO: {'telefone': '8997-8449', 'facebook_link': None, 'site': None}
2026-01-28 15:29:30,124 - src.processors.async_processor - INFO - Novo registro criado: NUCOPO
2026-01-28 15:29:34,967 - __main__ - INFO - Iniciando: BF TRANSPORTES
2026-01-28 15:29:34,970 - src.processors.async_processor - INFO - [54/371] Processando: BF TRANSPORTES
2026-01-28 15:29:35,078 - src.scrappers.google_scraper - INFO - Buscando: "BF TRANSPORTES" Mogi Mirim
2026-01-28 15:29:43,481 - src.scrappers.google_scraper - INFO - Dados extraídos para BF TRANSPORTES: {'telefone': '8997-8449', 'facebook_link': None, 'site': 'https://www.gov.br/pgfn/pt-br/servicos/editais-de-notificacao/editais-2024/EDITAL%20DEABERTURADEPROCEDIMENTOADMINISTRATIVODERECONHECIMENTODERESPONSABILIDADEN800_.pdf'}
2026-01-28 15:29:43,517 - src.processors.async_processor - INFO - Novo registro criado: BF TRANSPORTES
2026-01-28 15:29:49,487 - __main__ - INFO - Iniciando: ELAINE CONFECCOES
2026-01-28 15:29:49,489 - src.processors.async_processor - INFO - [55/371] Processando: ELAINE CONFECCOES
2026-01-28 15:29:49,566 - src.scrappers.google_scraper - INFO - Buscando: "ELAINE CONFECCOES" Mogi Mirim
2026-01-28 15:29:57,365 - src.scrappers.google_scraper - INFO - Dados extraídos para ELAINE CONFECCOES: {'telefone': '8997-8449', 'facebook_link': None, 'site': None}
2026-01-28 15:29:57,397 - src.processors.async_processor - INFO - Novo registro criado: ELAINE CONFECCOES
2026-01-28 15:30:00,796 - __main__ - INFO - Iniciando: A T SERRALHERIA
2026-01-28 15:30:00,803 - src.processors.async_processor - INFO - [56/371] Processando: A T SERRALHERIA
2026-01-28 15:30:00,887 - src.scrappers.google_scraper - INFO - Buscando: "A T SERRALHERIA" Mogi Mirim
2026-01-28 15:30:14,711 - src.scrappers.google_scraper - INFO - Dados extraídos para A T SERRALHERIA: {'telefone': '(19) 99432-7944', 'facebook_link': 'https://www.facebook.com/profile.php', 'site': None}
2026-01-28 15:30:14,867 - src.scrappers.facebook_scraper - INFO - Acessando Facebook: https://www.facebook.com/profile.php
2026-01-28 15:30:22,357 - src.scrappers.facebook_scraper - INFO - Navegou para seção Sobre
2026-01-28 15:30:24,424 - src.scrappers.facebook_scraper - INFO - Dados do Facebook extraídos: {'email': None, 'celular_whatsapp': None}
2026-01-28 15:30:24,446 - src.processors.async_processor - INFO - Novo registro criado: A T SERRALHERIA
2026-01-28 15:30:29,607 - __main__ - INFO - Iniciando: NELUX
2026-01-28 15:30:29,616 - src.processors.async_processor - INFO - [57/371] Processando: NELUX
2026-01-28 15:30:29,745 - src.scrappers.google_scraper - INFO - Buscando: "NELUX" Mogi Mirim
2026-01-28 15:30:40,559 - src.scrappers.google_scraper - INFO - Dados extraídos para NELUX: {'telefone': '(19) 3862-4023', 'facebook_link': None, 'site': None}
2026-01-28 15:30:40,598 - src.processors.async_processor - INFO - Novo registro criado: NELUX
2026-01-28 15:30:47,561 - __main__ - INFO - Iniciando: YMKD
2026-01-28 15:30:47,568 - src.processors.async_processor - INFO - [58/371] Processando: YMKD
2026-01-28 15:30:47,658 - src.scrappers.google_scraper - INFO - Buscando: "YMKD" Mogi Mirim
2026-01-28 15:30:56,336 - src.scrappers.google_scraper - INFO - Dados extraídos para YMKD: {'telefone': '8997-8449', 'facebook_link': None, 'site': None}
2026-01-28 15:30:56,367 - src.processors.async_processor - INFO - Novo registro criado: YMKD
2026-01-28 15:30:59,779 - __main__ - INFO - Iniciando: MCR CHURRASQUINHO
2026-01-28 15:30:59,786 - src.processors.async_processor - INFO - [59/371] Processando: MCR CHURRASQUINHO
2026-01-28 15:30:59,875 - src.scrappers.google_scraper - INFO - Buscando: "MCR CHURRASQUINHO" Mogi Mirim
2026-01-28 15:31:08,097 - src.scrappers.google_scraper - INFO - Dados extraídos para MCR CHURRASQUINHO: {'telefone': '8997-8449', 'facebook_link': None, 'site': None}
2026-01-28 15:31:08,129 - src.processors.async_processor - INFO - Novo registro criado: MCR CHURRASQUINHO
2026-01-28 15:31:13,101 - __main__ - INFO - Iniciando: DROGAL MOGI MIRIM
2026-01-28 15:31:13,104 - src.processors.async_processor - INFO - [60/371] Processando: DROGAL MOGI MIRIM
2026-01-28 15:31:13,204 - src.scrappers.google_scraper - INFO - Buscando: "DROGAL MOGI MIRIM" Mogi Mirim
2026-01-28 15:31:21,769 - src.scrappers.google_scraper - INFO - Dados extraídos para DROGAL MOGI MIRIM: {'telefone': '(19) 3804-2858', 'facebook_link': 'https://www.facebook.com/PortaldaCidadeMogiMirim/videos/a-drogal-%C3%A9-a-maior-farm%C3%A1cia-do-interior-de-s%C3%A3o-paulo-e-l%C3%A1-voc%C3%AA-sempre-encontra-t/1275161003170074/', 'site': 'https://www.drogal.com.br/'}
2026-01-28 15:31:21,891 - src.scrappers.facebook_scraper - INFO - Acessando Facebook: https://www.facebook.com/PortaldaCidadeMogiMirim/videos/a-drogal-%C3%A9-a-maior-farm%C3%A1cia-do-interior-de-s%C3%A3o-paulo-e-l%C3%A1-voc%C3%AA-sempre-encontra-t/1275161003170074/
2026-01-28 15:33:06,202 - src.scrappers.facebook_scraper - INFO - WhatsApp encontrado: (19) 93512-8296
2026-01-28 15:33:06,202 - src.scrappers.facebook_scraper - INFO - Dados do Facebook extraídos: {'email': None, 'celular_whatsapp': '(19) 93512-8296'}
2026-01-28 15:33:06,239 - src.processors.async_processor - INFO - Novo registro criado: DROGAL MOGI MIRIM
2026-01-28 15:33:13,091 - __main__ - INFO - Iniciando: ESTETICA FACIAL
2026-01-28 15:33:13,100 - src.processors.async_processor - INFO - [61/371] Processando: ESTETICA FACIAL
2026-01-28 15:33:13,203 - src.scrappers.google_scraper - INFO - Buscando: "ESTETICA FACIAL" Mogi Mirim
2026-01-28 15:33:22,518 - src.scrappers.google_scraper - INFO - Dados extraídos para ESTETICA FACIAL: {'telefone': '(19) 99315-8828', 'facebook_link': 'https://www.instagram.com/dra.renatapinto/', 'site': 'https://jbesteticaavancada.com.br/'}
2026-01-28 15:33:22,662 - src.scrappers.facebook_scraper - INFO - Acessando Facebook: https://www.instagram.com/dra.renatapinto/
2026-01-28 15:33:29,546 - src.scrappers.facebook_scraper - INFO - Navegou para seção Sobre
2026-01-28 15:33:31,716 - src.scrappers.facebook_scraper - INFO - WhatsApp encontrado: (19) 99452-5426
2026-01-28 15:33:31,717 - src.scrappers.facebook_scraper - INFO - Dados do Facebook extraídos: {'email': None, 'celular_whatsapp': '(19) 99452-5426'}
2026-01-28 15:33:31,732 - src.processors.async_processor - INFO - Novo registro criado: ESTETICA FACIAL
2026-01-28 15:33:36,732 - __main__ - INFO - Iniciando: LARANJA CAFE
2026-01-28 15:33:36,751 - src.processors.async_processor - INFO - [62/371] Processando: LARANJA CAFE
2026-01-28 15:33:36,982 - src.scrappers.google_scraper - INFO - Buscando: "LARANJA CAFE" Mogi Mirim
2026-01-28 15:33:45,505 - src.scrappers.google_scraper - INFO - Dados extraídos para LARANJA CAFE: {'telefone': '(19) 76821-6634', 'facebook_link': 'https://www.instagram.com/reel/DGg7D0ksYTb/', 'site': None}
2026-01-28 15:33:45,612 - src.scrappers.facebook_scraper - INFO - Acessando Facebook: https://www.instagram.com/reel/DGg7D0ksYTb/
2026-01-28 15:34:56,881 - src.scrappers.facebook_scraper - INFO - WhatsApp encontrado: (19) 96043-2884
2026-01-28 15:34:56,881 - src.scrappers.facebook_scraper - INFO - Dados do Facebook extraídos: {'email': None, 'celular_whatsapp': '(19) 96043-2884'}
2026-01-28 15:34:56,914 - src.processors.async_processor - INFO - Novo registro criado: LARANJA CAFE
2026-01-28 15:35:00,139 - __main__ - INFO - Iniciando: AGRO TERRA
2026-01-28 15:35:00,145 - src.processors.async_processor - INFO - [63/371] Processando: AGRO TERRA
2026-01-28 15:35:00,399 - src.scrappers.google_scraper - INFO - Buscando: "AGRO TERRA" Mogi Mirim
2026-01-28 15:35:10,560 - src.scrappers.google_scraper - INFO - Dados extraídos para AGRO TERRA: {'telefone': '(19) 3862-8268', 'facebook_link': None, 'site': None}
2026-01-28 15:35:10,597 - src.processors.async_processor - INFO - Novo registro criado: AGRO TERRA
2026-01-28 15:35:15,107 - __main__ - INFO - Iniciando: GRS CLIMATIZACAO
2026-01-28 15:35:15,114 - src.processors.async_processor - INFO - [64/371] Processando: GRS CLIMATIZACAO
2026-01-28 15:35:15,207 - src.scrappers.google_scraper - INFO - Buscando: "GRS CLIMATIZACAO" Mogi Mirim
2026-01-28 15:35:26,483 - src.scrappers.google_scraper - INFO - Dados extraídos para GRS CLIMATIZACAO: {'telefone': '(19) 99985-9232', 'facebook_link': None, 'site': None}
2026-01-28 15:35:26,514 - src.processors.async_processor - INFO - Novo registro criado: GRS CLIMATIZACAO
2026-01-28 15:35:30,232 - __main__ - INFO - Iniciando: LANCHONETE GRASSI
2026-01-28 15:35:30,238 - src.processors.async_processor - INFO - [65/371] Processando: LANCHONETE GRASSI
2026-01-28 15:35:30,321 - src.scrappers.google_scraper - INFO - Buscando: "LANCHONETE GRASSI" Mogi Mirim
2026-01-28 15:35:40,811 - src.scrappers.google_scraper - INFO - Dados extraídos para LANCHONETE GRASSI: {'telefone': '(19) 99814-1516', 'facebook_link': 'https://instagram.com/grassibeer', 'site': None}
2026-01-28 15:35:40,934 - src.scrappers.facebook_scraper - INFO - Acessando Facebook: https://instagram.com/grassibeer
2026-01-28 15:35:48,756 - src.scrappers.facebook_scraper - INFO - Navegou para seção Sobre
2026-01-28 15:35:50,873 - src.scrappers.facebook_scraper - INFO - WhatsApp encontrado: (19) 99452-5426
2026-01-28 15:35:50,874 - src.scrappers.facebook_scraper - INFO - Dados do Facebook extraídos: {'email': None, 'celular_whatsapp': '(19) 99452-5426'}
2026-01-28 15:35:50,892 - src.processors.async_processor - INFO - Novo registro criado: LANCHONETE GRASSI
2026-01-28 15:35:55,833 - __main__ - INFO - Iniciando: SERENA VEST
2026-01-28 15:35:55,835 - src.processors.async_processor - INFO - [66/371] Processando: SERENA VEST
2026-01-28 15:35:55,909 - src.scrappers.google_scraper - INFO - Buscando: "SERENA VEST" Mogi Mirim
2026-01-28 15:36:03,680 - src.scrappers.google_scraper - INFO - Dados extraídos para SERENA VEST: {'telefone': '8997-8449', 'facebook_link': None, 'site': None}
2026-01-28 15:36:03,717 - src.processors.async_processor - INFO - Novo registro criado: SERENA VEST
2026-01-28 15:36:09,764 - __main__ - INFO - Iniciando: FATIMA
2026-01-28 15:36:09,770 - src.processors.async_processor - INFO - [67/371] Processando: FATIMA
2026-01-28 15:36:09,843 - src.scrappers.google_scraper - INFO - Buscando: "FATIMA" Mogi Mirim
2026-01-28 15:36:18,614 - src.scrappers.google_scraper - INFO - Dados extraídos para FATIMA: {'telefone': '(19) 97121-8770', 'facebook_link': 'https://www.facebook.com/paulofrangepress/videos/viva-nossa-senhora-de-f%C3%A1tima-%EF%B8%8F-hoje-13-de-maio-os-cat%C3%B3licos-celebram-o-dia-de-no/1156260838720156/', 'site': 'http://franciscanostor.org.br/site/fraternidade-nossa-senhora-de-fatima/'}
2026-01-28 15:36:18,744 - src.scrappers.facebook_scraper - INFO - Acessando Facebook: https://www.facebook.com/paulofrangepress/videos/viva-nossa-senhora-de-f%C3%A1tima-%EF%B8%8F-hoje-13-de-maio-os-cat%C3%B3licos-celebram-o-dia-de-no/1156260838720156/
2026-01-28 15:36:27,957 - src.scrappers.facebook_scraper - INFO - WhatsApp encontrado: (19) 96306-3409
2026-01-28 15:36:27,957 - src.scrappers.facebook_scraper - INFO - Dados do Facebook extraídos: {'email': None, 'celular_whatsapp': '(19) 96306-3409'}
2026-01-28 15:36:27,993 - src.processors.async_processor - INFO - Novo registro criado: FATIMA
2026-01-28 15:36:35,014 - __main__ - INFO - Iniciando: ***
2026-01-28 15:36:35,019 - src.processors.async_processor - INFO - [68/371] Processando: ***
2026-01-28 15:36:35,129 - src.scrappers.google_scraper - INFO - Buscando: "***" Mogi Mirim
2026-01-28 15:36:43,605 - src.scrappers.google_scraper - INFO - Dados extraídos para ***: {'telefone': '8997-8449', 'facebook_link': 'https://www.instagram.com/prefeiturademogimirim/', 'site': 'http://www.siteantigomogi.sp.gov.br/'}
2026-01-28 15:36:43,731 - src.scrappers.facebook_scraper - INFO - Acessando Facebook: https://www.instagram.com/prefeiturademogimirim/
2026-01-28 15:36:50,599 - src.scrappers.facebook_scraper - INFO - Navegou para seção Sobre
2026-01-28 15:36:52,717 - src.scrappers.facebook_scraper - INFO - WhatsApp encontrado: (19) 99452-5426
2026-01-28 15:36:52,717 - src.scrappers.facebook_scraper - INFO - Dados do Facebook extraídos: {'email': None, 'celular_whatsapp': '(19) 99452-5426'}
2026-01-28 15:36:52,736 - src.processors.async_processor - INFO - Registro atualizado: ***
2026-01-28 15:36:57,717 - __main__ - INFO - Iniciando: JURUA HOLDING
2026-01-28 15:36:57,722 - src.processors.async_processor - INFO - [69/371] Processando: JURUA HOLDING
2026-01-28 15:36:57,839 - src.scrappers.google_scraper - INFO - Buscando: "JURUA HOLDING" Mogi Mirim
2026-01-28 15:37:06,184 - src.scrappers.google_scraper - INFO - Dados extraídos para JURUA HOLDING: {'telefone': '(19) 3861-1445', 'facebook_link': None, 'site': None}
2026-01-28 15:37:06,217 - src.processors.async_processor - INFO - Novo registro criado: JURUA HOLDING
2026-01-28 15:37:12,219 - __main__ - INFO - Iniciando: CPTEDESCHI ASSESSORIA E MANUTENCAO
2026-01-28 15:37:12,246 - src.processors.async_processor - INFO - [70/371] Processando: CPTEDESCHI ASSESSORIA E MANUTENCAO
2026-01-28 15:37:12,323 - src.scrappers.google_scraper - INFO - Buscando: "CPTEDESCHI ASSESSORIA E MANUTENCAO" Mogi Mirim
2026-01-28 15:37:20,066 - src.scrappers.google_scraper - INFO - Dados extraídos para CPTEDESCHI ASSESSORIA E MANUTENCAO: {'telefone': '8997-8449', 'facebook_link': None, 'site': None}
2026-01-28 15:37:20,096 - src.processors.async_processor - INFO - Novo registro criado: CPTEDESCHI ASSESSORIA E MANUTENCAO
2026-01-28 15:37:26,819 - __main__ - INFO - Iniciando: MH MANUTENCOES
2026-01-28 15:37:26,820 - src.processors.async_processor - INFO - [71/371] Processando: MH MANUTENCOES
2026-01-28 15:37:26,892 - src.scrappers.google_scraper - INFO - Buscando: "MH MANUTENCOES" Mogi Mirim
2026-01-28 15:37:35,027 - src.scrappers.google_scraper - INFO - Dados extraídos para MH MANUTENCOES: {'telefone': '(19) 7900-0189', 'facebook_link': None, 'site': 'https://www.gov.br/pgfn/pt-br/servicos/editais-de-notificacao/editais-2025/EDITALDEABERTURADEPROCEDIMENTOADMINISTRATIVODERECONHECIMENTODERESPONSABILIDADEN208407.01.2024.pdf'}
2026-01-28 15:37:35,062 - src.processors.async_processor - INFO - Novo registro criado: MH MANUTENCOES
2026-01-28 15:37:38,790 - __main__ - INFO - Iniciando: VIVA TURSIMO
2026-01-28 15:37:38,792 - src.processors.async_processor - INFO - [72/371] Processando: VIVA TURSIMO
2026-01-28 15:37:38,868 - src.scrappers.google_scraper - INFO - Buscando: "VIVA TURSIMO" Mogi Mirim
2026-01-28 15:37:48,729 - src.scrappers.google_scraper - INFO - Dados extraídos para VIVA TURSIMO: {'telefone': '(19) 3806-3414', 'facebook_link': 'https://www.facebook.com/agenciavivaturismomogimirim/', 'site': 'https://grupofasitec.com.br/mogi-mirim-comemora-256-anos-uma-cidade-historica-e-inovadora-celebra-seu-aniversario-com-o-sicon-impulsionando-o-futuro/#:~:text=Hoje%2C%2022%20de%20outubro%2C%20Mogi%20Mirim%2C%20no,paulista%2C%20celebra%20seus%20256%20anos%20de%20funda%C3%A7%C3%A3o!'}
2026-01-28 15:37:49,003 - src.scrappers.facebook_scraper - INFO - Acessando Facebook: https://www.facebook.com/agenciavivaturismomogimirim/
2026-01-28 15:39:01,254 - src.scrappers.facebook_scraper - INFO - Email encontrado: veronicavivaturismo@hotmail.com
2026-01-28 15:39:01,256 - src.scrappers.facebook_scraper - INFO - WhatsApp encontrado: (19) 99452-5426
2026-01-28 15:39:01,256 - src.scrappers.facebook_scraper - INFO - Dados do Facebook extraídos: {'email': 'veronicavivaturismo@hotmail.com', 'celular_whatsapp': '(19) 99452-5426'}
2026-01-28 15:39:01,297 - src.processors.async_processor - INFO - Novo registro criado: VIVA TURSIMO
2026-01-28 15:39:07,826 - __main__ - INFO - Iniciando: ECOPRINT
2026-01-28 15:39:07,831 - src.processors.async_processor - INFO - [73/371] Processando: ECOPRINT
2026-01-28 15:39:07,950 - src.scrappers.google_scraper - INFO - Buscando: "ECOPRINT" Mogi Mirim
2026-01-28 15:39:17,025 - src.scrappers.google_scraper - INFO - Dados extraídos para ECOPRINT: {'telefone': '(19) 3806-6847', 'facebook_link': None, 'site': None}
2026-01-28 15:39:17,067 - src.processors.async_processor - INFO - Novo registro criado: ECOPRINT
2026-01-28 15:39:23,438 - __main__ - INFO - Iniciando: ADALBERTO PEDROSO GASTRONOMIA
2026-01-28 15:39:23,442 - src.processors.async_processor - INFO - [74/371] Processando: ADALBERTO PEDROSO GASTRONOMIA
2026-01-28 15:39:23,524 - src.scrappers.google_scraper - INFO - Buscando: "ADALBERTO PEDROSO GASTRONOMIA" Mogi Mirim
2026-01-28 15:39:31,101 - src.scrappers.google_scraper - INFO - Dados extraídos para ADALBERTO PEDROSO GASTRONOMIA: {'telefone': '(19) 6215-0370', 'facebook_link': 'https://www.facebook.com/adalberto.pedroso.9/', 'site': None}
2026-01-28 15:39:31,234 - src.scrappers.facebook_scraper - INFO - Acessando Facebook: https://www.facebook.com/adalberto.pedroso.9/
2026-01-28 15:39:38,335 - src.scrappers.facebook_scraper - INFO - WhatsApp encontrado: (19) 99452-5426
2026-01-28 15:39:38,335 - src.scrappers.facebook_scraper - INFO - Dados do Facebook extraídos: {'email': None, 'celular_whatsapp': '(19) 99452-5426'}
2026-01-28 15:39:38,374 - src.processors.async_processor - INFO - Novo registro criado: ADALBERTO PEDROSO GASTRONOMIA
2026-01-28 15:39:44,357 - __main__ - INFO - Iniciando: M&G DISK BEER
2026-01-28 15:39:44,364 - src.processors.async_processor - INFO - [75/371] Processando: M&G DISK BEER
2026-01-28 15:39:44,432 - src.scrappers.google_scraper - INFO - Buscando: "M&G DISK BEER" Mogi Mirim
2026-01-28 15:39:53,662 - src.scrappers.google_scraper - INFO - Dados extraídos para M&G DISK BEER: {'telefone': '(19) 8317-8482', 'facebook_link': 'https://www.facebook.com/carolnejmcaligrafiaconsciente/videos/uma-simples-letra-m-pode-ser-reveladora-na-grafologia-ci%C3%AAncia-que-estuda-a-perso/4309422059088238/', 'site': None}
2026-01-28 15:39:53,819 - src.scrappers.facebook_scraper - INFO - Acessando Facebook: https://www.facebook.com/carolnejmcaligrafiaconsciente/videos/uma-simples-letra-m-pode-ser-reveladora-na-grafologia-ci%C3%AAncia-que-estuda-a-perso/4309422059088238/
2026-01-28 15:40:02,392 - src.scrappers.facebook_scraper - INFO - WhatsApp encontrado: (19) 90908-1834
2026-01-28 15:40:02,392 - src.scrappers.facebook_scraper - INFO - Dados do Facebook extraídos: {'email': None, 'celular_whatsapp': '(19) 90908-1834'}
2026-01-28 15:40:02,431 - src.processors.async_processor - INFO - Novo registro criado: M&G DISK BEER
2026-01-28 15:40:06,144 - __main__ - INFO - Iniciando: RS TRAD
2026-01-28 15:40:06,145 - src.processors.async_processor - INFO - [76/371] Processando: RS TRAD
2026-01-28 15:40:06,240 - src.scrappers.google_scraper - INFO - Buscando: "RS TRAD" Mogi Mirim
2026-01-28 15:40:13,681 - src.scrappers.google_scraper - INFO - Dados extraídos para RS TRAD: {'telefone': '8997-8449', 'facebook_link': None, 'site': None}
2026-01-28 15:40:13,711 - src.processors.async_processor - INFO - Novo registro criado: RS TRAD
2026-01-28 15:40:18,951 - __main__ - INFO - Iniciando: PARADA BEER
2026-01-28 15:40:18,957 - src.processors.async_processor - INFO - [77/371] Processando: PARADA BEER
2026-01-28 15:40:19,047 - src.scrappers.google_scraper - INFO - Buscando: "PARADA BEER" Mogi Mirim
2026-01-28 15:40:28,163 - src.scrappers.google_scraper - INFO - Dados extraídos para PARADA BEER: {'telefone': '(19) 98251-6457', 'facebook_link': 'https://www.facebook.com/Paladarmogimirim/', 'site': None}
2026-01-28 15:40:28,306 - src.scrappers.facebook_scraper - INFO - Acessando Facebook: https://www.facebook.com/Paladarmogimirim/
2026-01-28 15:41:40,312 - src.scrappers.facebook_scraper - INFO - WhatsApp encontrado: (19) 99452-5426
2026-01-28 15:41:40,312 - src.scrappers.facebook_scraper - INFO - Dados do Facebook extraídos: {'email': None, 'celular_whatsapp': '(19) 99452-5426'}
2026-01-28 15:41:40,350 - src.processors.async_processor - INFO - Novo registro criado: PARADA BEER
2026-01-28 15:41:46,664 - __main__ - INFO - Iniciando: JP BEER
2026-01-28 15:41:46,666 - src.processors.async_processor - INFO - [78/371] Processando: JP BEER
2026-01-28 15:41:46,763 - src.scrappers.google_scraper - INFO - Buscando: "JP BEER" Mogi Mirim
2026-01-28 15:41:55,826 - src.scrappers.google_scraper - INFO - Dados extraídos para JP BEER: {'telefone': '(19) 0110-1540', 'facebook_link': None, 'site': None}
2026-01-28 15:41:55,872 - src.processors.async_processor - INFO - Novo registro criado: JP BEER
2026-01-28 15:42:01,467 - __main__ - INFO - Iniciando: PADARIA E CAFETERIA MIRANTE
2026-01-28 15:42:01,474 - src.processors.async_processor - INFO - [79/371] Processando: PADARIA E CAFETERIA MIRANTE
2026-01-28 15:42:01,544 - src.scrappers.google_scraper - INFO - Buscando: "PADARIA E CAFETERIA MIRANTE" Mogi Mirim
2026-01-28 15:42:09,711 - src.scrappers.google_scraper - INFO - Dados extraídos para PADARIA E CAFETERIA MIRANTE: {'telefone': '(19) 8897-9398', 'facebook_link': 'https://www.facebook.com/solidarioandre/videos/a-vida-%C3%A9-melhor-com-hamburguer-19-992472806-/1388140386076488/', 'site': None}
2026-01-28 15:42:09,826 - src.scrappers.facebook_scraper - INFO - Acessando Facebook: https://www.facebook.com/solidarioandre/videos/a-vida-%C3%A9-melhor-com-hamburguer-19-992472806-/1388140386076488/
2026-01-28 15:42:18,287 - src.scrappers.facebook_scraper - INFO - WhatsApp encontrado: (19) 99247-2806
2026-01-28 15:42:18,287 - src.scrappers.facebook_scraper - INFO - Dados do Facebook extraídos: {'email': None, 'celular_whatsapp': '(19) 99247-2806'}
2026-01-28 15:42:18,341 - src.processors.async_processor - INFO - Novo registro criado: PADARIA E CAFETERIA MIRANTE
2026-01-28 15:42:23,235 - __main__ - INFO - Iniciando: IRENE LATIICINIOS
2026-01-28 15:42:23,265 - src.processors.async_processor - INFO - [80/371] Processando: IRENE LATIICINIOS
2026-01-28 15:42:23,376 - src.scrappers.google_scraper - INFO - Buscando: "IRENE LATIICINIOS" Mogi Mirim
2026-01-28 15:42:37,496 - src.scrappers.google_scraper - INFO - Dados extraídos para IRENE LATIICINIOS: {'telefone': '8997-8449', 'facebook_link': None, 'site': None}
2026-01-28 15:42:37,539 - src.processors.async_processor - INFO - Novo registro criado: IRENE LATIICINIOS
2026-01-28 15:42:42,581 - __main__ - INFO - Iniciando: FLOR DE LIS MODAS
2026-01-28 15:42:42,583 - src.processors.async_processor - INFO - [81/371] Processando: FLOR DE LIS MODAS
2026-01-28 15:42:42,675 - src.scrappers.google_scraper - INFO - Buscando: "FLOR DE LIS MODAS" Mogi Mirim
2026-01-28 15:42:51,330 - src.scrappers.google_scraper - INFO - Dados extraídos para FLOR DE LIS MODAS: {'telefone': '(19) 98146-5333', 'facebook_link': 'https://www.facebook.com/flordelismodasflor/', 'site': 'https://linkbio.co/5081000koHkgc'}
2026-01-28 15:42:51,444 - src.scrappers.facebook_scraper - INFO - Acessando Facebook: https://www.facebook.com/flordelismodasflor/
2026-01-28 15:44:02,895 - src.scrappers.facebook_scraper - INFO - Email encontrado: flordelis.modas@hotmail.com
2026-01-28 15:44:02,897 - src.scrappers.facebook_scraper - INFO - WhatsApp encontrado: (19) 98146-5333
2026-01-28 15:44:02,897 - src.scrappers.facebook_scraper - INFO - Dados do Facebook extraídos: {'email': 'flordelis.modas@hotmail.com', 'celular_whatsapp': '(19) 98146-5333'}
2026-01-28 15:44:02,962 - src.processors.async_processor - INFO - Novo registro criado: FLOR DE LIS MODAS
2026-01-28 15:44:09,185 - __main__ - INFO - Iniciando: PC ARTESANATOS
2026-01-28 15:44:09,194 - src.processors.async_processor - INFO - [82/371] Processando: PC ARTESANATOS
2026-01-28 15:44:09,445 - src.scrappers.google_scraper - INFO - Buscando: "PC ARTESANATOS" Mogi Mirim
2026-01-28 15:44:17,875 - src.scrappers.google_scraper - INFO - Dados extraídos para PC ARTESANATOS: {'telefone': '(19) 3806-2806', 'facebook_link': None, 'site': None}
2026-01-28 15:44:17,907 - src.processors.async_processor - INFO - Novo registro criado: PC ARTESANATOS
2026-01-28 15:44:24,446 - __main__ - INFO - Iniciando: MOGI FESTAS
2026-01-28 15:44:24,450 - src.processors.async_processor - INFO - [83/371] Processando: MOGI FESTAS
2026-01-28 15:44:24,563 - src.scrappers.google_scraper - INFO - Buscando: "MOGI FESTAS" Mogi Mirim
2026-01-28 15:44:33,965 - src.scrappers.google_scraper - INFO - Dados extraídos para MOGI FESTAS: {'telefone': '(19) 3805-3516', 'facebook_link': 'https://www.instagram.com/mogifestas/', 'site': 'https://grupofasitec.com.br/mogi-mirim-comemora-256-anos-uma-cidade-historica-e-inovadora-celebra-seu-aniversario-com-o-sicon-impulsionando-o-futuro/#:~:text=Hoje%2C%2022%20de%20outubro%2C%20Mogi,seus%20256%20anos%20de%20funda%C3%A7%C3%A3o!'}
2026-01-28 15:44:34,099 - src.scrappers.facebook_scraper - INFO - Acessando Facebook: https://www.instagram.com/mogifestas/
2026-01-28 15:44:40,952 - src.scrappers.facebook_scraper - INFO - Navegou para seção Sobre
2026-01-28 15:44:43,123 - src.scrappers.facebook_scraper - INFO - WhatsApp encontrado: (19) 99452-5426
2026-01-28 15:44:43,123 - src.scrappers.facebook_scraper - INFO - Dados do Facebook extraídos: {'email': None, 'celular_whatsapp': '(19) 99452-5426'}
2026-01-28 15:44:43,139 - src.processors.async_processor - INFO - Novo registro criado: MOGI FESTAS
2026-01-28 15:44:49,060 - __main__ - INFO - Iniciando: BOTECO'S BEER
2026-01-28 15:44:49,062 - src.processors.async_processor - INFO - [84/371] Processando: BOTECO'S BEER
2026-01-28 15:44:49,172 - src.scrappers.google_scraper - INFO - Buscando: "BOTECO'S BEER" Mogi Mirim
2026-01-28 15:44:57,549 - src.scrappers.google_scraper - INFO - Dados extraídos para BOTECO'S BEER: {'telefone': '(19) 3862-3299', 'facebook_link': None, 'site': None}
2026-01-28 15:44:57,580 - src.processors.async_processor - INFO - Novo registro criado: BOTECO'S BEER
2026-01-28 15:45:02,107 - __main__ - INFO - Iniciando: NOVA ERA PLANTS
2026-01-28 15:45:02,120 - src.processors.async_processor - INFO - [85/371] Processando: NOVA ERA PLANTS
2026-01-28 15:45:02,249 - src.scrappers.google_scraper - INFO - Buscando: "NOVA ERA PLANTS" Mogi Mirim
2026-01-28 15:45:10,888 - src.scrappers.google_scraper - INFO - Dados extraídos para NOVA ERA PLANTS: {'telefone': '(19) 90870-0010', 'facebook_link': None, 'site': None}
2026-01-28 15:45:10,921 - src.processors.async_processor - INFO - Novo registro criado: NOVA ERA PLANTS
2026-01-28 15:45:17,828 - __main__ - INFO - Iniciando: ***
2026-01-28 15:45:17,847 - src.processors.async_processor - INFO - [86/371] Processando: ***
2026-01-28 15:45:17,935 - src.scrappers.google_scraper - INFO - Buscando: "***" Mogi Mirim
2026-01-28 15:45:27,255 - src.scrappers.google_scraper - INFO - Dados extraídos para ***: {'telefone': '8997-8449', 'facebook_link': 'https://www.instagram.com/prefeiturademogimirim/', 'site': 'http://www.siteantigomogi.sp.gov.br/'}
2026-01-28 15:45:27,413 - src.scrappers.facebook_scraper - INFO - Acessando Facebook: https://www.instagram.com/prefeiturademogimirim/
2026-01-28 15:45:34,280 - src.scrappers.facebook_scraper - INFO - Navegou para seção Sobre
2026-01-28 15:45:36,420 - src.scrappers.facebook_scraper - INFO - WhatsApp encontrado: (19) 99452-5426
2026-01-28 15:45:36,420 - src.scrappers.facebook_scraper - INFO - Dados do Facebook extraídos: {'email': None, 'celular_whatsapp': '(19) 99452-5426'}
2026-01-28 15:45:36,438 - src.processors.async_processor - INFO - Registro atualizado: ***
2026-01-28 15:45:40,334 - __main__ - INFO - Iniciando: J.B.
2026-01-28 15:45:40,343 - src.processors.async_processor - INFO - [87/371] Processando: J.B.
2026-01-28 15:45:40,457 - src.scrappers.google_scraper - INFO - Buscando: "J.B." Mogi Mirim
2026-01-28 15:45:51,487 - src.scrappers.google_scraper - INFO - Dados extraídos para J.B.: {'telefone': '(19) 3806-4547', 'facebook_link': 'https://www.instagram.com/caniljb__mogimirim/', 'site': 'http://wa.me/5519999540910'}
2026-01-28 15:45:51,608 - src.scrappers.facebook_scraper - INFO - Acessando Facebook: https://www.instagram.com/caniljb__mogimirim/
2026-01-28 15:45:58,851 - src.scrappers.facebook_scraper - INFO - Navegou para seção Sobre
2026-01-28 15:46:01,019 - src.scrappers.facebook_scraper - INFO - WhatsApp encontrado: (19) 99452-5426
2026-01-28 15:46:01,020 - src.scrappers.facebook_scraper - INFO - Dados do Facebook extraídos: {'email': None, 'celular_whatsapp': '(19) 99452-5426'}
2026-01-28 15:46:01,036 - src.processors.async_processor - INFO - Novo registro criado: J.B.
2026-01-28 15:46:07,888 - __main__ - INFO - Iniciando: LILIAN POMIM INSTRUTORA
2026-01-28 15:46:07,894 - src.processors.async_processor - INFO - [88/371] Processando: LILIAN POMIM INSTRUTORA
2026-01-28 15:46:08,355 - src.scrappers.google_scraper - INFO - Buscando: "LILIAN POMIM INSTRUTORA" Mogi Mirim
2026-01-28 15:46:16,615 - src.scrappers.google_scraper - INFO - Dados extraídos para LILIAN POMIM INSTRUTORA: {'telefone': '8997-8449', 'facebook_link': None, 'site': None}
2026-01-28 15:46:16,648 - src.processors.async_processor - INFO - Novo registro criado: LILIAN POMIM INSTRUTORA
2026-01-28 15:46:21,748 - __main__ - INFO - Iniciando: GOUP CONSULTORIA
2026-01-28 15:46:21,754 - src.processors.async_processor - INFO - [89/371] Processando: GOUP CONSULTORIA
2026-01-28 15:46:21,954 - src.scrappers.google_scraper - INFO - Buscando: "GOUP CONSULTORIA" Mogi Mirim
2026-01-28 15:46:32,474 - src.scrappers.google_scraper - INFO - Dados extraídos para GOUP CONSULTORIA: {'telefone': '8997-8449', 'facebook_link': None, 'site': None}
2026-01-28 15:46:32,506 - src.processors.async_processor - INFO - Novo registro criado: GOUP CONSULTORIA
2026-01-28 15:46:38,018 - __main__ - INFO - Iniciando: NATURAL FOODS
2026-01-28 15:46:38,029 - src.processors.async_processor - INFO - [90/371] Processando: NATURAL FOODS
2026-01-28 15:46:38,239 - src.scrappers.google_scraper - INFO - Buscando: "NATURAL FOODS" Mogi Mirim
2026-01-28 15:46:49,564 - src.scrappers.google_scraper - INFO - Dados extraídos para NATURAL FOODS: {'telefone': '(19) 97146-2055', 'facebook_link': 'https://www.instagram.com/reel/DSz_pHRDh2J/', 'site': None}
2026-01-28 15:46:49,803 - src.scrappers.facebook_scraper - INFO - Acessando Facebook: https://www.instagram.com/reel/DSz_pHRDh2J/
2026-01-28 15:48:00,940 - src.scrappers.facebook_scraper - INFO - WhatsApp encontrado: (19) 99452-5426
2026-01-28 15:48:00,940 - src.scrappers.facebook_scraper - INFO - Dados do Facebook extraídos: {'email': None, 'celular_whatsapp': '(19) 99452-5426'}
2026-01-28 15:48:00,981 - src.processors.async_processor - INFO - Novo registro criado: NATURAL FOODS
2026-01-28 15:48:07,125 - __main__ - INFO - Iniciando: GRUPO MASTER
2026-01-28 15:48:07,158 - src.processors.async_processor - INFO - [91/371] Processando: GRUPO MASTER
2026-01-28 15:48:07,523 - src.scrappers.google_scraper - INFO - Buscando: "GRUPO MASTER" Mogi Mirim
2026-01-28 15:48:16,056 - src.scrappers.google_scraper - INFO - Dados extraídos para GRUPO MASTER: {'telefone': '(19) 99215-5441', 'facebook_link': 'https://www.facebook.com/GrupoMasterSegeServ.Oficial/', 'site': 'http://www.grupomasterbr.com.br/sobre.html'}
2026-01-28 15:48:16,303 - src.scrappers.facebook_scraper - INFO - Acessando Facebook: https://www.facebook.com/GrupoMasterSegeServ.Oficial/
2026-01-28 15:49:28,486 - src.scrappers.facebook_scraper - INFO - Email encontrado: grupomasterbr@grupomasterbr.com.br
2026-01-28 15:49:28,490 - src.scrappers.facebook_scraper - INFO - WhatsApp encontrado: (19) 99452-5426
2026-01-28 15:49:28,491 - src.scrappers.facebook_scraper - INFO - Dados do Facebook extraídos: {'email': 'grupomasterbr@grupomasterbr.com.br', 'celular_whatsapp': '(19) 99452-5426'}
2026-01-28 15:49:28,529 - src.processors.async_processor - INFO - Novo registro criado: GRUPO MASTER
2026-01-28 15:49:35,654 - __main__ - INFO - Iniciando: MARIA BONITA
2026-01-28 15:49:35,662 - src.processors.async_processor - INFO - [92/371] Processando: MARIA BONITA
2026-01-28 15:49:35,938 - src.scrappers.google_scraper - INFO - Buscando: "MARIA BONITA" Mogi Mirim
2026-01-28 15:49:45,570 - src.scrappers.google_scraper - INFO - Dados extraídos para MARIA BONITA: {'telefone': '8997-8449', 'facebook_link': 'https://www.instagram.com/ateliedabelezamariabonitaa/', 'site': None}
2026-01-28 15:49:45,685 - src.scrappers.facebook_scraper - INFO - Acessando Facebook: https://www.instagram.com/ateliedabelezamariabonitaa/
2026-01-28 15:49:52,640 - src.scrappers.facebook_scraper - INFO - Navegou para seção Sobre
2026-01-28 15:49:54,790 - src.scrappers.facebook_scraper - INFO - WhatsApp encontrado: (19) 99657-2880
2026-01-28 15:49:54,791 - src.scrappers.facebook_scraper - INFO - Dados do Facebook extraídos: {'email': None, 'celular_whatsapp': '(19) 99657-2880'}
2026-01-28 15:49:54,806 - src.processors.async_processor - INFO - Novo registro criado: MARIA BONITA
2026-01-28 15:49:59,891 - __main__ - INFO - Iniciando: TALITA GUECKS TOMAZ TREINAMENTOS/CONSULTORIA COMERCIAL
2026-01-28 15:49:59,920 - src.processors.async_processor - INFO - [93/371] Processando: TALITA GUECKS TOMAZ TREINAMENTOS/CONSULTORIA COMERCIAL
2026-01-28 15:50:00,016 - src.scrappers.google_scraper - INFO - Buscando: "TALITA GUECKS TOMAZ TREINAMENTOS/CONSULTORIA COMERCIAL" Mogi Mirim
2026-01-28 15:50:08,045 - src.scrappers.google_scraper - INFO - Dados extraídos para TALITA GUECKS TOMAZ TREINAMENTOS/CONSULTORIA COMERCIAL: {'telefone': '8997-8449', 'facebook_link': None, 'site': None}
2026-01-28 15:50:08,080 - src.processors.async_processor - INFO - Novo registro criado: TALITA GUECKS TOMAZ TREINAMENTOS/CONSULTORIA COMERCIAL
2026-01-28 15:50:11,826 - __main__ - INFO - Iniciando: BEL ELETRICISTA
2026-01-28 15:50:11,838 - src.processors.async_processor - INFO - [94/371] Processando: BEL ELETRICISTA
2026-01-28 15:50:11,954 - src.scrappers.google_scraper - INFO - Buscando: "BEL ELETRICISTA" Mogi Mirim
2026-01-28 15:50:19,716 - src.scrappers.google_scraper - INFO - Dados extraídos para BEL ELETRICISTA: {'telefone': '(19) 99369-3118', 'facebook_link': 'https://www.facebook.com/casadoeletricistamogimirim/', 'site': None}
2026-01-28 15:50:19,865 - src.scrappers.facebook_scraper - INFO - Acessando Facebook: https://www.facebook.com/casadoeletricistamogimirim/
2026-01-28 15:51:31,329 - src.scrappers.facebook_scraper - INFO - Email encontrado: casaeletricista@hotmail.com
2026-01-28 15:51:31,331 - src.scrappers.facebook_scraper - INFO - WhatsApp encontrado: (19) 95115-2795
2026-01-28 15:51:31,331 - src.scrappers.facebook_scraper - INFO - Dados do Facebook extraídos: {'email': 'casaeletricista@hotmail.com', 'celular_whatsapp': '(19) 95115-2795'}
2026-01-28 15:51:31,372 - src.processors.async_processor - INFO - Novo registro criado: BEL ELETRICISTA
2026-01-28 15:51:37,766 - __main__ - INFO - Iniciando: KANAE STUDIO BAZAR E PAPELARIA
2026-01-28 15:51:37,786 - src.processors.async_processor - INFO - [95/371] Processando: KANAE STUDIO BAZAR E PAPELARIA
2026-01-28 15:51:37,865 - src.scrappers.google_scraper - INFO - Buscando: "KANAE STUDIO BAZAR E PAPELARIA" Mogi Mirim
2026-01-28 15:51:45,629 - src.scrappers.google_scraper - INFO - Dados extraídos para KANAE STUDIO BAZAR E PAPELARIA: {'telefone': '8997-8449', 'facebook_link': None, 'site': None}
2026-01-28 15:51:45,663 - src.processors.async_processor - INFO - Novo registro criado: KANAE STUDIO BAZAR E PAPELARIA
2026-01-28 15:51:49,718 - __main__ - INFO - Iniciando: CALDO DE CANA DO NA
2026-01-28 15:51:49,728 - src.processors.async_processor - INFO - [96/371] Processando: CALDO DE CANA DO NA
2026-01-28 15:51:49,824 - src.scrappers.google_scraper - INFO - Buscando: "CALDO DE CANA DO NA" Mogi Mirim
2026-01-28 15:51:59,895 - src.scrappers.google_scraper - INFO - Dados extraídos para CALDO DE CANA DO NA: {'telefone': '(19) 74081-9558', 'facebook_link': 'https://www.instagram.com/reel/DP2By9UDhGd/', 'site': None}
2026-01-28 15:52:00,036 - src.scrappers.facebook_scraper - INFO - Acessando Facebook: https://www.instagram.com/reel/DP2By9UDhGd/
2026-01-28 15:53:11,232 - src.scrappers.facebook_scraper - INFO - WhatsApp encontrado: (19) 99452-5426
2026-01-28 15:53:11,232 - src.scrappers.facebook_scraper - INFO - Dados do Facebook extraídos: {'email': None, 'celular_whatsapp': '(19) 99452-5426'}
2026-01-28 15:53:11,262 - src.processors.async_processor - INFO - Novo registro criado: CALDO DE CANA DO NA
2026-01-28 15:53:16,670 - __main__ - INFO - Iniciando: BAR DOS AMIGOS
2026-01-28 15:53:16,682 - src.processors.async_processor - INFO - [97/371] Processando: BAR DOS AMIGOS
2026-01-28 15:53:16,784 - src.scrappers.google_scraper - INFO - Buscando: "BAR DOS AMIGOS" Mogi Mirim
2026-01-28 15:53:30,591 - src.scrappers.google_scraper - INFO - Dados extraídos para BAR DOS AMIGOS: {'telefone': '(19) 1438-4897', 'facebook_link': 'https://www.facebook.com/bardosamigosmm/', 'site': None}
2026-01-28 15:53:30,722 - src.scrappers.facebook_scraper - INFO - Acessando Facebook: https://www.facebook.com/bardosamigosmm/
2026-01-28 15:54:42,643 - src.scrappers.facebook_scraper - INFO - Email encontrado: gabriel_ferreira00@hotmail.com
2026-01-28 15:54:42,644 - src.scrappers.facebook_scraper - INFO - WhatsApp encontrado: (19) 99499-5493
2026-01-28 15:54:42,645 - src.scrappers.facebook_scraper - INFO - Dados do Facebook extraídos: {'email': 'gabriel_ferreira00@hotmail.com', 'celular_whatsapp': '(19) 99499-5493'}
2026-01-28 15:54:42,685 - src.processors.async_processor - INFO - Novo registro criado: BAR DOS AMIGOS
2026-01-28 15:54:47,076 - __main__ - INFO - Iniciando: MARCOS BAO - CANTOR, ATOR E DUBLADOR
2026-01-28 15:54:47,082 - src.processors.async_processor - INFO - [98/371] Processando: MARCOS BAO - CANTOR, ATOR E DUBLADOR
2026-01-28 15:54:47,170 - src.scrappers.google_scraper - INFO - Buscando: "MARCOS BAO - CANTOR, ATOR E DUBLADOR" Mogi Mirim
2026-01-28 15:54:55,521 - src.scrappers.google_scraper - INFO - Dados extraídos para MARCOS BAO - CANTOR, ATOR E DUBLADOR: {'telefone': '8997-8449', 'facebook_link': None, 'site': None}
2026-01-28 15:54:55,556 - src.processors.async_processor - INFO - Novo registro criado: MARCOS BAO - CANTOR, ATOR E DUBLADOR
2026-01-28 15:55:01,639 - __main__ - INFO - Iniciando: ISOLUZ MATERIAIS ELETRICOS
2026-01-28 15:55:01,653 - src.processors.async_processor - INFO - [99/371] Processando: ISOLUZ MATERIAIS ELETRICOS
2026-01-28 15:55:01,737 - src.scrappers.google_scraper - INFO - Buscando: "ISOLUZ MATERIAIS ELETRICOS" Mogi Mirim
2026-01-28 15:55:15,845 - src.scrappers.google_scraper - INFO - Dados extraídos para ISOLUZ MATERIAIS ELETRICOS: {'telefone': '(19) 97156-4539', 'facebook_link': None, 'site': 'https://isoluzeletrica.com.br/'}
2026-01-28 15:55:15,882 - src.processors.async_processor - INFO - Novo registro criado: ISOLUZ MATERIAIS ELETRICOS
2026-01-28 15:55:20,412 - __main__ - INFO - Iniciando: RECICLAR
2026-01-28 15:55:20,414 - src.processors.async_processor - INFO - [100/371] Processando: RECICLAR
2026-01-28 15:55:20,489 - src.scrappers.google_scraper - INFO - Buscando: "RECICLAR" Mogi Mirim
2026-01-28 15:55:34,328 - src.scrappers.google_scraper - INFO - Dados extraídos para RECICLAR: {'telefone': '(19) 97105-9198', 'facebook_link': 'https://www.instagram.com/reel/DQwMbmYgD49/', 'site': None}
2026-01-28 15:55:34,452 - src.scrappers.facebook_scraper - INFO - Acessando Facebook: https://www.instagram.com/reel/DQwMbmYgD49/
2026-01-28 15:56:46,468 - src.scrappers.facebook_scraper - INFO - WhatsApp encontrado: (19) 99452-5426
2026-01-28 15:56:46,469 - src.scrappers.facebook_scraper - INFO - Dados do Facebook extraídos: {'email': None, 'celular_whatsapp': '(19) 99452-5426'}
2026-01-28 15:56:46,500 - src.processors.async_processor - INFO - Novo registro criado: RECICLAR
2026-01-28 15:56:53,483 - __main__ - INFO - Iniciando: F.F. RINALDI
2026-01-28 15:56:53,490 - src.processors.async_processor - INFO - [101/371] Processando: F.F. RINALDI
2026-01-28 15:56:53,578 - src.scrappers.google_scraper - INFO - Buscando: "F.F. RINALDI" Mogi Mirim
2026-01-28 15:57:01,817 - src.scrappers.google_scraper - INFO - Dados extraídos para F.F. RINALDI: {'telefone': '(19) 98361-8028', 'facebook_link': None, 'site': None}
2026-01-28 15:57:01,858 - src.processors.async_processor - INFO - Novo registro criado: F.F. RINALDI
2026-01-28 15:57:05,004 - __main__ - INFO - Iniciando: DELLA PASTEL
2026-01-28 15:57:05,006 - src.processors.async_processor - INFO - [102/371] Processando: DELLA PASTEL
2026-01-28 15:57:05,095 - src.scrappers.google_scraper - INFO - Buscando: "DELLA PASTEL" Mogi Mirim
2026-01-28 15:57:13,977 - src.scrappers.google_scraper - INFO - Dados extraídos para DELLA PASTEL: {'telefone': '(19) 21168-0319', 'facebook_link': None, 'site': None}
2026-01-28 15:57:14,012 - src.processors.async_processor - INFO - Novo registro criado: DELLA PASTEL
2026-01-28 15:57:19,686 - __main__ - INFO - Iniciando: JEFFERSON BELLA
2026-01-28 15:57:19,693 - src.processors.async_processor - INFO - [103/371] Processando: JEFFERSON BELLA
2026-01-28 15:57:19,769 - src.scrappers.google_scraper - INFO - Buscando: "JEFFERSON BELLA" Mogi Mirim
2026-01-28 15:57:29,970 - src.scrappers.google_scraper - INFO - Dados extraídos para JEFFERSON BELLA: {'telefone': '8997-8449', 'facebook_link': None, 'site': None}
2026-01-28 15:57:30,002 - src.processors.async_processor - INFO - Novo registro criado: JEFFERSON BELLA
2026-01-28 15:57:34,446 - __main__ - INFO - Iniciando: HADASSA HAIR DESIGN E MODA FEMININA
2026-01-28 15:57:34,451 - src.processors.async_processor - INFO - [104/371] Processando: HADASSA HAIR DESIGN E MODA FEMININA
2026-01-28 15:57:34,541 - src.scrappers.google_scraper - INFO - Buscando: "HADASSA HAIR DESIGN E MODA FEMININA" Mogi Mirim
2026-01-28 15:57:45,162 - src.scrappers.google_scraper - INFO - Dados extraídos para HADASSA HAIR DESIGN E MODA FEMININA: {'telefone': '(19) 99782-0606', 'facebook_link': 'https://www.facebook.com/praheloisasantos', 'site': None}
2026-01-28 15:57:45,318 - src.scrappers.facebook_scraper - INFO - Acessando Facebook: https://www.facebook.com/praheloisasantos
2026-01-28 15:57:52,051 - src.scrappers.facebook_scraper - INFO - WhatsApp encontrado: (19) 99452-5426
2026-01-28 15:57:52,052 - src.scrappers.facebook_scraper - INFO - Dados do Facebook extraídos: {'email': None, 'celular_whatsapp': '(19) 99452-5426'}
2026-01-28 15:57:52,096 - src.processors.async_processor - INFO - Novo registro criado: HADASSA HAIR DESIGN E MODA FEMININA
2026-01-28 15:57:57,592 - __main__ - INFO - Iniciando: DABARAH
2026-01-28 15:57:57,602 - src.processors.async_processor - INFO - [105/371] Processando: DABARAH
2026-01-28 15:57:57,705 - src.scrappers.google_scraper - INFO - Buscando: "DABARAH" Mogi Mirim
2026-01-28 15:58:06,448 - src.scrappers.google_scraper - INFO - Dados extraídos para DABARAH: {'telefone': '(19) 4018-4319', 'facebook_link': 'https://www.facebook.com/story.php', 'site': None}
2026-01-28 15:58:06,581 - src.scrappers.facebook_scraper - INFO - Acessando Facebook: https://www.facebook.com/story.php
2026-01-28 15:58:13,321 - src.scrappers.facebook_scraper - INFO - Navegou para seção Sobre
2026-01-28 15:58:15,356 - src.scrappers.facebook_scraper - INFO - Dados do Facebook extraídos: {'email': None, 'celular_whatsapp': None}
2026-01-28 15:58:15,377 - src.processors.async_processor - INFO - Novo registro criado: DABARAH
2026-01-28 15:58:20,717 - __main__ - INFO - Iniciando: L P VANS
2026-01-28 15:58:20,724 - src.processors.async_processor - INFO - [106/371] Processando: L P VANS
2026-01-28 15:58:20,830 - src.scrappers.google_scraper - INFO - Buscando: "L P VANS" Mogi Mirim
2026-01-28 15:58:30,816 - src.scrappers.google_scraper - INFO - Dados extraídos para L P VANS: {'telefone': '8997-8449', 'facebook_link': None, 'site': None}
2026-01-28 15:58:30,852 - src.processors.async_processor - INFO - Novo registro criado: L P VANS
2026-01-28 15:58:37,091 - __main__ - INFO - Iniciando: RICCI TECNOLOGIA
2026-01-28 15:58:37,099 - src.processors.async_processor - INFO - [107/371] Processando: RICCI TECNOLOGIA
2026-01-28 15:58:37,213 - src.scrappers.google_scraper - INFO - Buscando: "RICCI TECNOLOGIA" Mogi Mirim
2026-01-28 15:58:48,431 - src.scrappers.google_scraper - INFO - Dados extraídos para RICCI TECNOLOGIA: {'telefone': '8997-8449', 'facebook_link': None, 'site': None}
2026-01-28 15:58:48,475 - src.processors.async_processor - INFO - Novo registro criado: RICCI TECNOLOGIA
2026-01-28 15:58:52,209 - __main__ - INFO - Iniciando: BARRACA DA PRI
2026-01-28 15:58:52,211 - src.processors.async_processor - INFO - [108/371] Processando: BARRACA DA PRI
2026-01-28 15:58:52,321 - src.scrappers.google_scraper - INFO - Buscando: "BARRACA DA PRI" Mogi Mirim
2026-01-28 15:59:01,095 - src.scrappers.google_scraper - INFO - Dados extraídos para BARRACA DA PRI: {'telefone': '8997-8449', 'facebook_link': None, 'site': None}
2026-01-28 15:59:01,135 - src.processors.async_processor - INFO - Novo registro criado: BARRACA DA PRI
2026-01-28 15:59:04,358 - __main__ - INFO - Iniciando: JULIANO BARON SERVICOS MEDICOS
2026-01-28 15:59:04,368 - src.processors.async_processor - INFO - [109/371] Processando: JULIANO BARON SERVICOS MEDICOS
2026-01-28 15:59:04,454 - src.scrappers.google_scraper - INFO - Buscando: "JULIANO BARON SERVICOS MEDICOS" Mogi Mirim
2026-01-28 15:59:14,723 - src.scrappers.google_scraper - INFO - Dados extraídos para JULIANO BARON SERVICOS MEDICOS: {'telefone': '8997-8449', 'facebook_link': None, 'site': None}
2026-01-28 15:59:14,760 - src.processors.async_processor - INFO - Novo registro criado: JULIANO BARON SERVICOS MEDICOS
2026-01-28 15:59:21,482 - __main__ - INFO - Iniciando: RENZO TRANSPORTES
2026-01-28 15:59:21,488 - src.processors.async_processor - INFO - [110/371] Processando: RENZO TRANSPORTES
2026-01-28 15:59:21,625 - src.scrappers.google_scraper - INFO - Buscando: "RENZO TRANSPORTES" Mogi Mirim
2026-01-28 15:59:31,963 - src.scrappers.google_scraper - INFO - Dados extraídos para RENZO TRANSPORTES: {'telefone': '(19) 99158-6141', 'facebook_link': None, 'site': 'http://www.risso.com.br/'}
2026-01-28 15:59:31,998 - src.processors.async_processor - INFO - Novo registro criado: RENZO TRANSPORTES
2026-01-28 15:59:37,405 - __main__ - INFO - Iniciando: ZANCO MULT
2026-01-28 15:59:37,412 - src.processors.async_processor - INFO - [111/371] Processando: ZANCO MULT
2026-01-28 15:59:37,529 - src.scrappers.google_scraper - INFO - Buscando: "ZANCO MULT" Mogi Mirim
2026-01-28 15:59:45,199 - src.scrappers.google_scraper - INFO - Dados extraídos para ZANCO MULT: {'telefone': '8997-8449', 'facebook_link': None, 'site': None}
2026-01-28 15:59:45,231 - src.processors.async_processor - INFO - Novo registro criado: ZANCO MULT
2026-01-28 15:59:50,920 - __main__ - INFO - Iniciando: FRACTAL
2026-01-28 15:59:50,926 - src.processors.async_processor - INFO - [112/371] Processando: FRACTAL
2026-01-28 15:59:51,029 - src.scrappers.google_scraper - INFO - Buscando: "FRACTAL" Mogi Mirim
2026-01-28 16:00:00,308 - src.scrappers.google_scraper - INFO - Dados extraídos para FRACTAL: {'telefone': '8997-8449', 'facebook_link': 'https://www.instagram.com/fractalcultural/', 'site': None}
2026-01-28 16:00:00,444 - src.scrappers.facebook_scraper - INFO - Acessando Facebook: https://www.instagram.com/fractalcultural/
2026-01-28 16:00:07,263 - src.scrappers.facebook_scraper - INFO - Navegou para seção Sobre
2026-01-28 16:00:09,447 - src.scrappers.facebook_scraper - INFO - WhatsApp encontrado: (19) 99452-5426
2026-01-28 16:00:09,448 - src.scrappers.facebook_scraper - INFO - Dados do Facebook extraídos: {'email': None, 'celular_whatsapp': '(19) 99452-5426'}
2026-01-28 16:00:09,467 - src.processors.async_processor - INFO - Novo registro criado: FRACTAL
2026-01-28 16:00:15,015 - __main__ - INFO - Iniciando: STUDIO EVA
2026-01-28 16:00:15,017 - src.processors.async_processor - INFO - [113/371] Processando: STUDIO EVA
2026-01-28 16:00:15,126 - src.scrappers.google_scraper - INFO - Buscando: "STUDIO EVA" Mogi Mirim
2026-01-28 16:00:24,136 - src.scrappers.google_scraper - INFO - Dados extraídos para STUDIO EVA: {'telefone': '(19) 3022-1817', 'facebook_link': 'https://www.instagram.com/store_lg14/', 'site': None}
2026-01-28 16:00:24,260 - src.scrappers.facebook_scraper - INFO - Acessando Facebook: https://www.instagram.com/store_lg14/
2026-01-28 16:00:31,147 - src.scrappers.facebook_scraper - INFO - Navegou para seção Sobre
2026-01-28 16:00:33,297 - src.scrappers.facebook_scraper - INFO - WhatsApp encontrado: (19) 99452-5426
2026-01-28 16:00:33,297 - src.scrappers.facebook_scraper - INFO - Dados do Facebook extraídos: {'email': None, 'celular_whatsapp': '(19) 99452-5426'}
2026-01-28 16:00:33,313 - src.processors.async_processor - INFO - Novo registro criado: STUDIO EVA
2026-01-28 16:00:38,327 - __main__ - INFO - Iniciando: TUCURAS BAR
2026-01-28 16:00:38,356 - src.processors.async_processor - INFO - [114/371] Processando: TUCURAS BAR
2026-01-28 16:00:38,466 - src.scrappers.google_scraper - INFO - Buscando: "TUCURAS BAR" Mogi Mirim
2026-01-28 16:00:47,433 - src.scrappers.google_scraper - INFO - Dados extraídos para TUCURAS BAR: {'telefone': '8997-8449', 'facebook_link': None, 'site': None}
2026-01-28 16:00:47,469 - src.processors.async_processor - INFO - Novo registro criado: TUCURAS BAR
2026-01-28 16:00:54,607 - __main__ - INFO - Iniciando: BORGES & PRADOS REPRESENTACOES COMERCIAIS LTDA
2026-01-28 16:00:54,615 - src.processors.async_processor - INFO - [115/371] Processando: BORGES & PRADOS REPRESENTACOES COMERCIAIS LTDA
2026-01-28 16:00:54,726 - src.scrappers.google_scraper - INFO - Buscando: "BORGES & PRADOS REPRESENTACOES COMERCIAIS LTDA" Mogi Mirim
2026-01-28 16:01:05,143 - src.scrappers.google_scraper - INFO - Dados extraídos para BORGES & PRADOS REPRESENTACOES COMERCIAIS LTDA: {'telefone': '8997-8449', 'facebook_link': 'https://www.instagram.com/borges/', 'site': None}
2026-01-28 16:01:05,304 - src.scrappers.facebook_scraper - INFO - Acessando Facebook: https://www.instagram.com/borges/
2026-01-28 16:01:12,060 - src.scrappers.facebook_scraper - INFO - Navegou para seção Sobre
2026-01-28 16:01:14,179 - src.scrappers.facebook_scraper - INFO - Email encontrado: comercial@mainstreetrecords.com.br
2026-01-28 16:01:14,181 - src.scrappers.facebook_scraper - INFO - WhatsApp encontrado: (19) 99452-5426
2026-01-28 16:01:14,181 - src.scrappers.facebook_scraper - INFO - Dados do Facebook extraídos: {'email': 'comercial@mainstreetrecords.com.br', 'celular_whatsapp': '(19) 99452-5426'}
2026-01-28 16:01:14,199 - src.processors.async_processor - INFO - Novo registro criado: BORGES & PRADOS REPRESENTACOES COMERCIAIS LTDA
2026-01-28 16:01:20,501 - __main__ - INFO - Iniciando: JGF ADMINISTRACAO
2026-01-28 16:01:20,525 - src.processors.async_processor - INFO - [116/371] Processando: JGF ADMINISTRACAO
2026-01-28 16:01:20,601 - src.scrappers.google_scraper - INFO - Buscando: "JGF ADMINISTRACAO" Mogi Mirim
2026-01-28 16:01:33,635 - src.scrappers.google_scraper - INFO - Dados extraídos para JGF ADMINISTRACAO: {'telefone': '(19) 3814-1004', 'facebook_link': None, 'site': None}
2026-01-28 16:01:33,672 - src.processors.async_processor - INFO - Novo registro criado: JGF ADMINISTRACAO
2026-01-28 16:01:37,307 - __main__ - INFO - Iniciando: CAM TREINAMENTOS
2026-01-28 16:01:37,308 - src.processors.async_processor - INFO - [117/371] Processando: CAM TREINAMENTOS
2026-01-28 16:01:37,523 - src.scrappers.google_scraper - INFO - Buscando: "CAM TREINAMENTOS" Mogi Mirim
2026-01-28 16:01:45,539 - src.scrappers.google_scraper - INFO - Dados extraídos para CAM TREINAMENTOS: {'telefone': '(19) 98244-4609', 'facebook_link': None, 'site': None}
2026-01-28 16:01:45,577 - src.processors.async_processor - INFO - Novo registro criado: CAM TREINAMENTOS
2026-01-28 16:01:52,201 - __main__ - INFO - Iniciando: AGEISA ESTETICA
2026-01-28 16:01:52,207 - src.processors.async_processor - INFO - [118/371] Processando: AGEISA ESTETICA
2026-01-28 16:01:52,317 - src.scrappers.google_scraper - INFO - Buscando: "AGEISA ESTETICA" Mogi Mirim
2026-01-28 16:02:02,202 - src.scrappers.google_scraper - INFO - Dados extraídos para AGEISA ESTETICA: {'telefone': '(19) 8149-5854', 'facebook_link': 'https://www.instagram.com/cintiagodoyestetica/', 'site': 'https://jbesteticaavancada.com.br/'}
2026-01-28 16:02:02,378 - src.scrappers.facebook_scraper - INFO - Acessando Facebook: https://www.instagram.com/cintiagodoyestetica/
2026-01-28 16:02:09,109 - src.scrappers.facebook_scraper - INFO - Navegou para seção Sobre
2026-01-28 16:02:11,245 - src.scrappers.facebook_scraper - INFO - WhatsApp encontrado: (19) 99782-9513
2026-01-28 16:02:11,245 - src.scrappers.facebook_scraper - INFO - Dados do Facebook extraídos: {'email': None, 'celular_whatsapp': '(19) 99782-9513'}
2026-01-28 16:02:11,262 - src.processors.async_processor - INFO - Novo registro criado: AGEISA ESTETICA
2026-01-28 16:02:15,982 - __main__ - INFO - Iniciando: AZELI
2026-01-28 16:02:15,990 - src.processors.async_processor - INFO - [119/371] Processando: AZELI
2026-01-28 16:02:16,116 - src.scrappers.google_scraper - INFO - Buscando: "AZELI" Mogi Mirim
2026-01-28 16:02:28,196 - src.scrappers.google_scraper - INFO - Dados extraídos para AZELI: {'telefone': '(19) 3804-2417', 'facebook_link': None, 'site': None}
2026-01-28 16:02:28,247 - src.processors.async_processor - INFO - Novo registro criado: AZELI
2026-01-28 16:02:34,076 - __main__ - INFO - Iniciando: SIMIONI SPORTS
2026-01-28 16:02:34,082 - src.processors.async_processor - INFO - [120/371] Processando: SIMIONI SPORTS
2026-01-28 16:02:34,171 - src.scrappers.google_scraper - INFO - Buscando: "SIMIONI SPORTS" Mogi Mirim
2026-01-28 16:02:44,523 - src.scrappers.google_scraper - INFO - Dados extraídos para SIMIONI SPORTS: {'telefone': '8997-8449', 'facebook_link': None, 'site': None}
2026-01-28 16:02:44,553 - src.processors.async_processor - INFO - Novo registro criado: SIMIONI SPORTS
2026-01-28 16:02:48,576 - __main__ - INFO - Iniciando: OKTW SEMIJOIAS
2026-01-28 16:02:48,584 - src.processors.async_processor - INFO - [121/371] Processando: OKTW SEMIJOIAS
2026-01-28 16:02:48,777 - src.scrappers.google_scraper - INFO - Buscando: "OKTW SEMIJOIAS" Mogi Mirim
2026-01-28 16:02:57,156 - src.scrappers.google_scraper - INFO - Dados extraídos para OKTW SEMIJOIAS: {'telefone': '8997-8449', 'facebook_link': None, 'site': None}
2026-01-28 16:02:57,192 - src.processors.async_processor - INFO - Novo registro criado: OKTW SEMIJOIAS
2026-01-28 16:03:02,091 - __main__ - INFO - Iniciando: MA SORVETES
2026-01-28 16:03:02,101 - src.processors.async_processor - INFO - [122/371] Processando: MA SORVETES
2026-01-28 16:03:02,293 - src.scrappers.google_scraper - INFO - Buscando: "MA SORVETES" Mogi Mirim
2026-01-28 16:03:10,738 - src.scrappers.google_scraper - INFO - Dados extraídos para MA SORVETES: {'telefone': '(19) 3552-9099', 'facebook_link': None, 'site': None}
2026-01-28 16:03:10,771 - src.processors.async_processor - INFO - Novo registro criado: MA SORVETES
2026-01-28 16:03:15,201 - __main__ - INFO - Iniciando: HANNDS
2026-01-28 16:03:15,205 - src.processors.async_processor - INFO - [123/371] Processando: HANNDS
2026-01-28 16:03:15,380 - src.scrappers.google_scraper - INFO - Buscando: "HANNDS" Mogi Mirim
2026-01-28 16:03:24,749 - src.scrappers.google_scraper - INFO - Dados extraídos para HANNDS: {'telefone': '(19) 3549-4544', 'facebook_link': 'https://www.instagram.com/hanndspizza/', 'site': None}
2026-01-28 16:03:24,998 - src.scrappers.facebook_scraper - INFO - Acessando Facebook: https://www.instagram.com/hanndspizza/
2026-01-28 16:03:31,773 - src.scrappers.facebook_scraper - INFO - Navegou para seção Sobre
2026-01-28 16:03:33,942 - src.scrappers.facebook_scraper - INFO - WhatsApp encontrado: (19) 99240-0077
2026-01-28 16:03:33,942 - src.scrappers.facebook_scraper - INFO - Dados do Facebook extraídos: {'email': None, 'celular_whatsapp': '(19) 99240-0077'}
2026-01-28 16:03:33,957 - src.processors.async_processor - INFO - Novo registro criado: HANNDS
2026-01-28 16:03:39,785 - __main__ - INFO - Iniciando: AAC AR CONDICIONADO E CLIMATIZADORES
2026-01-28 16:03:39,789 - src.processors.async_processor - INFO - [124/371] Processando: AAC AR CONDICIONADO E CLIMATIZADORES
2026-01-28 16:03:39,993 - src.scrappers.google_scraper - INFO - Buscando: "AAC AR CONDICIONADO E CLIMATIZADORES" Mogi Mirim
2026-01-28 16:03:50,395 - src.scrappers.google_scraper - INFO - Dados extraídos para AAC AR CONDICIONADO E CLIMATIZADORES: {'telefone': '(19) 3806-3015', 'facebook_link': None, 'site': None}
2026-01-28 16:03:50,442 - src.processors.async_processor - INFO - Novo registro criado: AAC AR CONDICIONADO E CLIMATIZADORES
2026-01-28 16:03:54,216 - __main__ - INFO - Iniciando: CINTHIA VANESSA DA SILVA
2026-01-28 16:03:54,219 - src.processors.async_processor - INFO - [125/371] Processando: CINTHIA VANESSA DA SILVA
2026-01-28 16:03:54,411 - src.scrappers.google_scraper - INFO - Buscando: "CINTHIA VANESSA DA SILVA" Mogi Mirim
2026-01-28 16:04:02,891 - src.scrappers.google_scraper - INFO - Dados extraídos para CINTHIA VANESSA DA SILVA: {'telefone': '(19) 5405-6923', 'facebook_link': None, 'site': None}
2026-01-28 16:04:02,921 - src.processors.async_processor - INFO - Novo registro criado: CINTHIA VANESSA DA SILVA
2026-01-28 16:04:07,326 - __main__ - INFO - Iniciando: LT VENDAS
2026-01-28 16:04:07,334 - src.processors.async_processor - INFO - [126/371] Processando: LT VENDAS
2026-01-28 16:04:07,513 - src.scrappers.google_scraper - INFO - Buscando: "LT VENDAS" Mogi Mirim
2026-01-28 16:04:15,784 - src.scrappers.google_scraper - INFO - Dados extraídos para LT VENDAS: {'telefone': '8997-8449', 'facebook_link': None, 'site': None}
2026-01-28 16:04:15,817 - src.processors.async_processor - INFO - Novo registro criado: LT VENDAS
2026-01-28 16:04:21,101 - __main__ - INFO - Iniciando: RAFAELLI TRANSPORTES
2026-01-28 16:04:21,103 - src.processors.async_processor - INFO - [127/371] Processando: RAFAELLI TRANSPORTES
2026-01-28 16:04:21,339 - src.scrappers.google_scraper - INFO - Buscando: "RAFAELLI TRANSPORTES" Mogi Mirim
2026-01-28 16:04:29,412 - src.scrappers.google_scraper - INFO - Dados extraídos para RAFAELLI TRANSPORTES: {'telefone': '(19) 3022-1917', 'facebook_link': None, 'site': None}
2026-01-28 16:04:29,444 - src.processors.async_processor - INFO - Novo registro criado: RAFAELLI TRANSPORTES
2026-01-28 16:04:35,732 - __main__ - INFO - Iniciando: LPA LOGISTICA E TRANSPORTES
2026-01-28 16:04:35,738 - src.processors.async_processor - INFO - [128/371] Processando: LPA LOGISTICA E TRANSPORTES
2026-01-28 16:04:35,920 - src.scrappers.google_scraper - INFO - Buscando: "LPA LOGISTICA E TRANSPORTES" Mogi Mirim
2026-01-28 16:04:44,971 - src.scrappers.google_scraper - INFO - Dados extraídos para LPA LOGISTICA E TRANSPORTES: {'telefone': '(19) 3806-4289', 'facebook_link': None, 'site': 'https://www.lpalogistica.com.br/'}
2026-01-28 16:04:45,015 - src.processors.async_processor - INFO - Novo registro criado: LPA LOGISTICA E TRANSPORTES
2026-01-28 16:04:48,851 - __main__ - INFO - Iniciando: WG MOTOS
2026-01-28 16:04:48,852 - src.processors.async_processor - INFO - [129/371] Processando: WG MOTOS
2026-01-28 16:04:49,068 - src.scrappers.google_scraper - INFO - Buscando: "WG MOTOS" Mogi Mirim
2026-01-28 16:04:58,427 - src.scrappers.google_scraper - INFO - Dados extraídos para WG MOTOS: {'telefone': '(19) 8168-1044', 'facebook_link': 'https://www.instagram.com/reel/DTxU3YkDWEA/', 'site': None}
2026-01-28 16:04:58,578 - src.scrappers.facebook_scraper - INFO - Acessando Facebook: https://www.instagram.com/reel/DTxU3YkDWEA/
2026-01-28 16:06:09,692 - src.scrappers.facebook_scraper - INFO - WhatsApp encontrado: (19) 99452-5426
2026-01-28 16:06:09,693 - src.scrappers.facebook_scraper - INFO - Dados do Facebook extraídos: {'email': None, 'celular_whatsapp': '(19) 99452-5426'}
2026-01-28 16:06:09,735 - src.processors.async_processor - INFO - Novo registro criado: WG MOTOS
2026-01-28 16:06:13,670 - __main__ - INFO - Iniciando: Waguinho Nutrigco Animal
2026-01-28 16:06:13,682 - src.processors.async_processor - INFO - [130/371] Processando: Waguinho Nutrigco Animal
2026-01-28 16:06:13,773 - src.scrappers.google_scraper - INFO - Buscando: "Waguinho Nutrigco Animal" Mogi Mirim
2026-01-28 16:06:22,498 - src.scrappers.google_scraper - INFO - Dados extraídos para Waguinho Nutrigco Animal: {'telefone': '8997-8449', 'facebook_link': None, 'site': None}
2026-01-28 16:06:22,539 - src.processors.async_processor - INFO - Novo registro criado: Waguinho Nutrigco Animal
2026-01-28 16:06:25,701 - __main__ - INFO - Iniciando: GCS JARDINAGEM
2026-01-28 16:06:25,710 - src.processors.async_processor - INFO - [131/371] Processando: GCS JARDINAGEM
2026-01-28 16:06:25,824 - src.scrappers.google_scraper - INFO - Buscando: "GCS JARDINAGEM" Mogi Mirim
2026-01-28 16:06:35,063 - src.scrappers.google_scraper - INFO - Dados extraídos para GCS JARDINAGEM: {'telefone': '(19) 97108-7966', 'facebook_link': None, 'site': None}
2026-01-28 16:06:35,106 - src.processors.async_processor - INFO - Novo registro criado: GCS JARDINAGEM
2026-01-28 16:06:38,842 - __main__ - INFO - Iniciando: GRSA
2026-01-28 16:06:38,851 - src.processors.async_processor - INFO - [132/371] Processando: GRSA
2026-01-28 16:06:38,931 - src.scrappers.google_scraper - INFO - Buscando: "GRSA" Mogi Mirim
2026-01-28 16:06:47,321 - src.scrappers.google_scraper - INFO - Dados extraídos para GRSA: {'telefone': '8997-8449', 'facebook_link': 'https://www.instagram.com/reel/DIOhH1UIdra/', 'site': None}
2026-01-28 16:06:47,479 - src.scrappers.facebook_scraper - INFO - Acessando Facebook: https://www.instagram.com/reel/DIOhH1UIdra/
2026-01-28 16:07:58,573 - src.scrappers.facebook_scraper - INFO - WhatsApp encontrado: (19) 91536-3014
2026-01-28 16:07:58,573 - src.scrappers.facebook_scraper - INFO - Dados do Facebook extraídos: {'email': None, 'celular_whatsapp': '(19) 91536-3014'}
2026-01-28 16:07:58,617 - src.processors.async_processor - INFO - Novo registro criado: GRSA
2026-01-28 16:08:02,633 - __main__ - INFO - Iniciando: MC LANCHES
2026-01-28 16:08:02,636 - src.processors.async_processor - INFO - [133/371] Processando: MC LANCHES
2026-01-28 16:08:02,714 - src.scrappers.google_scraper - INFO - Buscando: "MC LANCHES" Mogi Mirim
2026-01-28 16:08:11,613 - src.scrappers.google_scraper - INFO - Dados extraídos para MC LANCHES: {'telefone': '(19) 98320-5775', 'facebook_link': 'https://www.instagram.com/mclanchesmogi/', 'site': None}
2026-01-28 16:08:11,767 - src.scrappers.facebook_scraper - INFO - Acessando Facebook: https://www.instagram.com/mclanchesmogi/
2026-01-28 16:08:18,621 - src.scrappers.facebook_scraper - INFO - Navegou para seção Sobre
2026-01-28 16:08:20,781 - src.scrappers.facebook_scraper - INFO - WhatsApp encontrado: (19) 98320-5775
2026-01-28 16:08:20,781 - src.scrappers.facebook_scraper - INFO - Dados do Facebook extraídos: {'email': None, 'celular_whatsapp': '(19) 98320-5775'}
2026-01-28 16:08:20,797 - src.processors.async_processor - INFO - Novo registro criado: MC LANCHES
2026-01-28 16:08:25,951 - __main__ - INFO - Iniciando: MARCOS VINICIUS DOS REIS CORREA
2026-01-28 16:08:25,958 - src.processors.async_processor - INFO - [134/371] Processando: MARCOS VINICIUS DOS REIS CORREA
2026-01-28 16:08:26,051 - src.scrappers.google_scraper - INFO - Buscando: "MARCOS VINICIUS DOS REIS CORREA" Mogi Mirim
2026-01-28 16:08:38,999 - src.scrappers.google_scraper - INFO - Dados extraídos para MARCOS VINICIUS DOS REIS CORREA: {'telefone': '8997-8449', 'facebook_link': None, 'site': None}
2026-01-28 16:08:39,043 - src.processors.async_processor - INFO - Novo registro criado: MARCOS VINICIUS DOS REIS CORREA
2026-01-28 16:08:42,795 - __main__ - INFO - Iniciando: A Bueno
2026-01-28 16:08:42,802 - src.processors.async_processor - INFO - [135/371] Processando: A Bueno
2026-01-28 16:08:42,879 - src.scrappers.google_scraper - INFO - Buscando: "A Bueno" Mogi Mirim
2026-01-28 16:08:53,973 - src.scrappers.google_scraper - INFO - Dados extraídos para A Bueno: {'telefone': '(19) 3862-1721', 'facebook_link': 'https://www.facebook.com/bueno.calcamentos/', 'site': None}
2026-01-28 16:08:54,099 - src.scrappers.facebook_scraper - INFO - Acessando Facebook: https://www.facebook.com/bueno.calcamentos/
2026-01-28 16:10:06,587 - src.scrappers.facebook_scraper - INFO - Email encontrado: buenocalcadas@hotmail.com
2026-01-28 16:10:06,589 - src.scrappers.facebook_scraper - INFO - WhatsApp encontrado: (19) 98189-9168
2026-01-28 16:10:06,590 - src.scrappers.facebook_scraper - INFO - Dados do Facebook extraídos: {'email': 'buenocalcadas@hotmail.com', 'celular_whatsapp': '(19) 98189-9168'}
2026-01-28 16:10:06,642 - src.processors.async_processor - INFO - Novo registro criado: A Bueno
2026-01-28 16:10:13,701 - __main__ - INFO - Iniciando: Moraes e Liberato
2026-01-28 16:10:13,713 - src.processors.async_processor - INFO - [136/371] Processando: Moraes e Liberato
2026-01-28 16:10:13,802 - src.scrappers.google_scraper - INFO - Buscando: "Moraes e Liberato" Mogi Mirim
2026-01-28 16:10:21,771 - src.scrappers.google_scraper - INFO - Dados extraídos para Moraes e Liberato: {'telefone': '8997-8449', 'facebook_link': None, 'site': None}
2026-01-28 16:10:21,808 - src.processors.async_processor - INFO - Novo registro criado: Moraes e Liberato
2026-01-28 16:10:25,155 - __main__ - INFO - Iniciando: SOUL
2026-01-28 16:10:25,162 - src.processors.async_processor - INFO - [137/371] Processando: SOUL
2026-01-28 16:10:25,263 - src.scrappers.google_scraper - INFO - Buscando: "SOUL" Mogi Mirim
2026-01-28 16:10:34,419 - src.scrappers.google_scraper - INFO - Dados extraídos para SOUL: {'telefone': '(19) 66869-1049', 'facebook_link': 'https://www.facebook.com/SoulClubBrasil/photos/', 'site': None}
2026-01-28 16:10:34,560 - src.scrappers.facebook_scraper - INFO - Acessando Facebook: https://www.facebook.com/SoulClubBrasil/photos/
2026-01-28 16:11:46,215 - src.scrappers.facebook_scraper - INFO - WhatsApp encontrado: (19) 99452-5426
2026-01-28 16:11:46,215 - src.scrappers.facebook_scraper - INFO - Dados do Facebook extraídos: {'email': None, 'celular_whatsapp': '(19) 99452-5426'}
2026-01-28 16:11:46,294 - src.processors.async_processor - INFO - Novo registro criado: SOUL
2026-01-28 16:11:52,717 - __main__ - INFO - Iniciando: Brecho Cida Stegani
2026-01-28 16:11:52,723 - src.processors.async_processor - INFO - [138/371] Processando: Brecho Cida Stegani
2026-01-28 16:11:52,839 - src.scrappers.google_scraper - INFO - Buscando: "Brecho Cida Stegani" Mogi Mirim
2026-01-28 16:12:01,041 - src.scrappers.google_scraper - INFO - Dados extraídos para Brecho Cida Stegani: {'telefone': '(19) 29518-4992', 'facebook_link': None, 'site': None}
2026-01-28 16:12:01,079 - src.processors.async_processor - INFO - Novo registro criado: Brecho Cida Stegani
2026-01-28 16:12:04,248 - __main__ - INFO - Iniciando: L C D servicos
2026-01-28 16:12:04,255 - src.processors.async_processor - INFO - [139/371] Processando: L C D servicos
2026-01-28 16:12:04,358 - src.scrappers.google_scraper - INFO - Buscando: "L C D servicos" Mogi Mirim
2026-01-28 16:12:12,688 - src.scrappers.google_scraper - INFO - Dados extraídos para L C D servicos: {'telefone': '8997-8449', 'facebook_link': None, 'site': None}
2026-01-28 16:12:12,726 - src.processors.async_processor - INFO - Novo registro criado: L C D servicos
2026-01-28 16:12:16,108 - __main__ - INFO - Iniciando: LA NATURA PRODUTOS NATURAIS
2026-01-28 16:12:16,114 - src.processors.async_processor - INFO - [140/371] Processando: LA NATURA PRODUTOS NATURAIS
2026-01-28 16:12:16,211 - src.scrappers.google_scraper - INFO - Buscando: "LA NATURA PRODUTOS NATURAIS" Mogi Mirim
2026-01-28 16:12:24,818 - src.scrappers.google_scraper - INFO - Dados extraídos para LA NATURA PRODUTOS NATURAIS: {'telefone': '(19) 97146-2055', 'facebook_link': 'https://www.facebook.com/lanaturapn/', 'site': None}
2026-01-28 16:12:24,968 - src.scrappers.facebook_scraper - INFO - Acessando Facebook: https://www.facebook.com/lanaturapn/
2026-01-28 16:13:37,187 - src.scrappers.facebook_scraper - INFO - Email encontrado: lanaturapn@gmail.com
2026-01-28 16:13:37,190 - src.scrappers.facebook_scraper - INFO - WhatsApp encontrado: (19) 91221-5888
2026-01-28 16:13:37,190 - src.scrappers.facebook_scraper - INFO - Dados do Facebook extraídos: {'email': 'lanaturapn@gmail.com', 'celular_whatsapp': '(19) 91221-5888'}
2026-01-28 16:13:37,218 - src.processors.async_processor - INFO - Novo registro criado: LA NATURA PRODUTOS NATURAIS
2026-01-28 16:13:41,904 - __main__ - INFO - Iniciando: A M MATERIAIS ELETRICOS
2026-01-28 16:13:41,911 - src.processors.async_processor - INFO - [141/371] Processando: A M MATERIAIS ELETRICOS
2026-01-28 16:13:42,045 - src.scrappers.google_scraper - INFO - Buscando: "A M MATERIAIS ELETRICOS" Mogi Mirim
2026-01-28 16:13:50,469 - src.scrappers.google_scraper - INFO - Dados extraídos para A M MATERIAIS ELETRICOS: {'telefone': '(19) 3022-1094', 'facebook_link': 'https://www.facebook.com/casadoeletricistamogimirim/', 'site': None}
2026-01-28 16:13:50,614 - src.scrappers.facebook_scraper - INFO - Acessando Facebook: https://www.facebook.com/casadoeletricistamogimirim/
2026-01-28 16:15:01,749 - src.scrappers.facebook_scraper - INFO - Email encontrado: casaeletricista@hotmail.com
2026-01-28 16:15:01,752 - src.scrappers.facebook_scraper - INFO - WhatsApp encontrado: (19) 95115-2795
2026-01-28 16:15:01,752 - src.scrappers.facebook_scraper - INFO - Dados do Facebook extraídos: {'email': 'casaeletricista@hotmail.com', 'celular_whatsapp': '(19) 95115-2795'}
2026-01-28 16:15:01,792 - src.processors.async_processor - INFO - Novo registro criado: A M MATERIAIS ELETRICOS
2026-01-28 16:15:01,857 - src.processors.async_processor - ERROR - Erro ao processar A M MATERIAIS ELETRICOS: App is not running
2026-01-28 16:15:04,449 - __main__ - ERROR - Erro durante processamento: App is not running
2026-01-28 16:15:24,468 - __main__ - INFO - Iniciando ExtractMogi
2026-01-28 16:15:24,803 - __main__ - INFO - Banco de dados inicializado
2026-01-28 16:15:26,417 - src.exporters.data_exporter - INFO - Exportação concluída: 68 empresas exportadas para exports\extractmogi_export_20260128_161526.csv
2026-01-28 16:15:26,419 - __main__ - INFO - Exportação realizada: exports\extractmogi_export_20260128_161526.csv
2026-01-30 21:37:31,767 - __main__ - INFO - Iniciando ExtractMogi
2026-01-30 21:37:32,460 - __main__ - INFO - Banco de dados inicializado
2026-01-30 21:37:52,146 - src.processors.async_processor - INFO - CSV lido com sucesso: 270 empresas encontradas
2026-01-30 21:37:52,147 - __main__ - INFO - CSV carregado: 20260124_140352_busca_mogi_perfil.csv com 270 empresas
2026-01-30 21:37:54,611 - __main__ - INFO - Iniciando processamento de empresas
2026-01-30 21:37:54,620 - src.processors.async_processor - INFO - CSV lido com sucesso: 270 empresas encontradas
2026-01-30 21:37:54,621 - src.processors.async_processor - INFO - Iniciando processamento assíncrono de 270 empresas
2026-01-30 21:38:12,610 - __main__ - INFO - Iniciando: DELLA PASTEL
2026-01-30 21:38:12,615 - src.processors.async_processor - INFO - [1/270] Processando: DELLA PASTEL
2026-01-30 21:38:20,091 - src.scrappers.google_scraper - INFO - Buscando: "DELLA PASTEL" Mogi Mirim
2026-01-30 21:38:26,055 - src.scrappers.google_scraper - WARNING - CAPTCHA detectado via seletor: form#captcha-form
2026-01-30 21:38:26,055 - src.processors.async_processor - WARNING - CAPTCHA detectado para: DELLA PASTEL
2026-01-30 21:38:26,102 - __main__ - WARNING - CAPTCHA: DELLA PASTEL - CAPTCHA detectado! Aguardando resolução manual...
2026-01-30 21:38:26,103 - src.scrappers.google_scraper - WARNING - CAPTCHA detectado! Aguardando intervenção humana...
2026-01-30 21:38:26,103 - src.scrappers.google_scraper - WARNING - ============================================================
2026-01-30 21:38:26,226 - src.scrappers.google_scraper - WARNING - ============================================================
2026-01-30 21:38:26,226 - src.scrappers.google_scraper - WARNING - Empresa: DELLA PASTEL
2026-01-30 21:38:26,226 - src.scrappers.google_scraper - WARNING - Instruções:
2026-01-30 21:38:26,226 - src.scrappers.google_scraper - WARNING - 1. Resolva o CAPTCHA manualmente na janela do navegador
2026-01-30 21:38:26,226 - src.scrappers.google_scraper - WARNING - 2. Aguarde até ver os resultados da busca aparecerem
2026-01-30 21:38:26,227 - src.scrappers.google_scraper - WARNING - 3. O script continuará automaticamente
2026-01-30 21:38:26,227 - src.scrappers.google_scraper - WARNING - ============================================================
2026-01-30 21:40:22,973 - src.scrappers.google_scraper - INFO - Dados extraídos para DELLA PASTEL: {'telefone': '(19) 61587-6862', 'facebook_link': 'https://www.facebook.com/profile.php', 'site': None}
2026-01-30 21:40:23,177 - src.scrappers.facebook_scraper - INFO - Acessando Facebook: https://www.facebook.com/profile.php
2026-01-30 21:40:30,886 - src.scrappers.facebook_scraper - INFO - Navegou para seção Sobre
2026-01-30 21:40:32,960 - src.scrappers.facebook_scraper - INFO - Dados do Facebook extraídos: {'email': None, 'celular_whatsapp': None}
2026-01-30 21:40:33,014 - src.processors.async_processor - INFO - Registro atualizado: DELLA PASTEL
2026-01-30 21:40:37,588 - __main__ - INFO - Iniciando: JEFFERSON BELLA
2026-01-30 21:40:37,593 - src.processors.async_processor - INFO - [2/270] Processando: JEFFERSON BELLA
2026-01-30 21:40:37,685 - src.scrappers.google_scraper - INFO - Buscando: "JEFFERSON BELLA" Mogi Mirim
2026-01-30 21:40:46,034 - src.scrappers.google_scraper - INFO - Dados extraídos para JEFFERSON BELLA: {'telefone': '8997-8449', 'facebook_link': None, 'site': None}
2026-01-30 21:40:46,061 - src.processors.async_processor - INFO - Registro atualizado: JEFFERSON BELLA
2026-01-30 21:40:50,491 - __main__ - INFO - Iniciando: HADASSA HAIR DESIGN E MODA FEMININA
2026-01-30 21:40:50,495 - src.processors.async_processor - INFO - [3/270] Processando: HADASSA HAIR DESIGN E MODA FEMININA
2026-01-30 21:40:50,591 - src.scrappers.google_scraper - INFO - Buscando: "HADASSA HAIR DESIGN E MODA FEMININA" Mogi Mirim
2026-01-30 21:40:59,819 - src.scrappers.google_scraper - INFO - Dados extraídos para HADASSA HAIR DESIGN E MODA FEMININA: {'telefone': '(19) 99782-0606', 'facebook_link': 'https://www.facebook.com/praheloisasantos', 'site': None}
2026-01-30 21:40:59,931 - src.scrappers.facebook_scraper - INFO - Acessando Facebook: https://www.facebook.com/praheloisasantos
2026-01-30 21:41:06,709 - src.scrappers.facebook_scraper - INFO - WhatsApp encontrado: (19) 99452-5426
2026-01-30 21:41:06,709 - src.scrappers.facebook_scraper - INFO - Dados do Facebook extraídos: {'email': None, 'celular_whatsapp': '(19) 99452-5426'}
2026-01-30 21:41:06,739 - src.processors.async_processor - INFO - Registro atualizado: HADASSA HAIR DESIGN E MODA FEMININA
2026-01-30 21:41:11,598 - __main__ - INFO - Iniciando: DABARAH
2026-01-30 21:41:11,601 - src.processors.async_processor - INFO - [4/270] Processando: DABARAH
2026-01-30 21:41:11,690 - src.scrappers.google_scraper - INFO - Buscando: "DABARAH" Mogi Mirim
2026-01-30 21:41:20,568 - src.scrappers.google_scraper - INFO - Dados extraídos para DABARAH: {'telefone': '(19) 4018-4319', 'facebook_link': 'https://www.facebook.com/karsmenia/mentions/', 'site': None}
2026-01-30 21:41:20,691 - src.scrappers.facebook_scraper - INFO - Acessando Facebook: https://www.facebook.com/karsmenia/mentions/
2026-01-30 21:42:33,353 - src.scrappers.facebook_scraper - INFO - WhatsApp encontrado: (19) 99452-5426
2026-01-30 21:42:33,354 - src.scrappers.facebook_scraper - INFO - Dados do Facebook extraídos: {'email': None, 'celular_whatsapp': '(19) 99452-5426'}
2026-01-30 21:42:33,383 - src.processors.async_processor - INFO - Registro atualizado: DABARAH
2026-01-30 21:42:39,439 - __main__ - INFO - Iniciando: L P VANS
2026-01-30 21:42:39,444 - src.processors.async_processor - INFO - [5/270] Processando: L P VANS
2026-01-30 21:42:39,543 - src.scrappers.google_scraper - INFO - Buscando: "L P VANS" Mogi Mirim
2026-01-30 21:42:47,483 - src.scrappers.google_scraper - INFO - Dados extraídos para L P VANS: {'telefone': '8997-8449', 'facebook_link': None, 'site': None}
2026-01-30 21:42:47,512 - src.processors.async_processor - INFO - Registro atualizado: L P VANS
2026-01-30 21:42:53,620 - __main__ - INFO - Iniciando: RICCI TECNOLOGIA
2026-01-30 21:42:53,623 - src.processors.async_processor - INFO - [6/270] Processando: RICCI TECNOLOGIA
2026-01-30 21:42:53,735 - src.scrappers.google_scraper - INFO - Buscando: "RICCI TECNOLOGIA" Mogi Mirim
2026-01-30 21:43:01,891 - src.scrappers.google_scraper - INFO - Dados extraídos para RICCI TECNOLOGIA: {'telefone': '8997-8449', 'facebook_link': None, 'site': None}
2026-01-30 21:43:01,913 - src.processors.async_processor - INFO - Registro atualizado: RICCI TECNOLOGIA
2026-01-30 21:43:08,168 - __main__ - INFO - Iniciando: BARRACA DA PRI
2026-01-30 21:43:08,173 - src.processors.async_processor - INFO - [7/270] Processando: BARRACA DA PRI
2026-01-30 21:43:08,351 - src.scrappers.google_scraper - INFO - Buscando: "BARRACA DA PRI" Mogi Mirim
2026-01-30 21:43:16,065 - src.scrappers.google_scraper - INFO - Dados extraídos para BARRACA DA PRI: {'telefone': '8997-8449', 'facebook_link': 'https://www.instagram.com/barracanordestinada/', 'site': None}
2026-01-30 21:43:16,253 - src.scrappers.facebook_scraper - INFO - Acessando Facebook: https://www.instagram.com/barracanordestinada/
2026-01-30 21:44:27,652 - src.scrappers.facebook_scraper - INFO - WhatsApp encontrado: (19) 99452-5426
2026-01-30 21:44:27,653 - src.scrappers.facebook_scraper - INFO - Dados do Facebook extraídos: {'email': None, 'celular_whatsapp': '(19) 99452-5426'}
2026-01-30 21:44:27,678 - src.processors.async_processor - INFO - Registro atualizado: BARRACA DA PRI
2026-01-30 21:44:33,573 - __main__ - INFO - Iniciando: JULIANO BARON SERVICOS MEDICOS
2026-01-30 21:44:33,578 - src.processors.async_processor - INFO - [8/270] Processando: JULIANO BARON SERVICOS MEDICOS
2026-01-30 21:44:33,729 - src.scrappers.google_scraper - INFO - Buscando: "JULIANO BARON SERVICOS MEDICOS" Mogi Mirim
2026-01-30 21:44:42,385 - src.scrappers.google_scraper - INFO - Dados extraídos para JULIANO BARON SERVICOS MEDICOS: {'telefone': '8997-8449', 'facebook_link': None, 'site': None}
2026-01-30 21:44:42,412 - src.processors.async_processor - INFO - Registro atualizado: JULIANO BARON SERVICOS MEDICOS
2026-01-30 21:44:49,393 - __main__ - INFO - Iniciando: RENZO TRANSPORTES
2026-01-30 21:44:49,409 - src.processors.async_processor - INFO - [9/270] Processando: RENZO TRANSPORTES
2026-01-30 21:44:49,541 - src.scrappers.google_scraper - INFO - Buscando: "RENZO TRANSPORTES" Mogi Mirim
2026-01-30 21:44:59,280 - src.scrappers.google_scraper - INFO - Dados extraídos para RENZO TRANSPORTES: {'telefone': '(19) 99158-6141', 'facebook_link': None, 'site': 'http://www.risso.com.br/'}
2026-01-30 21:44:59,300 - src.processors.async_processor - INFO - Registro atualizado: RENZO TRANSPORTES
2026-01-30 21:45:05,763 - __main__ - INFO - Iniciando: ZANCO MULT
2026-01-30 21:45:05,768 - src.processors.async_processor - INFO - [10/270] Processando: ZANCO MULT
2026-01-30 21:45:05,916 - src.scrappers.google_scraper - INFO - Buscando: "ZANCO MULT" Mogi Mirim
2026-01-30 21:45:13,923 - src.scrappers.google_scraper - INFO - Dados extraídos para ZANCO MULT: {'telefone': '8997-8449', 'facebook_link': None, 'site': None}
2026-01-30 21:45:13,942 - src.processors.async_processor - INFO - Registro atualizado: ZANCO MULT
2026-01-30 21:45:20,042 - __main__ - INFO - Iniciando: FRACTAL
2026-01-30 21:45:20,047 - src.processors.async_processor - INFO - [11/270] Processando: FRACTAL
2026-01-30 21:45:20,210 - src.scrappers.google_scraper - INFO - Buscando: "FRACTAL" Mogi Mirim
2026-01-30 21:45:28,458 - src.scrappers.google_scraper - INFO - Dados extraídos para FRACTAL: {'telefone': '8997-8449', 'facebook_link': 'https://www.instagram.com/fractalcultural/', 'site': None}
2026-01-30 21:45:28,767 - src.scrappers.facebook_scraper - INFO - Acessando Facebook: https://www.instagram.com/fractalcultural/
2026-01-30 21:46:40,028 - src.scrappers.facebook_scraper - INFO - WhatsApp encontrado: (19) 97142-5372
2026-01-30 21:46:40,028 - src.scrappers.facebook_scraper - INFO - Dados do Facebook extraídos: {'email': None, 'celular_whatsapp': '(19) 97142-5372'}
2026-01-30 21:46:40,050 - src.processors.async_processor - INFO - Registro atualizado: FRACTAL
2026-01-30 21:46:44,940 - __main__ - INFO - Iniciando: STUDIO EVA
2026-01-30 21:46:44,945 - src.processors.async_processor - INFO - [12/270] Processando: STUDIO EVA
2026-01-30 21:46:45,110 - src.scrappers.google_scraper - INFO - Buscando: "STUDIO EVA" Mogi Mirim
2026-01-30 21:46:53,682 - src.scrappers.google_scraper - INFO - Dados extraídos para STUDIO EVA: {'telefone': '(19) 3022-1817', 'facebook_link': 'https://www.instagram.com/store_lg14/', 'site': None}
2026-01-30 21:46:53,861 - src.scrappers.facebook_scraper - INFO - Acessando Facebook: https://www.instagram.com/store_lg14/
2026-01-30 21:48:05,273 - src.scrappers.facebook_scraper - INFO - WhatsApp encontrado: (19) 99452-5426
2026-01-30 21:48:05,273 - src.scrappers.facebook_scraper - INFO - Dados do Facebook extraídos: {'email': None, 'celular_whatsapp': '(19) 99452-5426'}
2026-01-30 21:48:05,295 - src.processors.async_processor - INFO - Registro atualizado: STUDIO EVA
2026-01-30 21:48:10,957 - __main__ - INFO - Iniciando: TUCURAS BAR
2026-01-30 21:48:10,968 - src.processors.async_processor - INFO - [13/270] Processando: TUCURAS BAR
2026-01-30 21:48:11,100 - src.scrappers.google_scraper - INFO - Buscando: "TUCURAS BAR" Mogi Mirim
2026-01-30 21:48:21,379 - src.scrappers.google_scraper - INFO - Dados extraídos para TUCURAS BAR: {'telefone': '8997-8449', 'facebook_link': 'https://www.instagram.com/quintalnoinsta/', 'site': None}
2026-01-30 21:48:21,591 - src.scrappers.facebook_scraper - INFO - Acessando Facebook: https://www.instagram.com/quintalnoinsta/
2026-01-30 21:49:32,640 - src.scrappers.facebook_scraper - INFO - WhatsApp encontrado: (19) 96435-0777
2026-01-30 21:49:32,640 - src.scrappers.facebook_scraper - INFO - Dados do Facebook extraídos: {'email': None, 'celular_whatsapp': '(19) 96435-0777'}
2026-01-30 21:49:32,658 - src.processors.async_processor - INFO - Registro atualizado: TUCURAS BAR
2026-01-30 21:49:37,329 - __main__ - INFO - Iniciando: BORGES & PRADOS REPRESENTACOES COMERCIAIS LTDA
2026-01-30 21:49:37,331 - src.processors.async_processor - INFO - [14/270] Processando: BORGES & PRADOS REPRESENTACOES COMERCIAIS LTDA
2026-01-30 21:49:37,474 - src.scrappers.google_scraper - INFO - Buscando: "BORGES & PRADOS REPRESENTACOES COMERCIAIS LTDA" Mogi Mirim
2026-01-30 21:49:46,983 - src.scrappers.google_scraper - INFO - Dados extraídos para BORGES & PRADOS REPRESENTACOES COMERCIAIS LTDA: {'telefone': '8997-8449', 'facebook_link': 'https://www.instagram.com/borges/', 'site': None}
2026-01-30 21:49:47,219 - src.scrappers.facebook_scraper - INFO - Acessando Facebook: https://www.instagram.com/borges/
2026-01-30 21:50:58,212 - src.scrappers.facebook_scraper - INFO - WhatsApp encontrado: (19) 99452-5426
2026-01-30 21:50:58,212 - src.scrappers.facebook_scraper - INFO - Dados do Facebook extraídos: {'email': None, 'celular_whatsapp': '(19) 99452-5426'}
2026-01-30 21:50:58,234 - src.processors.async_processor - INFO - Registro atualizado: BORGES & PRADOS REPRESENTACOES COMERCIAIS LTDA
2026-01-30 21:51:05,269 - __main__ - INFO - Iniciando: JGF ADMINISTRACAO
2026-01-30 21:51:05,283 - src.processors.async_processor - INFO - [15/270] Processando: JGF ADMINISTRACAO
2026-01-30 21:51:05,429 - src.scrappers.google_scraper - INFO - Buscando: "JGF ADMINISTRACAO" Mogi Mirim
2026-01-30 21:51:14,556 - src.scrappers.google_scraper - INFO - Dados extraídos para JGF ADMINISTRACAO: {'telefone': '8997-8449', 'facebook_link': None, 'site': None}
2026-01-30 21:51:14,583 - src.processors.async_processor - INFO - Registro atualizado: JGF ADMINISTRACAO
2026-01-30 21:51:21,278 - __main__ - INFO - Iniciando: CAM TREINAMENTOS
2026-01-30 21:51:21,283 - src.processors.async_processor - INFO - [16/270] Processando: CAM TREINAMENTOS
2026-01-30 21:51:21,427 - src.scrappers.google_scraper - INFO - Buscando: "CAM TREINAMENTOS" Mogi Mirim
2026-01-30 21:51:30,166 - src.scrappers.google_scraper - INFO - Dados extraídos para CAM TREINAMENTOS: {'telefone': '(19) 98244-4609', 'facebook_link': None, 'site': None}
2026-01-30 21:51:30,190 - src.processors.async_processor - INFO - Registro atualizado: CAM TREINAMENTOS
2026-01-30 21:51:36,004 - __main__ - INFO - Iniciando: AGEISA ESTETICA
2026-01-30 21:51:36,009 - src.processors.async_processor - INFO - [17/270] Processando: AGEISA ESTETICA
2026-01-30 21:51:36,168 - src.scrappers.google_scraper - INFO - Buscando: "AGEISA ESTETICA" Mogi Mirim
2026-01-30 21:51:43,830 - src.scrappers.google_scraper - INFO - Dados extraídos para AGEISA ESTETICA: {'telefone': '(19) 8149-5854', 'facebook_link': 'https://www.instagram.com/cintiagodoyestetica/', 'site': 'https://jbesteticaavancada.com.br/'}
2026-01-30 21:51:44,033 - src.scrappers.facebook_scraper - INFO - Acessando Facebook: https://www.instagram.com/cintiagodoyestetica/
2026-01-30 21:52:55,203 - src.scrappers.facebook_scraper - INFO - WhatsApp encontrado: (19) 91240-5339
2026-01-30 21:52:55,203 - src.scrappers.facebook_scraper - INFO - Dados do Facebook extraídos: {'email': None, 'celular_whatsapp': '(19) 91240-5339'}
2026-01-30 21:52:55,224 - src.processors.async_processor - INFO - Registro atualizado: AGEISA ESTETICA
2026-01-30 21:52:59,775 - __main__ - INFO - Iniciando: AZELI
2026-01-30 21:52:59,780 - src.processors.async_processor - INFO - [18/270] Processando: AZELI
2026-01-30 21:52:59,944 - src.scrappers.google_scraper - INFO - Buscando: "AZELI" Mogi Mirim
2026-01-30 21:53:10,373 - src.scrappers.google_scraper - INFO - Dados extraídos para AZELI: {'telefone': '(19) 3804-2417', 'facebook_link': 'https://www.instagram.com/reel/DQH7vBykT9L/', 'site': None}
2026-01-30 21:53:10,562 - src.scrappers.facebook_scraper - INFO - Acessando Facebook: https://www.instagram.com/reel/DQH7vBykT9L/
2026-01-30 21:54:21,923 - src.scrappers.facebook_scraper - INFO - WhatsApp encontrado: (19) 93051-1966
2026-01-30 21:54:21,923 - src.scrappers.facebook_scraper - INFO - Dados do Facebook extraídos: {'email': None, 'celular_whatsapp': '(19) 93051-1966'}
2026-01-30 21:54:21,946 - src.processors.async_processor - INFO - Registro atualizado: AZELI
2026-01-30 21:54:26,172 - __main__ - INFO - Iniciando: SIMIONI SPORTS
2026-01-30 21:54:26,178 - src.processors.async_processor - INFO - [19/270] Processando: SIMIONI SPORTS
2026-01-30 21:54:26,336 - src.scrappers.google_scraper - INFO - Buscando: "SIMIONI SPORTS" Mogi Mirim
2026-01-30 21:54:34,821 - src.scrappers.google_scraper - INFO - Dados extraídos para SIMIONI SPORTS: {'telefone': '8997-8449', 'facebook_link': None, 'site': None}
2026-01-30 21:54:34,840 - src.processors.async_processor - INFO - Registro atualizado: SIMIONI SPORTS
2026-01-30 21:54:41,619 - __main__ - INFO - Iniciando: OKTW SEMIJOIAS
2026-01-30 21:54:41,624 - src.processors.async_processor - INFO - [20/270] Processando: OKTW SEMIJOIAS
2026-01-30 21:54:41,756 - src.scrappers.google_scraper - INFO - Buscando: "OKTW SEMIJOIAS" Mogi Mirim
2026-01-30 21:54:50,935 - src.scrappers.google_scraper - INFO - Dados extraídos para OKTW SEMIJOIAS: {'telefone': '(19) 99911-6023', 'facebook_link': 'https://www.facebook.com/marysemijoiasoficial/', 'site': None}
2026-01-30 21:54:51,126 - src.scrappers.facebook_scraper - INFO - Acessando Facebook: https://www.facebook.com/marysemijoiasoficial/
2026-01-30 21:56:03,466 - src.scrappers.facebook_scraper - INFO - Email encontrado: contato@marysemijoias.com.br
2026-01-30 21:56:03,469 - src.scrappers.facebook_scraper - INFO - WhatsApp encontrado: (19) 99452-5426
2026-01-30 21:56:03,469 - src.scrappers.facebook_scraper - INFO - Dados do Facebook extraídos: {'email': 'contato@marysemijoias.com.br', 'celular_whatsapp': '(19) 99452-5426'}
2026-01-30 21:56:03,492 - src.processors.async_processor - INFO - Registro atualizado: OKTW SEMIJOIAS
2026-01-30 21:56:10,659 - __main__ - INFO - Iniciando: MA SORVETES
2026-01-30 21:56:10,664 - src.processors.async_processor - INFO - [21/270] Processando: MA SORVETES
2026-01-30 21:56:10,819 - src.scrappers.google_scraper - INFO - Buscando: "MA SORVETES" Mogi Mirim
2026-01-30 21:56:20,567 - src.scrappers.google_scraper - INFO - Dados extraídos para MA SORVETES: {'telefone': '(19) 3552-9099', 'facebook_link': None, 'site': None}
2026-01-30 21:56:20,588 - src.processors.async_processor - INFO - Registro atualizado: MA SORVETES
2026-01-30 21:56:24,105 - __main__ - INFO - Iniciando: HANNDS
2026-01-30 21:56:24,110 - src.processors.async_processor - INFO - [22/270] Processando: HANNDS
2026-01-30 21:56:24,255 - src.scrappers.google_scraper - INFO - Buscando: "HANNDS" Mogi Mirim
2026-01-30 21:56:39,025 - src.scrappers.google_scraper - INFO - Dados extraídos para HANNDS: {'telefone': '(19) 3549-4544', 'facebook_link': 'https://www.instagram.com/hanndspizza/', 'site': 'https://donrafaellopizzaria.com.br/donrafaello-analiafranco'}
2026-01-30 21:56:39,253 - src.scrappers.facebook_scraper - INFO - Acessando Facebook: https://www.instagram.com/hanndspizza/
2026-01-30 21:57:50,656 - src.scrappers.facebook_scraper - INFO - WhatsApp encontrado: (19) 99240-0077
2026-01-30 21:57:50,658 - src.scrappers.facebook_scraper - INFO - Dados do Facebook extraídos: {'email': None, 'celular_whatsapp': '(19) 99240-0077'}
2026-01-30 21:57:50,679 - src.processors.async_processor - INFO - Registro atualizado: HANNDS
2026-01-30 21:57:55,692 - __main__ - INFO - Iniciando: AAC AR CONDICIONADO E CLIMATIZADORES
2026-01-30 21:57:55,698 - src.processors.async_processor - INFO - [23/270] Processando: AAC AR CONDICIONADO E CLIMATIZADORES
2026-01-30 21:57:55,871 - src.scrappers.google_scraper - INFO - Buscando: "AAC AR CONDICIONADO E CLIMATIZADORES" Mogi Mirim
2026-01-30 21:58:05,477 - src.scrappers.google_scraper - INFO - Dados extraídos para AAC AR CONDICIONADO E CLIMATIZADORES: {'telefone': '(19) 3806-3015', 'facebook_link': None, 'site': None}
2026-01-30 21:58:05,502 - src.processors.async_processor - INFO - Registro atualizado: AAC AR CONDICIONADO E CLIMATIZADORES
2026-01-30 21:58:09,036 - __main__ - INFO - Iniciando: CINTHIA VANESSA DA SILVA
2026-01-30 21:58:09,042 - src.processors.async_processor - INFO - [24/270] Processando: CINTHIA VANESSA DA SILVA
2026-01-30 21:58:09,229 - src.scrappers.google_scraper - INFO - Buscando: "CINTHIA VANESSA DA SILVA" Mogi Mirim
2026-01-30 21:58:18,438 - src.scrappers.google_scraper - INFO - Dados extraídos para CINTHIA VANESSA DA SILVA: {'telefone': '(19) 5405-6923', 'facebook_link': None, 'site': None}
2026-01-30 21:58:18,458 - src.processors.async_processor - INFO - Registro atualizado: CINTHIA VANESSA DA SILVA
2026-01-30 21:58:23,143 - __main__ - INFO - Iniciando: LT VENDAS
2026-01-30 21:58:23,147 - src.processors.async_processor - INFO - [25/270] Processando: LT VENDAS
2026-01-30 21:58:23,292 - src.scrappers.google_scraper - INFO - Buscando: "LT VENDAS" Mogi Mirim
2026-01-30 21:58:31,887 - src.scrappers.google_scraper - INFO - Dados extraídos para LT VENDAS: {'telefone': '8997-8449', 'facebook_link': None, 'site': None}
2026-01-30 21:58:31,911 - src.processors.async_processor - INFO - Registro atualizado: LT VENDAS
2026-01-30 21:58:38,152 - __main__ - INFO - Iniciando: RAFAELLI TRANSPORTES
2026-01-30 21:58:38,156 - src.processors.async_processor - INFO - [26/270] Processando: RAFAELLI TRANSPORTES
2026-01-30 21:58:38,322 - src.scrappers.google_scraper - INFO - Buscando: "RAFAELLI TRANSPORTES" Mogi Mirim
2026-01-30 21:58:46,977 - src.scrappers.google_scraper - INFO - Dados extraídos para RAFAELLI TRANSPORTES: {'telefone': '(19) 3022-1917', 'facebook_link': 'https://www.instagram.com/reel/DHUN5LYudup/', 'site': None}
2026-01-30 21:58:47,201 - src.scrappers.facebook_scraper - INFO - Acessando Facebook: https://www.instagram.com/reel/DHUN5LYudup/
2026-01-30 21:59:58,601 - src.scrappers.facebook_scraper - INFO - WhatsApp encontrado: (19) 99452-5426
2026-01-30 21:59:58,602 - src.scrappers.facebook_scraper - INFO - Dados do Facebook extraídos: {'email': None, 'celular_whatsapp': '(19) 99452-5426'}
2026-01-30 21:59:58,631 - src.processors.async_processor - INFO - Registro atualizado: RAFAELLI TRANSPORTES
2026-01-30 22:00:05,583 - __main__ - INFO - Iniciando: LPA LOGISTICA E TRANSPORTES
2026-01-30 22:00:05,584 - src.processors.async_processor - INFO - [27/270] Processando: LPA LOGISTICA E TRANSPORTES
2026-01-30 22:00:05,730 - src.scrappers.google_scraper - INFO - Buscando: "LPA LOGISTICA E TRANSPORTES" Mogi Mirim
2026-01-30 22:00:15,659 - src.scrappers.google_scraper - INFO - Dados extraídos para LPA LOGISTICA E TRANSPORTES: {'telefone': '(19) 3806-4289', 'facebook_link': None, 'site': 'https://www.lpalogistica.com.br/'}
2026-01-30 22:00:15,687 - src.processors.async_processor - INFO - Registro atualizado: LPA LOGISTICA E TRANSPORTES
2026-01-30 22:00:21,868 - __main__ - INFO - Iniciando: WG MOTOS
2026-01-30 22:00:21,877 - src.processors.async_processor - INFO - [28/270] Processando: WG MOTOS
2026-01-30 22:00:22,030 - src.scrappers.google_scraper - INFO - Buscando: "WG MOTOS" Mogi Mirim
2026-01-30 22:00:30,606 - src.scrappers.google_scraper - INFO - Dados extraídos para WG MOTOS: {'telefone': '(19) 8168-1044', 'facebook_link': None, 'site': None}
2026-01-30 22:00:30,659 - src.processors.async_processor - INFO - Registro atualizado: WG MOTOS
2026-01-30 22:00:35,458 - __main__ - INFO - Iniciando: Waguinho Nutrigco Animal
2026-01-30 22:00:35,462 - src.processors.async_processor - INFO - [29/270] Processando: Waguinho Nutrigco Animal
2026-01-30 22:00:35,602 - src.scrappers.google_scraper - INFO - Buscando: "Waguinho Nutrigco Animal" Mogi Mirim
2026-01-30 22:00:44,617 - src.scrappers.google_scraper - INFO - Dados extraídos para Waguinho Nutrigco Animal: {'telefone': '(19) 98458-1418', 'facebook_link': None, 'site': 'http://www.nutrimedsaudeanimal.com.br/'}
2026-01-30 22:00:44,637 - src.processors.async_processor - INFO - Registro atualizado: Waguinho Nutrigco Animal
2026-01-30 22:00:48,746 - __main__ - INFO - Iniciando: GCS JARDINAGEM
2026-01-30 22:00:48,766 - src.processors.async_processor - INFO - [30/270] Processando: GCS JARDINAGEM
2026-01-30 22:00:48,918 - src.scrappers.google_scraper - INFO - Buscando: "GCS JARDINAGEM" Mogi Mirim
2026-01-30 22:00:57,077 - src.scrappers.google_scraper - INFO - Dados extraídos para GCS JARDINAGEM: {'telefone': '(19) 97108-7966', 'facebook_link': None, 'site': None}
2026-01-30 22:00:57,098 - src.processors.async_processor - INFO - Registro atualizado: GCS JARDINAGEM
2026-01-30 22:01:03,010 - __main__ - INFO - Iniciando: GRSA
2026-01-30 22:01:03,013 - src.processors.async_processor - INFO - [31/270] Processando: GRSA
2026-01-30 22:01:03,181 - src.scrappers.google_scraper - INFO - Buscando: "GRSA" Mogi Mirim
2026-01-30 22:01:11,993 - src.scrappers.google_scraper - INFO - Dados extraídos para GRSA: {'telefone': '8997-8449', 'facebook_link': 'https://www.instagram.com/reel/DIOhH1UIdra/', 'site': None}
2026-01-30 22:01:12,154 - src.scrappers.facebook_scraper - INFO - Acessando Facebook: https://www.instagram.com/reel/DIOhH1UIdra/
2026-01-30 22:02:23,415 - src.scrappers.facebook_scraper - INFO - WhatsApp encontrado: (19) 91536-3014
2026-01-30 22:02:23,415 - src.scrappers.facebook_scraper - INFO - Dados do Facebook extraídos: {'email': None, 'celular_whatsapp': '(19) 91536-3014'}
2026-01-30 22:02:23,434 - src.processors.async_processor - INFO - Registro atualizado: GRSA
2026-01-30 22:02:30,493 - __main__ - INFO - Iniciando: MC LANCHES
2026-01-30 22:02:30,495 - src.processors.async_processor - INFO - [32/270] Processando: MC LANCHES
2026-01-30 22:02:30,646 - src.scrappers.google_scraper - INFO - Buscando: "MC LANCHES" Mogi Mirim
2026-01-30 22:02:39,584 - src.scrappers.google_scraper - INFO - Dados extraídos para MC LANCHES: {'telefone': '(19) 98320-5775', 'facebook_link': 'https://www.instagram.com/mclanchesmogi/', 'site': None}
2026-01-30 22:02:39,791 - src.scrappers.facebook_scraper - INFO - Acessando Facebook: https://www.instagram.com/mclanchesmogi/
2026-01-30 22:03:50,832 - src.scrappers.facebook_scraper - INFO - WhatsApp encontrado: (19) 98320-5775
2026-01-30 22:03:50,832 - src.scrappers.facebook_scraper - INFO - Dados do Facebook extraídos: {'email': None, 'celular_whatsapp': '(19) 98320-5775'}
2026-01-30 22:03:50,849 - src.processors.async_processor - INFO - Registro atualizado: MC LANCHES
2026-01-30 22:03:56,657 - __main__ - INFO - Iniciando: MARCOS VINICIUS DOS REIS CORREA
2026-01-30 22:03:56,659 - src.processors.async_processor - INFO - [33/270] Processando: MARCOS VINICIUS DOS REIS CORREA
2026-01-30 22:03:56,815 - src.scrappers.google_scraper - INFO - Buscando: "MARCOS VINICIUS DOS REIS CORREA" Mogi Mirim
2026-01-30 22:04:06,329 - src.scrappers.google_scraper - INFO - Dados extraídos para MARCOS VINICIUS DOS REIS CORREA: {'telefone': '8997-8449', 'facebook_link': None, 'site': None}
2026-01-30 22:04:06,349 - src.processors.async_processor - INFO - Registro atualizado: MARCOS VINICIUS DOS REIS CORREA
2026-01-30 22:04:12,536 - __main__ - INFO - Iniciando: A Bueno
2026-01-30 22:04:12,543 - src.processors.async_processor - INFO - [34/270] Processando: A Bueno
2026-01-30 22:04:12,687 - src.scrappers.google_scraper - INFO - Buscando: "A Bueno" Mogi Mirim
2026-01-30 22:04:21,296 - src.scrappers.google_scraper - INFO - Dados extraídos para A Bueno: {'telefone': '(19) 98423-4787', 'facebook_link': 'https://www.facebook.com/bueno.calcamentos/', 'site': None}
2026-01-30 22:04:21,479 - src.scrappers.facebook_scraper - INFO - Acessando Facebook: https://www.facebook.com/bueno.calcamentos/
2026-01-30 22:05:33,815 - src.scrappers.facebook_scraper - INFO - Email encontrado: buenocalcadas@hotmail.com
2026-01-30 22:05:33,816 - src.scrappers.facebook_scraper - INFO - WhatsApp encontrado: (19) 98189-9168
2026-01-30 22:05:33,816 - src.scrappers.facebook_scraper - INFO - Dados do Facebook extraídos: {'email': 'buenocalcadas@hotmail.com', 'celular_whatsapp': '(19) 98189-9168'}
2026-01-30 22:05:33,844 - src.processors.async_processor - INFO - Registro atualizado: A Bueno
2026-01-30 22:05:38,513 - __main__ - INFO - Iniciando: Moraes e Liberato
2026-01-30 22:05:38,517 - src.processors.async_processor - INFO - [35/270] Processando: Moraes e Liberato
2026-01-30 22:05:38,660 - src.scrappers.google_scraper - INFO - Buscando: "Moraes e Liberato" Mogi Mirim
2026-01-30 22:05:46,794 - src.scrappers.google_scraper - INFO - Dados extraídos para Moraes e Liberato: {'telefone': '8997-8449', 'facebook_link': None, 'site': None}
2026-01-30 22:05:46,815 - src.processors.async_processor - INFO - Registro atualizado: Moraes e Liberato
2026-01-30 22:05:51,117 - __main__ - INFO - Iniciando: SOUL
2026-01-30 22:05:51,125 - src.processors.async_processor - INFO - [36/270] Processando: SOUL
2026-01-30 22:05:51,299 - src.scrappers.google_scraper - INFO - Buscando: "SOUL" Mogi Mirim
2026-01-30 22:06:00,836 - src.scrappers.google_scraper - INFO - Dados extraídos para SOUL: {'telefone': '(19) 66869-1049', 'facebook_link': 'https://www.instagram.com/reel/DS09Ky0kexL/', 'site': None}
2026-01-30 22:06:01,028 - src.scrappers.facebook_scraper - INFO - Acessando Facebook: https://www.instagram.com/reel/DS09Ky0kexL/
2026-01-30 22:07:12,076 - src.scrappers.facebook_scraper - INFO - WhatsApp encontrado: (19) 97185-4608
2026-01-30 22:07:12,076 - src.scrappers.facebook_scraper - INFO - Dados do Facebook extraídos: {'email': None, 'celular_whatsapp': '(19) 97185-4608'}
2026-01-30 22:07:12,095 - src.processors.async_processor - INFO - Registro atualizado: SOUL
2026-01-30 22:07:19,073 - __main__ - INFO - Iniciando: Brecho Cida Stegani
2026-01-30 22:07:19,079 - src.processors.async_processor - INFO - [37/270] Processando: Brecho Cida Stegani
2026-01-30 22:07:19,232 - src.scrappers.google_scraper - INFO - Buscando: "Brecho Cida Stegani" Mogi Mirim
2026-01-30 22:07:28,589 - src.scrappers.google_scraper - INFO - Dados extraídos para Brecho Cida Stegani: {'telefone': '(19) 98720-0896', 'facebook_link': None, 'site': None}
2026-01-30 22:07:28,627 - src.processors.async_processor - INFO - Registro atualizado: Brecho Cida Stegani
2026-01-30 22:07:34,124 - __main__ - INFO - Iniciando: L C D servicos
2026-01-30 22:07:34,134 - src.processors.async_processor - INFO - [38/270] Processando: L C D servicos
2026-01-30 22:07:34,266 - src.scrappers.google_scraper - INFO - Buscando: "L C D servicos" Mogi Mirim
2026-01-30 22:07:42,467 - src.scrappers.google_scraper - INFO - Dados extraídos para L C D servicos: {'telefone': '8997-8449', 'facebook_link': None, 'site': None}
2026-01-30 22:07:42,490 - src.processors.async_processor - INFO - Registro atualizado: L C D servicos
2026-01-30 22:07:46,225 - __main__ - INFO - Iniciando: LA NATURA PRODUTOS NATURAIS
2026-01-30 22:07:46,244 - src.processors.async_processor - INFO - [39/270] Processando: LA NATURA PRODUTOS NATURAIS
2026-01-30 22:07:46,397 - src.scrappers.google_scraper - INFO - Buscando: "LA NATURA PRODUTOS NATURAIS" Mogi Mirim
2026-01-30 22:07:56,312 - src.scrappers.google_scraper - INFO - Dados extraídos para LA NATURA PRODUTOS NATURAIS: {'telefone': '(19) 97146-2055', 'facebook_link': 'https://www.facebook.com/lanaturapn/', 'site': None}
2026-01-30 22:07:56,515 - src.scrappers.facebook_scraper - INFO - Acessando Facebook: https://www.facebook.com/lanaturapn/
2026-01-30 22:09:08,979 - src.scrappers.facebook_scraper - INFO - Email encontrado: lanaturapn@gmail.com
2026-01-30 22:09:08,982 - src.scrappers.facebook_scraper - INFO - WhatsApp encontrado: (19) 91221-5888
2026-01-30 22:09:08,983 - src.scrappers.facebook_scraper - INFO - Dados do Facebook extraídos: {'email': 'lanaturapn@gmail.com', 'celular_whatsapp': '(19) 91221-5888'}
2026-01-30 22:09:09,010 - src.processors.async_processor - INFO - Registro atualizado: LA NATURA PRODUTOS NATURAIS
2026-01-30 22:09:13,171 - __main__ - INFO - Iniciando: A M MATERIAIS ELETRICOS
2026-01-30 22:09:13,179 - src.processors.async_processor - INFO - [40/270] Processando: A M MATERIAIS ELETRICOS
2026-01-30 22:09:13,341 - src.scrappers.google_scraper - INFO - Buscando: "A M MATERIAIS ELETRICOS" Mogi Mirim
2026-01-30 22:09:23,090 - src.scrappers.google_scraper - INFO - Dados extraídos para A M MATERIAIS ELETRICOS: {'telefone': '(19) 3022-1094', 'facebook_link': 'https://www.facebook.com/casadoeletricistamogimirim/', 'site': None}
2026-01-30 22:09:23,297 - src.scrappers.facebook_scraper - INFO - Acessando Facebook: https://www.facebook.com/casadoeletricistamogimirim/
2026-01-30 22:10:35,595 - src.scrappers.facebook_scraper - INFO - Email encontrado: casaeletricista@hotmail.com
2026-01-30 22:10:35,598 - src.scrappers.facebook_scraper - INFO - WhatsApp encontrado: (19) 95115-2795
2026-01-30 22:10:35,598 - src.scrappers.facebook_scraper - INFO - Dados do Facebook extraídos: {'email': 'casaeletricista@hotmail.com', 'celular_whatsapp': '(19) 95115-2795'}
2026-01-30 22:10:35,623 - src.processors.async_processor - INFO - Registro atualizado: A M MATERIAIS ELETRICOS
2026-01-30 22:10:39,999 - __main__ - INFO - Iniciando: INSUL GLASS
2026-01-30 22:10:40,008 - src.processors.async_processor - INFO - [41/270] Processando: INSUL GLASS
2026-01-30 22:10:40,160 - src.scrappers.google_scraper - INFO - Buscando: "INSUL GLASS" Mogi Mirim
2026-01-30 22:10:49,042 - src.scrappers.google_scraper - INFO - Dados extraídos para INSUL GLASS: {'telefone': '(19) 8209-7928', 'facebook_link': 'https://www.instagram.com/insul.glass/', 'site': 'https://insulglassvidros.com.br/'}
2026-01-30 22:10:49,193 - src.scrappers.facebook_scraper - INFO - Acessando Facebook: https://www.instagram.com/insul.glass/
2026-01-30 22:12:00,247 - src.scrappers.facebook_scraper - INFO - Email encontrado: bryan.kasperski@insulglassvidros.com.br
2026-01-30 22:12:00,248 - src.scrappers.facebook_scraper - INFO - WhatsApp encontrado: (19) 98209-7928
2026-01-30 22:12:00,248 - src.scrappers.facebook_scraper - INFO - Dados do Facebook extraídos: {'email': 'bryan.kasperski@insulglassvidros.com.br', 'celular_whatsapp': '(19) 98209-7928'}
2026-01-30 22:12:00,270 - src.processors.async_processor - INFO - Novo registro criado: INSUL GLASS
2026-01-30 22:12:03,715 - __main__ - INFO - Iniciando: MARIA FAXINAS
2026-01-30 22:12:03,731 - src.processors.async_processor - INFO - [42/270] Processando: MARIA FAXINAS
2026-01-30 22:12:03,888 - src.scrappers.google_scraper - INFO - Buscando: "MARIA FAXINAS" Mogi Mirim
2026-01-30 22:12:13,368 - src.scrappers.google_scraper - INFO - Dados extraídos para MARIA FAXINAS: {'telefone': '(19) 3549-9365', 'facebook_link': 'https://www.instagram.com/reel/DEUpxDVOFUa/', 'site': 'https://mariabrasileira.com.br/unidade/mogi_das_cruzes'}
2026-01-30 22:12:13,557 - src.scrappers.facebook_scraper - INFO - Acessando Facebook: https://www.instagram.com/reel/DEUpxDVOFUa/
2026-01-30 22:13:24,754 - src.scrappers.facebook_scraper - INFO - WhatsApp encontrado: (19) 99452-5426
2026-01-30 22:13:24,754 - src.scrappers.facebook_scraper - INFO - Dados do Facebook extraídos: {'email': None, 'celular_whatsapp': '(19) 99452-5426'}
2026-01-30 22:13:24,776 - src.processors.async_processor - INFO - Novo registro criado: MARIA FAXINAS
2026-01-30 22:13:30,798 - __main__ - INFO - Iniciando: DAMI CITRUS
2026-01-30 22:13:30,799 - src.processors.async_processor - INFO - [43/270] Processando: DAMI CITRUS
2026-01-30 22:13:30,947 - src.scrappers.google_scraper - INFO - Buscando: "DAMI CITRUS" Mogi Mirim
2026-01-30 22:13:39,641 - src.scrappers.google_scraper - INFO - Dados extraídos para DAMI CITRUS: {'telefone': '(19) 9979-5035', 'facebook_link': 'https://www.facebook.com/jeferson.guerra.vip/', 'site': None}
2026-01-30 22:13:39,805 - src.scrappers.facebook_scraper - INFO - Acessando Facebook: https://www.facebook.com/jeferson.guerra.vip/
2026-01-30 22:13:47,006 - src.scrappers.facebook_scraper - INFO - WhatsApp encontrado: (19) 98455-1110
2026-01-30 22:13:47,006 - src.scrappers.facebook_scraper - INFO - Dados do Facebook extraídos: {'email': None, 'celular_whatsapp': '(19) 98455-1110'}
2026-01-30 22:13:47,031 - src.processors.async_processor - INFO - Novo registro criado: DAMI CITRUS
2026-01-30 22:13:53,846 - __main__ - INFO - Iniciando: TEODORO CONSULTORIA E FERRAMENTARIA
2026-01-30 22:13:53,848 - src.processors.async_processor - INFO - [44/270] Processando: TEODORO CONSULTORIA E FERRAMENTARIA
2026-01-30 22:13:54,004 - src.scrappers.google_scraper - INFO - Buscando: "TEODORO CONSULTORIA E FERRAMENTARIA" Mogi Mirim
2026-01-30 22:14:03,305 - src.scrappers.google_scraper - INFO - Dados extraídos para TEODORO CONSULTORIA E FERRAMENTARIA: {'telefone': '8997-8449', 'facebook_link': None, 'site': None}
2026-01-30 22:14:03,325 - src.processors.async_processor - INFO - Novo registro criado: TEODORO CONSULTORIA E FERRAMENTARIA
2026-01-30 22:14:09,820 - __main__ - INFO - Iniciando: PARADA MOGI RESTAURANTE
2026-01-30 22:14:09,823 - src.processors.async_processor - INFO - [45/270] Processando: PARADA MOGI RESTAURANTE
2026-01-30 22:14:09,982 - src.scrappers.google_scraper - INFO - Buscando: "PARADA MOGI RESTAURANTE" Mogi Mirim
2026-01-30 22:14:19,637 - src.scrappers.google_scraper - INFO - Dados extraídos para PARADA MOGI RESTAURANTE: {'telefone': '(19) 1000-0129', 'facebook_link': None, 'site': 'https://acimm.com.br/mogi-mirim-turismo-gastronomia-e-comercio/'}
2026-01-30 22:14:19,662 - src.processors.async_processor - INFO - Novo registro criado: PARADA MOGI RESTAURANTE
2026-01-30 22:14:23,684 - __main__ - INFO - Iniciando: ADVANCE CONSTRUCOES
2026-01-30 22:14:23,686 - src.processors.async_processor - INFO - [46/270] Processando: ADVANCE CONSTRUCOES
2026-01-30 22:14:23,821 - src.scrappers.google_scraper - INFO - Buscando: "ADVANCE CONSTRUCOES" Mogi Mirim
2026-01-30 22:14:33,283 - src.scrappers.google_scraper - INFO - Dados extraídos para ADVANCE CONSTRUCOES: {'telefone': '8997-8449', 'facebook_link': None, 'site': 'https://www.gov.br/pgfn/pt-br/servicos/editais-de-notificacao/editais-2025/EDITALDEABERTURADEPROCEDIMENTOADMINISTRATIVODERECONHECIMENTODERESPONSABILIDADEN208407.01.2024.pdf'}
2026-01-30 22:14:33,307 - src.processors.async_processor - INFO - Novo registro criado: ADVANCE CONSTRUCOES
2026-01-30 22:14:39,489 - __main__ - INFO - Iniciando: MADEB ADMINISTRADORA
2026-01-30 22:14:39,493 - src.processors.async_processor - INFO - [47/270] Processando: MADEB ADMINISTRADORA
2026-01-30 22:14:39,652 - src.scrappers.google_scraper - INFO - Buscando: "MADEB ADMINISTRADORA" Mogi Mirim
2026-01-30 22:14:48,966 - src.scrappers.google_scraper - INFO - Dados extraídos para MADEB ADMINISTRADORA: {'telefone': '(19) 3896-9410', 'facebook_link': None, 'site': None}
2026-01-30 22:14:49,018 - src.processors.async_processor - INFO - Novo registro criado: MADEB ADMINISTRADORA
2026-01-30 22:14:52,298 - __main__ - INFO - Iniciando: RAFAELA CARNEIRO - DESENVOLVIMENTO HUMANO
2026-01-30 22:14:52,307 - src.processors.async_processor - INFO - [48/270] Processando: RAFAELA CARNEIRO - DESENVOLVIMENTO HUMANO
2026-01-30 22:14:52,459 - src.scrappers.google_scraper - INFO - Buscando: "RAFAELA CARNEIRO - DESENVOLVIMENTO HUMANO" Mogi Mirim
2026-01-30 22:15:00,813 - src.scrappers.google_scraper - INFO - Dados extraídos para RAFAELA CARNEIRO - DESENVOLVIMENTO HUMANO: {'telefone': '8997-8449', 'facebook_link': None, 'site': None}
2026-01-30 22:15:00,835 - src.processors.async_processor - INFO - Novo registro criado: RAFAELA CARNEIRO - DESENVOLVIMENTO HUMANO
2026-01-30 22:15:06,039 - __main__ - INFO - Iniciando: PLENO
2026-01-30 22:15:06,046 - src.processors.async_processor - INFO - [49/270] Processando: PLENO
2026-01-30 22:15:06,188 - src.scrappers.google_scraper - INFO - Buscando: "PLENO" Mogi Mirim
2026-01-30 22:15:15,065 - src.scrappers.google_scraper - INFO - Dados extraídos para PLENO: {'telefone': '8997-8449', 'facebook_link': 'https://www.instagram.com/plenopot/', 'site': None}
2026-01-30 22:15:15,245 - src.scrappers.facebook_scraper - INFO - Acessando Facebook: https://www.instagram.com/plenopot/
2026-01-30 22:15:22,353 - src.scrappers.facebook_scraper - INFO - Navegou para seção Sobre
2026-01-30 22:15:24,515 - src.scrappers.facebook_scraper - INFO - WhatsApp encontrado: (19) 99452-5426
2026-01-30 22:15:24,515 - src.scrappers.facebook_scraper - INFO - Dados do Facebook extraídos: {'email': None, 'celular_whatsapp': '(19) 99452-5426'}
2026-01-30 22:15:24,542 - src.processors.async_processor - INFO - Novo registro criado: PLENO
2026-01-30 22:15:29,736 - __main__ - INFO - Iniciando: CONDOMINIO VILAGIO DO SOL
2026-01-30 22:15:29,744 - src.processors.async_processor - INFO - [50/270] Processando: CONDOMINIO VILAGIO DO SOL
2026-01-30 22:15:29,834 - src.scrappers.google_scraper - INFO - Buscando: "CONDOMINIO VILAGIO DO SOL" Mogi Mirim
2026-01-30 22:15:39,960 - src.scrappers.google_scraper - INFO - Dados extraídos para CONDOMINIO VILAGIO DO SOL: {'telefone': '8997-8449', 'facebook_link': 'https://www.facebook.com/villagiodosol', 'site': None}
2026-01-30 22:15:40,138 - src.scrappers.facebook_scraper - INFO - Acessando Facebook: https://www.facebook.com/villagiodosol
2026-01-30 22:16:51,710 - src.scrappers.facebook_scraper - INFO - WhatsApp encontrado: (19) 99452-5426
2026-01-30 22:16:51,710 - src.scrappers.facebook_scraper - INFO - Dados do Facebook extraídos: {'email': None, 'celular_whatsapp': '(19) 99452-5426'}
2026-01-30 22:16:51,747 - src.processors.async_processor - INFO - Novo registro criado: CONDOMINIO VILAGIO DO SOL
2026-01-30 22:16:55,906 - __main__ - INFO - Iniciando: ESC SYNGREWSTON
2026-01-30 22:16:55,908 - src.processors.async_processor - INFO - [51/270] Processando: ESC SYNGREWSTON
2026-01-30 22:16:55,992 - src.scrappers.google_scraper - INFO - Buscando: "ESC SYNGREWSTON" Mogi Mirim
2026-01-30 22:17:05,101 - src.scrappers.google_scraper - INFO - Dados extraídos para ESC SYNGREWSTON: {'telefone': '(19) 3862-3299', 'facebook_link': None, 'site': None}
2026-01-30 22:17:05,134 - src.processors.async_processor - INFO - Novo registro criado: ESC SYNGREWSTON
2026-01-30 22:17:12,058 - __main__ - INFO - Iniciando: BRECHO DA JESSY
2026-01-30 22:17:12,073 - src.processors.async_processor - INFO - [52/270] Processando: BRECHO DA JESSY
2026-01-30 22:17:12,179 - src.scrappers.google_scraper - INFO - Buscando: "BRECHO DA JESSY" Mogi Mirim
2026-01-30 22:17:21,604 - src.scrappers.google_scraper - INFO - Dados extraídos para BRECHO DA JESSY: {'telefone': '(19) 98720-0896', 'facebook_link': 'https://www.instagram.com/obrechodajess_/', 'site': None}
2026-01-30 22:17:21,738 - src.scrappers.facebook_scraper - INFO - Acessando Facebook: https://www.instagram.com/obrechodajess_/
2026-01-30 22:17:28,660 - src.scrappers.facebook_scraper - INFO - Navegou para seção Sobre
2026-01-30 22:17:30,805 - src.scrappers.facebook_scraper - INFO - WhatsApp encontrado: (19) 99452-5426
2026-01-30 22:17:30,805 - src.scrappers.facebook_scraper - INFO - Dados do Facebook extraídos: {'email': None, 'celular_whatsapp': '(19) 99452-5426'}
2026-01-30 22:17:30,824 - src.processors.async_processor - INFO - Novo registro criado: BRECHO DA JESSY
2026-01-30 22:17:37,695 - __main__ - INFO - Iniciando: NASCIMENTO
2026-01-30 22:17:37,709 - src.processors.async_processor - INFO - [53/270] Processando: NASCIMENTO
2026-01-30 22:17:37,817 - src.scrappers.google_scraper - INFO - Buscando: "NASCIMENTO" Mogi Mirim
2026-01-30 22:17:46,481 - src.scrappers.google_scraper - INFO - Dados extraídos para NASCIMENTO: {'telefone': '8997-8449', 'facebook_link': 'https://www.instagram.com/reel/DQH7vBykT9L/', 'site': 'https://www.decolar.com/atracoes-turisticas/m16/atracoes-mogi+mirim'}
2026-01-30 22:17:46,626 - src.scrappers.facebook_scraper - INFO - Acessando Facebook: https://www.instagram.com/reel/DQH7vBykT9L/
2026-01-30 22:18:57,874 - src.scrappers.facebook_scraper - INFO - WhatsApp encontrado: (19) 93051-1966
2026-01-30 22:18:57,874 - src.scrappers.facebook_scraper - INFO - Dados do Facebook extraídos: {'email': None, 'celular_whatsapp': '(19) 93051-1966'}
2026-01-30 22:18:57,909 - src.processors.async_processor - INFO - Novo registro criado: NASCIMENTO
2026-01-30 22:19:02,460 - __main__ - INFO - Iniciando: TRATOR FORTE
2026-01-30 22:19:02,463 - src.processors.async_processor - INFO - [54/270] Processando: TRATOR FORTE
2026-01-30 22:19:02,547 - src.scrappers.google_scraper - INFO - Buscando: "TRATOR FORTE" Mogi Mirim
2026-01-30 22:19:12,314 - src.scrappers.google_scraper - INFO - Dados extraídos para TRATOR FORTE: {'telefone': '(19) 99633-5088', 'facebook_link': None, 'site': None}
2026-01-30 22:19:12,347 - src.processors.async_processor - INFO - Novo registro criado: TRATOR FORTE
2026-01-30 22:19:17,600 - __main__ - INFO - Iniciando: AVA
2026-01-30 22:19:17,605 - src.processors.async_processor - INFO - [55/270] Processando: AVA
2026-01-30 22:19:17,690 - src.scrappers.google_scraper - INFO - Buscando: "AVA" Mogi Mirim
2026-01-30 22:19:26,524 - src.scrappers.google_scraper - INFO - Dados extraídos para AVA: {'telefone': '(19) 3806-2181', 'facebook_link': None, 'site': None}
2026-01-30 22:19:26,560 - src.processors.async_processor - INFO - Novo registro criado: AVA
2026-01-30 22:19:29,860 - __main__ - INFO - Iniciando: BOOM VARIEDADES
2026-01-30 22:19:29,867 - src.processors.async_processor - INFO - [56/270] Processando: BOOM VARIEDADES
2026-01-30 22:19:29,978 - src.scrappers.google_scraper - INFO - Buscando: "BOOM VARIEDADES" Mogi Mirim
2026-01-30 22:19:38,232 - src.scrappers.google_scraper - INFO - Dados extraídos para BOOM VARIEDADES: {'telefone': '(19) 3861-3458', 'facebook_link': 'https://www.instagram.com/reel/DQH7vBykT9L/', 'site': None}
2026-01-30 22:19:38,358 - src.scrappers.facebook_scraper - INFO - Acessando Facebook: https://www.instagram.com/reel/DQH7vBykT9L/
2026-01-30 22:20:49,552 - src.scrappers.facebook_scraper - INFO - WhatsApp encontrado: (19) 93051-1966
2026-01-30 22:20:49,552 - src.scrappers.facebook_scraper - INFO - Dados do Facebook extraídos: {'email': None, 'celular_whatsapp': '(19) 93051-1966'}
2026-01-30 22:20:49,587 - src.processors.async_processor - INFO - Novo registro criado: BOOM VARIEDADES
2026-01-30 22:20:55,295 - __main__ - INFO - Iniciando: JOSE RICARDO
2026-01-30 22:20:55,323 - src.processors.async_processor - INFO - [57/270] Processando: JOSE RICARDO
2026-01-30 22:20:55,420 - src.scrappers.google_scraper - INFO - Buscando: "JOSE RICARDO" Mogi Mirim
2026-01-30 22:21:05,762 - src.scrappers.google_scraper - INFO - Dados extraídos para JOSE RICARDO: {'telefone': '(19) 3805-3901', 'facebook_link': 'https://www.instagram.com/drjosericardo_neurologista/', 'site': None}
2026-01-30 22:21:05,887 - src.scrappers.facebook_scraper - INFO - Acessando Facebook: https://www.instagram.com/drjosericardo_neurologista/
2026-01-30 22:21:12,832 - src.scrappers.facebook_scraper - INFO - Navegou para seção Sobre
2026-01-30 22:21:14,996 - src.scrappers.facebook_scraper - INFO - WhatsApp encontrado: (19) 99452-5426
2026-01-30 22:21:14,996 - src.scrappers.facebook_scraper - INFO - Dados do Facebook extraídos: {'email': None, 'celular_whatsapp': '(19) 99452-5426'}
2026-01-30 22:21:15,013 - src.processors.async_processor - INFO - Novo registro criado: JOSE RICARDO
2026-01-30 22:21:21,889 - __main__ - INFO - Iniciando: MOGI PLACAS MERCOSUL
2026-01-30 22:21:21,905 - src.processors.async_processor - INFO - [58/270] Processando: MOGI PLACAS MERCOSUL
2026-01-30 22:21:22,018 - src.scrappers.google_scraper - INFO - Buscando: "MOGI PLACAS MERCOSUL" Mogi Mirim
2026-01-30 22:21:31,905 - src.scrappers.google_scraper - INFO - Dados extraídos para MOGI PLACAS MERCOSUL: {'telefone': '(19) 98900-4300', 'facebook_link': 'https://www.instagram.com/mogiplacas/', 'site': None}
2026-01-30 22:21:32,042 - src.scrappers.facebook_scraper - INFO - Acessando Facebook: https://www.instagram.com/mogiplacas/
2026-01-30 22:21:39,146 - src.scrappers.facebook_scraper - INFO - Navegou para seção Sobre
2026-01-30 22:21:41,326 - src.scrappers.facebook_scraper - INFO - WhatsApp encontrado: (19) 98900-4300
2026-01-30 22:21:41,327 - src.scrappers.facebook_scraper - INFO - Dados do Facebook extraídos: {'email': None, 'celular_whatsapp': '(19) 98900-4300'}
2026-01-30 22:21:41,343 - src.processors.async_processor - INFO - Novo registro criado: MOGI PLACAS MERCOSUL
2026-01-30 22:21:46,508 - __main__ - INFO - Iniciando: ARTE NA MADEIRA
2026-01-30 22:21:46,521 - src.processors.async_processor - INFO - [59/270] Processando: ARTE NA MADEIRA
2026-01-30 22:21:46,640 - src.scrappers.google_scraper - INFO - Buscando: "ARTE NA MADEIRA" Mogi Mirim
2026-01-30 22:21:55,708 - src.scrappers.google_scraper - INFO - Dados extraídos para ARTE NA MADEIRA: {'telefone': '(19) 93002-4176', 'facebook_link': None, 'site': None}
2026-01-30 22:21:55,739 - src.processors.async_processor - INFO - Novo registro criado: ARTE NA MADEIRA
2026-01-30 22:22:01,345 - __main__ - INFO - Iniciando: REVISAO PINTURA E ESTETICA AUTOMOTIVA
2026-01-30 22:22:01,362 - src.processors.async_processor - INFO - [60/270] Processando: REVISAO PINTURA E ESTETICA AUTOMOTIVA
2026-01-30 22:22:01,454 - src.scrappers.google_scraper - INFO - Buscando: "REVISAO PINTURA E ESTETICA AUTOMOTIVA" Mogi Mirim
2026-01-30 22:22:11,218 - src.scrappers.google_scraper - INFO - Dados extraídos para REVISAO PINTURA E ESTETICA AUTOMOTIVA: {'telefone': '(19) 3862-2184', 'facebook_link': None, 'site': None}
2026-01-30 22:22:11,254 - src.processors.async_processor - INFO - Novo registro criado: REVISAO PINTURA E ESTETICA AUTOMOTIVA
2026-01-30 22:22:15,573 - __main__ - INFO - Iniciando: JR LIMPEZA
2026-01-30 22:22:15,589 - src.processors.async_processor - INFO - [61/270] Processando: JR LIMPEZA
2026-01-30 22:22:15,708 - src.scrappers.google_scraper - INFO - Buscando: "JR LIMPEZA" Mogi Mirim
2026-01-30 22:22:24,306 - src.scrappers.google_scraper - INFO - Dados extraídos para JR LIMPEZA: {'telefone': '(19) 8174-1500', 'facebook_link': None, 'site': None}
2026-01-30 22:22:24,337 - src.processors.async_processor - INFO - Novo registro criado: JR LIMPEZA
2026-01-30 22:22:27,858 - __main__ - INFO - Iniciando: LET'S DO IT
2026-01-30 22:22:27,859 - src.processors.async_processor - INFO - [62/270] Processando: LET'S DO IT
2026-01-30 22:22:27,938 - src.scrappers.google_scraper - INFO - Buscando: "LET'S DO IT" Mogi Mirim
2026-01-30 22:22:36,429 - src.scrappers.google_scraper - INFO - Dados extraídos para LET'S DO IT: {'telefone': '(19) 3804-3957', 'facebook_link': 'https://m.facebook.com/easymode.ingles/photos/lets-do-itchegou-a-hora-de-aprender-ingl%C3%AAs-na-melhor-escola-de-mogi-gua%C3%A7u-onde-v/698942159729196/', 'site': None}
2026-01-30 22:22:36,560 - src.scrappers.facebook_scraper - INFO - Acessando Facebook: https://m.facebook.com/easymode.ingles/photos/lets-do-itchegou-a-hora-de-aprender-ingl%C3%AAs-na-melhor-escola-de-mogi-gua%C3%A7u-onde-v/698942159729196/
2026-01-30 22:22:43,858 - src.scrappers.facebook_scraper - INFO - WhatsApp encontrado: (19) 99452-5426
2026-01-30 22:22:43,858 - src.scrappers.facebook_scraper - INFO - Dados do Facebook extraídos: {'email': None, 'celular_whatsapp': '(19) 99452-5426'}
2026-01-30 22:22:43,893 - src.processors.async_processor - INFO - Novo registro criado: LET'S DO IT
2026-01-30 22:22:47,652 - __main__ - INFO - Iniciando: LIMAS ATELIER
2026-01-30 22:22:47,668 - src.processors.async_processor - INFO - [63/270] Processando: LIMAS ATELIER
2026-01-30 22:22:47,756 - src.scrappers.google_scraper - INFO - Buscando: "LIMAS ATELIER" Mogi Mirim
2026-01-30 22:22:55,371 - src.scrappers.google_scraper - INFO - Dados extraídos para LIMAS ATELIER: {'telefone': '8997-8449', 'facebook_link': None, 'site': None}
2026-01-30 22:22:55,406 - src.processors.async_processor - INFO - Novo registro criado: LIMAS ATELIER
2026-01-30 22:23:01,278 - __main__ - INFO - Iniciando: F L ROLAMENTOS
2026-01-30 22:23:01,299 - src.processors.async_processor - INFO - [64/270] Processando: F L ROLAMENTOS
2026-01-30 22:23:01,394 - src.scrappers.google_scraper - INFO - Buscando: "F L ROLAMENTOS" Mogi Mirim
2026-01-30 22:23:09,459 - src.scrappers.google_scraper - INFO - Dados extraídos para F L ROLAMENTOS: {'telefone': '(19) 3893-3802', 'facebook_link': None, 'site': 'https://brasiltrustee.com.br/wp-content/uploads/recuperacoes-judiciais/Sulamericana-Industrial-Ltda/Primeiro-edital-de-credores-disponibilizado-em-DJE.pdf'}
2026-01-30 22:23:09,504 - src.processors.async_processor - INFO - Novo registro criado: F L ROLAMENTOS
2026-01-30 22:23:14,396 - __main__ - INFO - Iniciando: ENTREGAS MARCHIORI
2026-01-30 22:23:14,411 - src.processors.async_processor - INFO - [65/270] Processando: ENTREGAS MARCHIORI
2026-01-30 22:23:14,497 - src.scrappers.google_scraper - INFO - Buscando: "ENTREGAS MARCHIORI" Mogi Mirim
2026-01-30 22:23:24,081 - src.scrappers.google_scraper - INFO - Dados extraídos para ENTREGAS MARCHIORI: {'telefone': '(19) 3862-2731', 'facebook_link': 'https://www.instagram.com/reel/DQrTPvNkRi2/', 'site': None}
2026-01-30 22:23:24,208 - src.scrappers.facebook_scraper - INFO - Acessando Facebook: https://www.instagram.com/reel/DQrTPvNkRi2/
2026-01-30 22:24:35,426 - src.scrappers.facebook_scraper - INFO - WhatsApp encontrado: (19) 99452-5426
2026-01-30 22:24:35,426 - src.scrappers.facebook_scraper - INFO - Dados do Facebook extraídos: {'email': None, 'celular_whatsapp': '(19) 99452-5426'}
2026-01-30 22:24:35,464 - src.processors.async_processor - INFO - Novo registro criado: ENTREGAS MARCHIORI
2026-01-30 22:24:42,486 - __main__ - INFO - Iniciando: A7 ENGENHARIA
2026-01-30 22:24:42,488 - src.processors.async_processor - INFO - [66/270] Processando: A7 ENGENHARIA
2026-01-30 22:24:42,588 - src.scrappers.google_scraper - INFO - Buscando: "A7 ENGENHARIA" Mogi Mirim
2026-01-30 22:24:50,726 - src.scrappers.google_scraper - INFO - Dados extraídos para A7 ENGENHARIA: {'telefone': '8997-8449', 'facebook_link': None, 'site': None}
2026-01-30 22:24:50,757 - src.processors.async_processor - INFO - Novo registro criado: A7 ENGENHARIA
2026-01-30 22:24:54,017 - __main__ - INFO - Iniciando: VAS INFORMATICA
2026-01-30 22:24:54,034 - src.processors.async_processor - INFO - [67/270] Processando: VAS INFORMATICA
2026-01-30 22:24:54,121 - src.scrappers.google_scraper - INFO - Buscando: "VAS INFORMATICA" Mogi Mirim
2026-01-30 22:25:03,405 - src.scrappers.google_scraper - INFO - Dados extraídos para VAS INFORMATICA: {'telefone': '(19) 3841-4136', 'facebook_link': 'https://www.instagram.com/vasinformatica/', 'site': 'https://melhorplano.net/internet-banda-larga/internet-100-reais'}
2026-01-30 22:25:03,542 - src.scrappers.facebook_scraper - INFO - Acessando Facebook: https://www.instagram.com/vasinformatica/
2026-01-30 22:25:12,372 - src.scrappers.facebook_scraper - INFO - Navegou para seção Sobre
2026-01-30 22:25:14,581 - src.scrappers.facebook_scraper - INFO - Email encontrado: comercial@vasinformatica.com.br
2026-01-30 22:25:14,583 - src.scrappers.facebook_scraper - INFO - WhatsApp encontrado: (19) 99452-5426
2026-01-30 22:25:14,583 - src.scrappers.facebook_scraper - INFO - Dados do Facebook extraídos: {'email': 'comercial@vasinformatica.com.br', 'celular_whatsapp': '(19) 99452-5426'}
2026-01-30 22:25:14,601 - src.processors.async_processor - INFO - Novo registro criado: VAS INFORMATICA
2026-01-30 22:25:20,857 - __main__ - INFO - Iniciando: COMERCIAL JHONATAN
2026-01-30 22:25:20,865 - src.processors.async_processor - INFO - [68/270] Processando: COMERCIAL JHONATAN
2026-01-30 22:25:20,965 - src.scrappers.google_scraper - INFO - Buscando: "COMERCIAL JHONATAN" Mogi Mirim
2026-01-30 22:25:29,366 - src.scrappers.google_scraper - INFO - Dados extraídos para COMERCIAL JHONATAN: {'telefone': '8997-8449', 'facebook_link': None, 'site': None}
2026-01-30 22:25:29,397 - src.processors.async_processor - INFO - Novo registro criado: COMERCIAL JHONATAN
2026-01-30 22:25:33,284 - __main__ - INFO - Iniciando: TIAGO FRANCO PERSONAL TRAINER
2026-01-30 22:25:33,312 - src.processors.async_processor - INFO - [69/270] Processando: TIAGO FRANCO PERSONAL TRAINER
2026-01-30 22:25:33,392 - src.scrappers.google_scraper - INFO - Buscando: "TIAGO FRANCO PERSONAL TRAINER" Mogi Mirim
2026-01-30 22:25:41,784 - src.scrappers.google_scraper - INFO - Dados extraídos para TIAGO FRANCO PERSONAL TRAINER: {'telefone': '8997-8449', 'facebook_link': None, 'site': None}
2026-01-30 22:25:41,814 - src.processors.async_processor - INFO - Novo registro criado: TIAGO FRANCO PERSONAL TRAINER
2026-01-30 22:25:48,877 - __main__ - INFO - Iniciando: ***
2026-01-30 22:25:48,888 - src.processors.async_processor - INFO - [70/270] Processando: ***
2026-01-30 22:25:48,973 - src.scrappers.google_scraper - INFO - Buscando: "***" Mogi Mirim
2026-01-30 22:25:57,723 - src.scrappers.google_scraper - INFO - Dados extraídos para ***: {'telefone': '8997-8449', 'facebook_link': 'https://www.instagram.com/prefeiturademogimirim/', 'site': 'http://www.siteantigomogi.sp.gov.br/'}
2026-01-30 22:25:57,878 - src.scrappers.facebook_scraper - INFO - Acessando Facebook: https://www.instagram.com/prefeiturademogimirim/
2026-01-30 22:26:04,596 - src.scrappers.facebook_scraper - INFO - Navegou para seção Sobre
2026-01-30 22:26:06,747 - src.scrappers.facebook_scraper - INFO - WhatsApp encontrado: (19) 99452-5426
2026-01-30 22:26:06,747 - src.scrappers.facebook_scraper - INFO - Dados do Facebook extraídos: {'email': None, 'celular_whatsapp': '(19) 99452-5426'}
2026-01-30 22:26:06,766 - src.processors.async_processor - INFO - Registro atualizado: ***
2026-01-30 22:26:13,305 - __main__ - INFO - Iniciando: CONDOMINIO EDIFICIO ITAPARICA
2026-01-30 22:26:13,317 - src.processors.async_processor - INFO - [71/270] Processando: CONDOMINIO EDIFICIO ITAPARICA
2026-01-30 22:26:13,417 - src.scrappers.google_scraper - INFO - Buscando: "CONDOMINIO EDIFICIO ITAPARICA" Mogi Mirim
2026-01-30 22:26:22,088 - src.scrappers.google_scraper - INFO - Dados extraídos para CONDOMINIO EDIFICIO ITAPARICA: {'telefone': '(19) 47470-7386', 'facebook_link': 'https://www.facebook.com/cristoreimoveis/videos/aluga-ou-vende-apartamento-condom%C3%ADnio-edif%C3%ADcio-itaparica-centro-mogi-mirim-sp-03/1514394169861489/', 'site': None}
2026-01-30 22:26:22,225 - src.scrappers.facebook_scraper - INFO - Acessando Facebook: https://www.facebook.com/cristoreimoveis/videos/aluga-ou-vende-apartamento-condom%C3%ADnio-edif%C3%ADcio-itaparica-centro-mogi-mirim-sp-03/1514394169861489/
2026-01-30 22:27:35,007 - src.scrappers.facebook_scraper - INFO - Email encontrado: imoveis.cristorei@gmail.com
2026-01-30 22:27:35,008 - src.scrappers.facebook_scraper - INFO - WhatsApp encontrado: (19) 99837-2089
2026-01-30 22:27:35,009 - src.scrappers.facebook_scraper - INFO - Dados do Facebook extraídos: {'email': 'imoveis.cristorei@gmail.com', 'celular_whatsapp': '(19) 99837-2089'}
2026-01-30 22:27:35,046 - src.processors.async_processor - INFO - Novo registro criado: CONDOMINIO EDIFICIO ITAPARICA
2026-01-30 22:27:38,331 - __main__ - INFO - Iniciando: MAK SERVICE
2026-01-30 22:27:38,355 - src.processors.async_processor - INFO - [72/270] Processando: MAK SERVICE
2026-01-30 22:27:38,436 - src.scrappers.google_scraper - INFO - Buscando: "MAK SERVICE" Mogi Mirim
2026-01-30 22:27:47,976 - src.scrappers.google_scraper - INFO - Dados extraídos para MAK SERVICE: {'telefone': '8997-8449', 'facebook_link': None, 'site': None}
2026-01-30 22:27:48,013 - src.processors.async_processor - INFO - Novo registro criado: MAK SERVICE
2026-01-30 22:27:52,297 - __main__ - INFO - Iniciando: CANTINHO DOCE
2026-01-30 22:27:52,302 - src.processors.async_processor - INFO - [73/270] Processando: CANTINHO DOCE
2026-01-30 22:27:52,396 - src.scrappers.google_scraper - INFO - Buscando: "CANTINHO DOCE" Mogi Mirim
2026-01-30 22:28:01,750 - src.scrappers.google_scraper - INFO - Dados extraídos para CANTINHO DOCE: {'telefone': '(19) 97416-5084', 'facebook_link': 'https://www.facebook.com/100064047364918/photos/842058037939101/', 'site': None}
2026-01-30 22:28:01,883 - src.scrappers.facebook_scraper - INFO - Acessando Facebook: https://www.facebook.com/100064047364918/photos/842058037939101/
2026-01-30 22:28:08,837 - src.scrappers.facebook_scraper - INFO - WhatsApp encontrado: (19) 99452-5426
2026-01-30 22:28:08,837 - src.scrappers.facebook_scraper - INFO - Dados do Facebook extraídos: {'email': None, 'celular_whatsapp': '(19) 99452-5426'}
2026-01-30 22:28:08,873 - src.processors.async_processor - INFO - Novo registro criado: CANTINHO DOCE
2026-01-30 22:28:13,480 - __main__ - INFO - Iniciando: DELIVERY URBANO
2026-01-30 22:28:13,482 - src.processors.async_processor - INFO - [74/270] Processando: DELIVERY URBANO
2026-01-30 22:28:13,570 - src.scrappers.google_scraper - INFO - Buscando: "DELIVERY URBANO" Mogi Mirim
2026-01-30 22:28:21,202 - src.scrappers.google_scraper - INFO - Dados extraídos para DELIVERY URBANO: {'telefone': '8997-8449', 'facebook_link': None, 'site': None}
2026-01-30 22:28:21,234 - src.processors.async_processor - INFO - Novo registro criado: DELIVERY URBANO
2026-01-30 22:28:27,176 - __main__ - INFO - Iniciando: ALFA CITRUS
2026-01-30 22:28:27,186 - src.processors.async_processor - INFO - [75/270] Processando: ALFA CITRUS
2026-01-30 22:28:27,290 - src.scrappers.google_scraper - INFO - Buscando: "ALFA CITRUS" Mogi Mirim
2026-01-30 22:28:35,697 - src.scrappers.google_scraper - INFO - Dados extraídos para ALFA CITRUS: {'telefone': '(19) 3857-8100', 'facebook_link': 'https://www.instagram.com/reel/DKcOWOfx47Z/', 'site': None}
2026-01-30 22:28:35,826 - src.scrappers.facebook_scraper - INFO - Acessando Facebook: https://www.instagram.com/reel/DKcOWOfx47Z/
2026-01-30 22:29:47,622 - src.scrappers.facebook_scraper - INFO - WhatsApp encontrado: (19) 99452-5426
2026-01-30 22:29:47,623 - src.scrappers.facebook_scraper - INFO - Dados do Facebook extraídos: {'email': None, 'celular_whatsapp': '(19) 99452-5426'}
2026-01-30 22:29:47,642 - src.processors.async_processor - INFO - Novo registro criado: ALFA CITRUS
2026-01-30 22:29:52,396 - __main__ - INFO - Iniciando: AMARO DESENVOLVIMENTO DE NEGOCIOS
2026-01-30 22:29:52,421 - src.processors.async_processor - INFO - [76/270] Processando: AMARO DESENVOLVIMENTO DE NEGOCIOS
2026-01-30 22:29:52,587 - src.scrappers.google_scraper - INFO - Buscando: "AMARO DESENVOLVIMENTO DE NEGOCIOS" Mogi Mirim
2026-01-30 22:30:01,107 - src.scrappers.google_scraper - INFO - Dados extraídos para AMARO DESENVOLVIMENTO DE NEGOCIOS: {'telefone': '8997-8449', 'facebook_link': None, 'site': None}
2026-01-30 22:30:01,128 - src.processors.async_processor - INFO - Novo registro criado: AMARO DESENVOLVIMENTO DE NEGOCIOS
2026-01-30 22:30:04,916 - __main__ - INFO - Iniciando: DAI MAKE UP
2026-01-30 22:30:04,925 - src.processors.async_processor - INFO - [77/270] Processando: DAI MAKE UP
2026-01-30 22:30:05,071 - src.scrappers.google_scraper - INFO - Buscando: "DAI MAKE UP" Mogi Mirim
2026-01-30 22:30:13,588 - src.scrappers.google_scraper - INFO - Dados extraídos para DAI MAKE UP: {'telefone': '(19) 3804-4900', 'facebook_link': None, 'site': None}
2026-01-30 22:30:13,620 - src.processors.async_processor - INFO - Novo registro criado: DAI MAKE UP
2026-01-30 22:30:20,190 - __main__ - INFO - Iniciando: BS AGENCIA DE DESCARTE ELETRONICO
2026-01-30 22:30:20,193 - src.processors.async_processor - INFO - [78/270] Processando: BS AGENCIA DE DESCARTE ELETRONICO
2026-01-30 22:30:20,334 - src.scrappers.google_scraper - INFO - Buscando: "BS AGENCIA DE DESCARTE ELETRONICO" Mogi Mirim
2026-01-30 22:30:29,580 - src.scrappers.google_scraper - INFO - Dados extraídos para BS AGENCIA DE DESCARTE ELETRONICO: {'telefone': '(19) 8804-1686', 'facebook_link': None, 'site': 'https://abree.org.br/pontos-de-recebimento'}
2026-01-30 22:30:29,604 - src.processors.async_processor - INFO - Novo registro criado: BS AGENCIA DE DESCARTE ELETRONICO
2026-01-30 22:30:33,715 - __main__ - INFO - Iniciando: ESTEVAN SIMIONI MEI
2026-01-30 22:30:33,734 - src.processors.async_processor - INFO - [79/270] Processando: ESTEVAN SIMIONI MEI
2026-01-30 22:30:33,885 - src.scrappers.google_scraper - INFO - Buscando: "ESTEVAN SIMIONI MEI" Mogi Mirim
2026-01-30 22:30:42,721 - src.scrappers.google_scraper - INFO - Dados extraídos para ESTEVAN SIMIONI MEI: {'telefone': '8997-8449', 'facebook_link': None, 'site': None}
2026-01-30 22:30:42,746 - src.processors.async_processor - INFO - Novo registro criado: ESTEVAN SIMIONI MEI
2026-01-30 22:30:48,580 - __main__ - INFO - Iniciando: DEL BIANCHI MAIS
2026-01-30 22:30:48,589 - src.processors.async_processor - INFO - [80/270] Processando: DEL BIANCHI MAIS
2026-01-30 22:30:48,751 - src.scrappers.google_scraper - INFO - Buscando: "DEL BIANCHI MAIS" Mogi Mirim
2026-01-30 22:30:57,942 - src.scrappers.google_scraper - INFO - Dados extraídos para DEL BIANCHI MAIS: {'telefone': '(19) 3862-3810', 'facebook_link': 'https://www.facebook.com/delbianchifestas/mentions/', 'site': None}
2026-01-30 22:30:58,135 - src.scrappers.facebook_scraper - INFO - Acessando Facebook: https://www.facebook.com/delbianchifestas/mentions/
2026-01-30 22:32:10,768 - src.scrappers.facebook_scraper - INFO - WhatsApp encontrado: (19) 91831-7092
2026-01-30 22:32:10,768 - src.scrappers.facebook_scraper - INFO - Dados do Facebook extraídos: {'email': None, 'celular_whatsapp': '(19) 91831-7092'}
2026-01-30 22:32:10,789 - src.processors.async_processor - INFO - Novo registro criado: DEL BIANCHI MAIS
2026-01-30 22:32:16,230 - __main__ - INFO - Iniciando: SAINZ COMERCIO DE PRODUTOS AUTOMOTIVOS E LIMPEZA
2026-01-30 22:32:16,239 - src.processors.async_processor - INFO - [81/270] Processando: SAINZ COMERCIO DE PRODUTOS AUTOMOTIVOS E LIMPEZA
2026-01-30 22:32:16,408 - src.scrappers.google_scraper - INFO - Buscando: "SAINZ COMERCIO DE PRODUTOS AUTOMOTIVOS E LIMPEZA" Mogi Mirim
2026-01-30 22:32:24,328 - src.scrappers.google_scraper - INFO - Dados extraídos para SAINZ COMERCIO DE PRODUTOS AUTOMOTIVOS E LIMPEZA: {'telefone': '8997-8449', 'facebook_link': None, 'site': 'https://www.semgrilos.com.br/site/detalhes_oficina.php?iun=197862'}
2026-01-30 22:32:24,373 - src.processors.async_processor - INFO - Novo registro criado: SAINZ COMERCIO DE PRODUTOS AUTOMOTIVOS E LIMPEZA
2026-01-30 22:32:30,333 - __main__ - INFO - Iniciando: K10 CONSTRUTORA
2026-01-30 22:32:30,340 - src.processors.async_processor - INFO - [82/270] Processando: K10 CONSTRUTORA
2026-01-30 22:32:30,481 - src.scrappers.google_scraper - INFO - Buscando: "K10 CONSTRUTORA" Mogi Mirim
2026-01-30 22:32:39,449 - src.scrappers.google_scraper - INFO - Dados extraídos para K10 CONSTRUTORA: {'telefone': '(19) 99132-2380', 'facebook_link': 'https://www.instagram.com/k10construtora/', 'site': 'https://k10construtora.com.br/'}
2026-01-30 22:32:39,623 - src.scrappers.facebook_scraper - INFO - Acessando Facebook: https://www.instagram.com/k10construtora/
2026-01-30 22:32:46,662 - src.scrappers.facebook_scraper - INFO - Navegou para seção Sobre
2026-01-30 22:32:48,780 - src.scrappers.facebook_scraper - INFO - WhatsApp encontrado: (19) 99452-5426
2026-01-30 22:32:48,780 - src.scrappers.facebook_scraper - INFO - Dados do Facebook extraídos: {'email': None, 'celular_whatsapp': '(19) 99452-5426'}
2026-01-30 22:32:48,799 - src.processors.async_processor - INFO - Novo registro criado: K10 CONSTRUTORA
2026-01-30 22:32:54,694 - __main__ - INFO - Iniciando: OLIVER
2026-01-30 22:32:54,702 - src.processors.async_processor - INFO - [83/270] Processando: OLIVER
2026-01-30 22:32:54,813 - src.scrappers.google_scraper - INFO - Buscando: "OLIVER" Mogi Mirim
2026-01-30 22:33:04,251 - src.scrappers.google_scraper - INFO - Dados extraídos para OLIVER: {'telefone': '8997-8449', 'facebook_link': 'https://www.instagram.com/reel/DL-pSeyvb4O/', 'site': None}
2026-01-30 22:33:04,415 - src.scrappers.facebook_scraper - INFO - Acessando Facebook: https://www.instagram.com/reel/DL-pSeyvb4O/
2026-01-30 22:34:15,841 - src.scrappers.facebook_scraper - INFO - WhatsApp encontrado: (19) 96661-1910
2026-01-30 22:34:15,841 - src.scrappers.facebook_scraper - INFO - Dados do Facebook extraídos: {'email': None, 'celular_whatsapp': '(19) 96661-1910'}
2026-01-30 22:34:15,871 - src.processors.async_processor - INFO - Novo registro criado: OLIVER
2026-01-30 22:34:21,436 - __main__ - INFO - Iniciando: CLAREAR CENTRO ODONTOLOGICO
2026-01-30 22:34:21,438 - src.processors.async_processor - INFO - [84/270] Processando: CLAREAR CENTRO ODONTOLOGICO
2026-01-30 22:34:21,532 - src.scrappers.google_scraper - INFO - Buscando: "CLAREAR CENTRO ODONTOLOGICO" Mogi Mirim
2026-01-30 22:34:30,208 - src.scrappers.google_scraper - INFO - Dados extraídos para CLAREAR CENTRO ODONTOLOGICO: {'telefone': '(19) 99382-8079', 'facebook_link': 'https://www.facebook.com/clarearcentroodontologico/', 'site': 'https://website.cfo.org.br/resolucao-cfo-196-2019/#:~:text=A%20regulamenta%C3%A7%C3%A3o%20%C3%A9%20clara%3A%20a,Dentista%20que%20executou%20o%20procedimento.'}
2026-01-30 22:34:30,331 - src.scrappers.facebook_scraper - INFO - Acessando Facebook: https://www.facebook.com/clarearcentroodontologico/
2026-01-30 22:35:42,307 - src.scrappers.facebook_scraper - INFO - Email encontrado: clinica_clarear@hotmail.com
2026-01-30 22:35:42,308 - src.scrappers.facebook_scraper - INFO - WhatsApp encontrado: (19) 99382-8079
2026-01-30 22:35:42,309 - src.scrappers.facebook_scraper - INFO - Dados do Facebook extraídos: {'email': 'clinica_clarear@hotmail.com', 'celular_whatsapp': '(19) 99382-8079'}
2026-01-30 22:35:42,338 - src.processors.async_processor - INFO - Novo registro criado: CLAREAR CENTRO ODONTOLOGICO
2026-01-30 22:35:48,810 - __main__ - INFO - Iniciando: KAMU IMPORTS
2026-01-30 22:35:48,818 - src.processors.async_processor - INFO - [85/270] Processando: KAMU IMPORTS
2026-01-30 22:35:48,914 - src.scrappers.google_scraper - INFO - Buscando: "KAMU IMPORTS" Mogi Mirim
2026-01-30 22:35:56,534 - src.scrappers.google_scraper - INFO - Dados extraídos para KAMU IMPORTS: {'telefone': '8997-8449', 'facebook_link': None, 'site': None}
2026-01-30 22:35:56,562 - src.processors.async_processor - INFO - Novo registro criado: KAMU IMPORTS
2026-01-30 22:36:02,696 - __main__ - INFO - Iniciando: PACTO REPRESENTACOES
2026-01-30 22:36:02,706 - src.processors.async_processor - INFO - [86/270] Processando: PACTO REPRESENTACOES
2026-01-30 22:36:02,798 - src.scrappers.google_scraper - INFO - Buscando: "PACTO REPRESENTACOES" Mogi Mirim
2026-01-30 22:36:10,691 - src.scrappers.google_scraper - INFO - Dados extraídos para PACTO REPRESENTACOES: {'telefone': '8997-8449', 'facebook_link': None, 'site': None}
2026-01-30 22:36:10,719 - src.processors.async_processor - INFO - Novo registro criado: PACTO REPRESENTACOES
2026-01-30 22:36:14,283 - __main__ - INFO - Iniciando: LANCHONETE DO PEDROCA
2026-01-30 22:36:14,286 - src.processors.async_processor - INFO - [87/270] Processando: LANCHONETE DO PEDROCA
2026-01-30 22:36:14,372 - src.scrappers.google_scraper - INFO - Buscando: "LANCHONETE DO PEDROCA" Mogi Mirim
2026-01-30 22:36:21,879 - src.scrappers.google_scraper - INFO - Dados extraídos para LANCHONETE DO PEDROCA: {'telefone': '8997-8449', 'facebook_link': 'https://www.instagram.com/pedrocalanchs/', 'site': None}
2026-01-30 22:36:21,983 - src.scrappers.facebook_scraper - INFO - Acessando Facebook: https://www.instagram.com/pedrocalanchs/
2026-01-30 22:36:28,884 - src.scrappers.facebook_scraper - INFO - Navegou para seção Sobre
2026-01-30 22:36:31,022 - src.scrappers.facebook_scraper - INFO - WhatsApp encontrado: (19) 99452-5426
2026-01-30 22:36:31,023 - src.scrappers.facebook_scraper - INFO - Dados do Facebook extraídos: {'email': None, 'celular_whatsapp': '(19) 99452-5426'}
2026-01-30 22:36:31,038 - src.processors.async_processor - INFO - Novo registro criado: LANCHONETE DO PEDROCA
2026-01-30 22:36:36,464 - __main__ - INFO - Iniciando: REDE MOGI MIRIM
2026-01-30 22:36:36,465 - src.processors.async_processor - INFO - [88/270] Processando: REDE MOGI MIRIM
2026-01-30 22:36:36,558 - src.scrappers.google_scraper - INFO - Buscando: "REDE MOGI MIRIM" Mogi Mirim
2026-01-30 22:36:45,878 - src.scrappers.google_scraper - INFO - Dados extraídos para REDE MOGI MIRIM: {'telefone': '(19) 3383-3060', 'facebook_link': None, 'site': None}
2026-01-30 22:36:45,911 - src.processors.async_processor - INFO - Novo registro criado: REDE MOGI MIRIM
2026-01-30 22:36:52,696 - __main__ - INFO - Iniciando: FELIPE HOHER NAHUM SERVICOS MEDICOS
2026-01-30 22:36:52,703 - src.processors.async_processor - INFO - [89/270] Processando: FELIPE HOHER NAHUM SERVICOS MEDICOS
2026-01-30 22:36:52,823 - src.scrappers.google_scraper - INFO - Buscando: "FELIPE HOHER NAHUM SERVICOS MEDICOS" Mogi Mirim
2026-01-30 22:37:01,194 - src.scrappers.google_scraper - INFO - Dados extraídos para FELIPE HOHER NAHUM SERVICOS MEDICOS: {'telefone': '8997-8449', 'facebook_link': None, 'site': None}
2026-01-30 22:37:01,242 - src.processors.async_processor - INFO - Novo registro criado: FELIPE HOHER NAHUM SERVICOS MEDICOS
2026-01-30 22:37:05,570 - __main__ - INFO - Iniciando: CLAUDINEI DOS SANTOS
2026-01-30 22:37:05,580 - src.processors.async_processor - INFO - [90/270] Processando: CLAUDINEI DOS SANTOS
2026-01-30 22:37:05,674 - src.scrappers.google_scraper - INFO - Buscando: "CLAUDINEI DOS SANTOS" Mogi Mirim
2026-01-30 22:37:14,179 - src.scrappers.google_scraper - INFO - Dados extraídos para CLAUDINEI DOS SANTOS: {'telefone': '(19) 33470-0010', 'facebook_link': None, 'site': 'https://www.tce.sp.gov.br/sites/default/files/legislacao/COMUNICADO%20SDG%20N%C2%BA%2059%202023_disponibilizado%20no%20dia%2012%20de%20outubro%20de%202023.pdf'}
2026-01-30 22:37:14,215 - src.processors.async_processor - INFO - Novo registro criado: CLAUDINEI DOS SANTOS
2026-01-30 22:37:20,067 - __main__ - INFO - Iniciando: HUGO BENEVIDES
2026-01-30 22:37:20,076 - src.processors.async_processor - INFO - [91/270] Processando: HUGO BENEVIDES
2026-01-30 22:37:20,164 - src.scrappers.google_scraper - INFO - Buscando: "HUGO BENEVIDES" Mogi Mirim
2026-01-30 22:37:28,812 - src.scrappers.google_scraper - INFO - Dados extraídos para HUGO BENEVIDES: {'telefone': '(19) 8789-8242', 'facebook_link': None, 'site': None}
2026-01-30 22:37:28,845 - src.processors.async_processor - INFO - Novo registro criado: HUGO BENEVIDES
2026-01-30 22:37:33,048 - __main__ - INFO - Iniciando: JR PESCADOS
2026-01-30 22:37:33,065 - src.processors.async_processor - INFO - [92/270] Processando: JR PESCADOS
2026-01-30 22:37:33,152 - src.scrappers.google_scraper - INFO - Buscando: "JR PESCADOS" Mogi Mirim
2026-01-30 22:37:41,067 - src.scrappers.google_scraper - INFO - Dados extraídos para JR PESCADOS: {'telefone': '(19) 99866-2524', 'facebook_link': 'https://www.instagram.com/jrpescados.mogi/', 'site': 'https://jr-pescados.kyte.site/'}
2026-01-30 22:37:41,190 - src.scrappers.facebook_scraper - INFO - Acessando Facebook: https://www.instagram.com/jrpescados.mogi/
2026-01-30 22:37:48,029 - src.scrappers.facebook_scraper - INFO - Navegou para seção Sobre
2026-01-30 22:37:50,194 - src.scrappers.facebook_scraper - INFO - WhatsApp encontrado: (19) 99452-5426
2026-01-30 22:37:50,194 - src.scrappers.facebook_scraper - INFO - Dados do Facebook extraídos: {'email': None, 'celular_whatsapp': '(19) 99452-5426'}
2026-01-30 22:37:50,210 - src.processors.async_processor - INFO - Novo registro criado: JR PESCADOS
2026-01-30 22:37:57,063 - __main__ - INFO - Iniciando: VITAL CONSULTORIA E TREINAMENTO
2026-01-30 22:37:57,071 - src.processors.async_processor - INFO - [93/270] Processando: VITAL CONSULTORIA E TREINAMENTO
2026-01-30 22:37:57,165 - src.scrappers.google_scraper - INFO - Buscando: "VITAL CONSULTORIA E TREINAMENTO" Mogi Mirim
2026-01-30 22:38:04,824 - src.scrappers.google_scraper - INFO - Dados extraídos para VITAL CONSULTORIA E TREINAMENTO: {'telefone': '(19) 3806-5566', 'facebook_link': None, 'site': 'https://vitalbrasil.ind.br/'}
2026-01-30 22:38:04,851 - src.processors.async_processor - INFO - Novo registro criado: VITAL CONSULTORIA E TREINAMENTO
2026-01-30 22:38:11,976 - __main__ - INFO - Iniciando: AUREA
2026-01-30 22:38:11,984 - src.processors.async_processor - INFO - [94/270] Processando: AUREA
2026-01-30 22:38:12,085 - src.scrappers.google_scraper - INFO - Buscando: "AUREA" Mogi Mirim
2026-01-30 22:38:20,925 - src.scrappers.google_scraper - INFO - Dados extraídos para AUREA: {'telefone': '8997-8449', 'facebook_link': None, 'site': 'https://acimm.com.br/mogi-mirim-turismo-gastronomia-e-comercio/'}
2026-01-30 22:38:20,953 - src.processors.async_processor - INFO - Novo registro criado: AUREA
2026-01-30 22:38:25,394 - __main__ - INFO - Iniciando: WBLACK
2026-01-30 22:38:25,401 - src.processors.async_processor - INFO - [95/270] Processando: WBLACK
2026-01-30 22:38:25,513 - src.scrappers.google_scraper - INFO - Buscando: "WBLACK" Mogi Mirim
2026-01-30 22:38:38,601 - src.scrappers.google_scraper - INFO - Dados extraídos para WBLACK: {'telefone': '(19) 98908-8955', 'facebook_link': 'https://www.instagram.com/blacktiebyfinotti/', 'site': 'http://blacksheepburguer.page/'}
2026-01-30 22:38:38,716 - src.scrappers.facebook_scraper - INFO - Acessando Facebook: https://www.instagram.com/blacktiebyfinotti/
2026-01-30 22:38:45,512 - src.scrappers.facebook_scraper - INFO - Navegou para seção Sobre
2026-01-30 22:38:47,642 - src.scrappers.facebook_scraper - INFO - WhatsApp encontrado: (19) 99452-5426
2026-01-30 22:38:47,642 - src.scrappers.facebook_scraper - INFO - Dados do Facebook extraídos: {'email': None, 'celular_whatsapp': '(19) 99452-5426'}
2026-01-30 22:38:47,662 - src.processors.async_processor - INFO - Novo registro criado: WBLACK
2026-01-30 22:38:52,046 - __main__ - INFO - Iniciando: NILDO CONSTRUCAO
2026-01-30 22:38:52,054 - src.processors.async_processor - INFO - [96/270] Processando: NILDO CONSTRUCAO
2026-01-30 22:38:52,157 - src.scrappers.google_scraper - INFO - Buscando: "NILDO CONSTRUCAO" Mogi Mirim
2026-01-30 22:38:59,910 - src.scrappers.google_scraper - INFO - Dados extraídos para NILDO CONSTRUCAO: {'telefone': '8997-8449', 'facebook_link': None, 'site': None}
2026-01-30 22:38:59,938 - src.processors.async_processor - INFO - Novo registro criado: NILDO CONSTRUCAO
2026-01-30 22:39:03,921 - __main__ - INFO - Iniciando: SIGMA CORRETORA DE SEGUROS
2026-01-30 22:39:03,946 - src.processors.async_processor - INFO - [97/270] Processando: SIGMA CORRETORA DE SEGUROS
2026-01-30 22:39:04,015 - src.scrappers.google_scraper - INFO - Buscando: "SIGMA CORRETORA DE SEGUROS" Mogi Mirim
2026-01-30 22:39:12,470 - src.scrappers.google_scraper - INFO - Dados extraídos para SIGMA CORRETORA DE SEGUROS: {'telefone': '8997-8449', 'facebook_link': 'https://www.facebook.com/guilhermeesimone.mazon.7/', 'site': None}
2026-01-30 22:39:12,574 - src.scrappers.facebook_scraper - INFO - Acessando Facebook: https://www.facebook.com/guilhermeesimone.mazon.7/
2026-01-30 22:39:20,821 - src.scrappers.facebook_scraper - INFO - WhatsApp encontrado: (19) 99452-5426
2026-01-30 22:39:20,822 - src.scrappers.facebook_scraper - INFO - Dados do Facebook extraídos: {'email': None, 'celular_whatsapp': '(19) 99452-5426'}
2026-01-30 22:39:20,856 - src.processors.async_processor - INFO - Novo registro criado: SIGMA CORRETORA DE SEGUROS
2026-01-30 22:39:26,178 - __main__ - INFO - Iniciando: LE PATRON
2026-01-30 22:39:26,192 - src.processors.async_processor - INFO - [98/270] Processando: LE PATRON
2026-01-30 22:39:26,294 - src.scrappers.google_scraper - INFO - Buscando: "LE PATRON" Mogi Mirim
2026-01-30 22:39:34,991 - src.scrappers.google_scraper - INFO - Dados extraídos para LE PATRON: {'telefone': '8997-8449', 'facebook_link': None, 'site': None}
2026-01-30 22:39:35,019 - src.processors.async_processor - INFO - Novo registro criado: LE PATRON
2026-01-30 22:39:41,852 - __main__ - INFO - Iniciando: ESQUINA DOS SABORES
2026-01-30 22:39:41,860 - src.processors.async_processor - INFO - [99/270] Processando: ESQUINA DOS SABORES
2026-01-30 22:39:41,955 - src.scrappers.google_scraper - INFO - Buscando: "ESQUINA DOS SABORES" Mogi Mirim
2026-01-30 22:39:51,049 - src.scrappers.google_scraper - INFO - Dados extraídos para ESQUINA DOS SABORES: {'telefone': '(19) 10578-2807', 'facebook_link': 'https://www.instagram.com/reel/DHtJWooxcLy/', 'site': None}
2026-01-30 22:39:51,183 - src.scrappers.facebook_scraper - INFO - Acessando Facebook: https://www.instagram.com/reel/DHtJWooxcLy/
2026-01-30 22:41:02,226 - src.scrappers.facebook_scraper - INFO - WhatsApp encontrado: (19) 99621-8143
2026-01-30 22:41:02,227 - src.scrappers.facebook_scraper - INFO - Dados do Facebook extraídos: {'email': None, 'celular_whatsapp': '(19) 99621-8143'}
2026-01-30 22:41:02,261 - src.processors.async_processor - INFO - Novo registro criado: ESQUINA DOS SABORES
2026-01-30 22:41:06,141 - __main__ - INFO - Iniciando: REGULARIZA - ENGENHARIA E CONSULTORIA LTDA
2026-01-30 22:41:06,143 - src.processors.async_processor - INFO - [100/270] Processando: REGULARIZA - ENGENHARIA E CONSULTORIA LTDA
2026-01-30 22:41:06,250 - src.scrappers.google_scraper - INFO - Buscando: "REGULARIZA - ENGENHARIA E CONSULTORIA LTDA" Mogi Mirim
2026-01-30 22:41:15,172 - src.scrappers.google_scraper - INFO - Dados extraídos para REGULARIZA - ENGENHARIA E CONSULTORIA LTDA: {'telefone': '(19) 97406-9570', 'facebook_link': 'https://www.facebook.com/regularizeng', 'site': 'https://regularizamogi.com.br/'}
2026-01-30 22:41:15,299 - src.scrappers.facebook_scraper - INFO - Acessando Facebook: https://www.facebook.com/regularizeng
2026-01-30 22:42:26,872 - src.scrappers.facebook_scraper - INFO - Email encontrado: inaracg@gmail.com
2026-01-30 22:42:26,873 - src.scrappers.facebook_scraper - INFO - WhatsApp encontrado: (19) 97406-9570
2026-01-30 22:42:26,873 - src.scrappers.facebook_scraper - INFO - Dados do Facebook extraídos: {'email': 'inaracg@gmail.com', 'celular_whatsapp': '(19) 97406-9570'}
2026-01-30 22:42:26,906 - src.processors.async_processor - INFO - Novo registro criado: REGULARIZA - ENGENHARIA E CONSULTORIA LTDA
2026-01-30 22:42:30,365 - __main__ - INFO - Iniciando: AUTO MECANICA OLIVEIRA
2026-01-30 22:42:30,402 - src.processors.async_processor - INFO - [101/270] Processando: AUTO MECANICA OLIVEIRA
2026-01-30 22:42:30,494 - src.scrappers.google_scraper - INFO - Buscando: "AUTO MECANICA OLIVEIRA" Mogi Mirim
2026-01-30 22:42:40,497 - src.scrappers.google_scraper - INFO - Dados extraídos para AUTO MECANICA OLIVEIRA: {'telefone': '(19) 3806-2091', 'facebook_link': None, 'site': 'https://bkpsitecpsnew.blob.core.windows.net/uploadsitecps/sites/181/2025/04/oficinas_em_sp.xlsx'}
2026-01-30 22:42:40,529 - src.processors.async_processor - INFO - Novo registro criado: AUTO MECANICA OLIVEIRA
2026-01-30 22:42:46,240 - __main__ - INFO - Iniciando: AG&P TRANSPORTES
2026-01-30 22:42:46,276 - src.processors.async_processor - INFO - [102/270] Processando: AG&P TRANSPORTES
2026-01-30 22:42:46,390 - src.scrappers.google_scraper - INFO - Buscando: "AG&P TRANSPORTES" Mogi Mirim
2026-01-30 22:42:56,076 - src.scrappers.google_scraper - INFO - Dados extraídos para AG&P TRANSPORTES: {'telefone': '(19) 17385-9476', 'facebook_link': 'https://www.instagram.com/reel/DHWEy2DhyWj/', 'site': 'https://www.soleis.adv.br/abreviaturas.htm#:~:text=AG%20%2D%20AGRAVO%20DE%20INSTRUMENTO.%20%2D%20TRF%202%C2%AA%20R.'}
2026-01-30 22:42:56,200 - src.scrappers.facebook_scraper - INFO - Acessando Facebook: https://www.instagram.com/reel/DHWEy2DhyWj/
2026-01-30 22:44:07,620 - src.scrappers.facebook_scraper - INFO - WhatsApp encontrado: (19) 99452-5426
2026-01-30 22:44:07,621 - src.scrappers.facebook_scraper - INFO - Dados do Facebook extraídos: {'email': None, 'celular_whatsapp': '(19) 99452-5426'}
2026-01-30 22:44:07,657 - src.processors.async_processor - INFO - Novo registro criado: AG&P TRANSPORTES
2026-01-30 22:44:13,924 - __main__ - INFO - Iniciando: ***
2026-01-30 22:44:13,930 - src.processors.async_processor - INFO - [103/270] Processando: ***
2026-01-30 22:44:14,034 - src.scrappers.google_scraper - INFO - Buscando: "***" Mogi Mirim
2026-01-30 22:44:22,758 - src.scrappers.google_scraper - INFO - Dados extraídos para ***: {'telefone': '(19) 3805-9310', 'facebook_link': 'https://www.instagram.com/prefeiturademogimirim/', 'site': None}
2026-01-30 22:44:22,860 - src.scrappers.facebook_scraper - INFO - Acessando Facebook: https://www.instagram.com/prefeiturademogimirim/
2026-01-30 22:44:29,936 - src.scrappers.facebook_scraper - INFO - Navegou para seção Sobre
2026-01-30 22:44:32,110 - src.scrappers.facebook_scraper - INFO - WhatsApp encontrado: (19) 99452-5426
2026-01-30 22:44:32,111 - src.scrappers.facebook_scraper - INFO - Dados do Facebook extraídos: {'email': None, 'celular_whatsapp': '(19) 99452-5426'}
2026-01-30 22:44:32,125 - src.processors.async_processor - INFO - Registro atualizado: ***
2026-01-30 22:44:36,236 - __main__ - INFO - Iniciando: ELETRICA MOGI
2026-01-30 22:44:36,246 - src.processors.async_processor - INFO - [104/270] Processando: ELETRICA MOGI
2026-01-30 22:44:36,360 - src.scrappers.google_scraper - INFO - Buscando: "ELETRICA MOGI" Mogi Mirim
2026-01-30 22:44:46,849 - src.scrappers.google_scraper - INFO - Dados extraídos para ELETRICA MOGI: {'telefone': '(19) 3806-4616', 'facebook_link': 'https://www.facebook.com/casadoeletricistamogimirim/', 'site': None}
2026-01-30 22:44:46,966 - src.scrappers.facebook_scraper - INFO - Acessando Facebook: https://www.facebook.com/casadoeletricistamogimirim/
2026-01-30 22:45:58,405 - src.scrappers.facebook_scraper - INFO - Email encontrado: casaeletricista@hotmail.com
2026-01-30 22:45:58,407 - src.scrappers.facebook_scraper - INFO - WhatsApp encontrado: (19) 95115-2795
2026-01-30 22:45:58,408 - src.scrappers.facebook_scraper - INFO - Dados do Facebook extraídos: {'email': 'casaeletricista@hotmail.com', 'celular_whatsapp': '(19) 95115-2795'}
2026-01-30 22:45:58,443 - src.processors.async_processor - INFO - Novo registro criado: ELETRICA MOGI
2026-01-30 22:46:04,612 - __main__ - INFO - Iniciando: GALVAO MONTAGEM
2026-01-30 22:46:04,632 - src.processors.async_processor - INFO - [105/270] Processando: GALVAO MONTAGEM
2026-01-30 22:46:04,723 - src.scrappers.google_scraper - INFO - Buscando: "GALVAO MONTAGEM" Mogi Mirim
2026-01-30 22:46:14,549 - src.scrappers.google_scraper - INFO - Dados extraídos para GALVAO MONTAGEM: {'telefone': '(19) 99871-2963', 'facebook_link': None, 'site': None}
2026-01-30 22:46:14,581 - src.processors.async_processor - INFO - Novo registro criado: GALVAO MONTAGEM
2026-01-30 22:46:19,922 - __main__ - INFO - Iniciando: GLAMOUR CONFECCAO
2026-01-30 22:46:19,938 - src.processors.async_processor - INFO - [106/270] Processando: GLAMOUR CONFECCAO
2026-01-30 22:46:20,026 - src.scrappers.google_scraper - INFO - Buscando: "GLAMOUR CONFECCAO" Mogi Mirim
2026-01-30 22:46:28,548 - src.scrappers.google_scraper - INFO - Dados extraídos para GLAMOUR CONFECCAO: {'telefone': '8997-8449', 'facebook_link': 'https://www.instagram.com/diglamour.semijoias/', 'site': None}
2026-01-30 22:46:28,653 - src.scrappers.facebook_scraper - INFO - Acessando Facebook: https://www.instagram.com/diglamour.semijoias/
2026-01-30 22:46:35,520 - src.scrappers.facebook_scraper - INFO - Navegou para seção Sobre
2026-01-30 22:46:37,666 - src.scrappers.facebook_scraper - INFO - WhatsApp encontrado: (19) 99452-5426
2026-01-30 22:46:37,667 - src.scrappers.facebook_scraper - INFO - Dados do Facebook extraídos: {'email': None, 'celular_whatsapp': '(19) 99452-5426'}
2026-01-30 22:46:37,683 - src.processors.async_processor - INFO - Novo registro criado: GLAMOUR CONFECCAO
2026-01-30 22:46:42,781 - __main__ - INFO - Iniciando: RENNOVARE RESIDENCIAL SENIOR
2026-01-30 22:46:42,784 - src.processors.async_processor - INFO - [107/270] Processando: RENNOVARE RESIDENCIAL SENIOR
2026-01-30 22:46:42,878 - src.scrappers.google_scraper - INFO - Buscando: "RENNOVARE RESIDENCIAL SENIOR" Mogi Mirim
2026-01-30 22:46:52,162 - src.scrappers.google_scraper - INFO - Dados extraídos para RENNOVARE RESIDENCIAL SENIOR: {'telefone': '(19) 3022-1666', 'facebook_link': 'https://www.facebook.com/tercadaserramogimirim', 'site': 'https://tercadaserra.com.br/unidade/mogi-mirim/'}
2026-01-30 22:46:52,294 - src.scrappers.facebook_scraper - INFO - Acessando Facebook: https://www.facebook.com/tercadaserramogimirim
2026-01-30 22:48:03,832 - src.scrappers.facebook_scraper - INFO - Email encontrado: mogimirim@tercadaserra.com.br
2026-01-30 22:48:03,835 - src.scrappers.facebook_scraper - INFO - WhatsApp encontrado: (19) 93591-9451
2026-01-30 22:48:03,835 - src.scrappers.facebook_scraper - INFO - Dados do Facebook extraídos: {'email': 'mogimirim@tercadaserra.com.br', 'celular_whatsapp': '(19) 93591-9451'}
2026-01-30 22:48:03,878 - src.processors.async_processor - INFO - Novo registro criado: RENNOVARE RESIDENCIAL SENIOR
2026-01-30 22:48:10,335 - __main__ - INFO - Iniciando: A7 COMERCIAL
2026-01-30 22:48:10,343 - src.processors.async_processor - INFO - [108/270] Processando: A7 COMERCIAL
2026-01-30 22:48:10,469 - src.scrappers.google_scraper - INFO - Buscando: "A7 COMERCIAL" Mogi Mirim
2026-01-30 22:48:18,773 - src.scrappers.google_scraper - INFO - Dados extraídos para A7 COMERCIAL: {'telefone': '(19) 3219-9763', 'facebook_link': None, 'site': None}
2026-01-30 22:48:18,804 - src.processors.async_processor - INFO - Novo registro criado: A7 COMERCIAL
2026-01-30 22:48:23,004 - __main__ - INFO - Iniciando: ESPACOLASER
2026-01-30 22:48:23,018 - src.processors.async_processor - INFO - [109/270] Processando: ESPACOLASER
2026-01-30 22:48:23,129 - src.scrappers.google_scraper - INFO - Buscando: "ESPACOLASER" Mogi Mirim
2026-01-30 22:48:32,425 - src.scrappers.google_scraper - INFO - Dados extraídos para ESPACOLASER: {'telefone': '(19) 99632-9395', 'facebook_link': 'https://www.instagram.com/espacolasermogi.mirim/', 'site': 'https://indique.espacolaser.com.br/?utm_source=gmb&utm_medium=organico&utm_campaign=indique_amigos'}
2026-01-30 22:48:32,563 - src.scrappers.facebook_scraper - INFO - Acessando Facebook: https://www.instagram.com/espacolasermogi.mirim/
2026-01-30 22:48:39,721 - src.scrappers.facebook_scraper - INFO - Navegou para seção Sobre
2026-01-30 22:48:41,939 - src.scrappers.facebook_scraper - INFO - WhatsApp encontrado: (19) 99632-9395
2026-01-30 22:48:41,939 - src.scrappers.facebook_scraper - INFO - Dados do Facebook extraídos: {'email': None, 'celular_whatsapp': '(19) 99632-9395'}
2026-01-30 22:48:41,957 - src.processors.async_processor - INFO - Novo registro criado: ESPACOLASER
2026-01-30 22:48:48,606 - __main__ - INFO - Iniciando: ESSENCIA DOS DOCES
2026-01-30 22:48:48,615 - src.processors.async_processor - INFO - [110/270] Processando: ESSENCIA DOS DOCES
2026-01-30 22:48:48,727 - src.scrappers.google_scraper - INFO - Buscando: "ESSENCIA DOS DOCES" Mogi Mirim
2026-01-30 22:48:57,933 - src.scrappers.google_scraper - INFO - Dados extraídos para ESSENCIA DOS DOCES: {'telefone': '8997-8449', 'facebook_link': None, 'site': 'https://www.decolar.com/atracoes-turisticas/m16/atracoes-mogi+mirim'}
2026-01-30 22:48:57,963 - src.processors.async_processor - INFO - Novo registro criado: ESSENCIA DOS DOCES
2026-01-30 22:49:01,914 - __main__ - INFO - Iniciando: FAZENDA OURO VERDE
2026-01-30 22:49:01,921 - src.processors.async_processor - INFO - [111/270] Processando: FAZENDA OURO VERDE
2026-01-30 22:49:02,034 - src.scrappers.google_scraper - INFO - Buscando: "FAZENDA OURO VERDE" Mogi Mirim
2026-01-30 22:49:11,912 - src.scrappers.google_scraper - INFO - Dados extraídos para FAZENDA OURO VERDE: {'telefone': '8997-8449', 'facebook_link': 'https://www.instagram.com/reel/DQH7vBykT9L/', 'site': None}
2026-01-30 22:49:12,043 - src.scrappers.facebook_scraper - INFO - Acessando Facebook: https://www.instagram.com/reel/DQH7vBykT9L/
2026-01-30 22:50:23,362 - src.scrappers.facebook_scraper - INFO - WhatsApp encontrado: (19) 93051-1966
2026-01-30 22:50:23,362 - src.scrappers.facebook_scraper - INFO - Dados do Facebook extraídos: {'email': None, 'celular_whatsapp': '(19) 93051-1966'}
2026-01-30 22:50:23,393 - src.processors.async_processor - INFO - Novo registro criado: FAZENDA OURO VERDE
2026-01-30 22:50:30,377 - __main__ - INFO - Iniciando: MINEIRINHO AUTO PERFOMANCE
2026-01-30 22:50:30,384 - src.processors.async_processor - INFO - [112/270] Processando: MINEIRINHO AUTO PERFOMANCE
2026-01-30 22:50:30,516 - src.scrappers.google_scraper - INFO - Buscando: "MINEIRINHO AUTO PERFOMANCE" Mogi Mirim
2026-01-30 22:50:39,297 - src.scrappers.google_scraper - INFO - Dados extraídos para MINEIRINHO AUTO PERFOMANCE: {'telefone': '(19) 97406-5008', 'facebook_link': 'https://www.instagram.com/mineirinhocarretas/', 'site': None}
2026-01-30 22:50:39,415 - src.scrappers.facebook_scraper - INFO - Acessando Facebook: https://www.instagram.com/mineirinhocarretas/
2026-01-30 22:50:46,209 - src.scrappers.facebook_scraper - INFO - Navegou para seção Sobre
2026-01-30 22:50:48,360 - src.scrappers.facebook_scraper - INFO - WhatsApp encontrado: (19) 99452-5426
2026-01-30 22:50:48,360 - src.scrappers.facebook_scraper - INFO - Dados do Facebook extraídos: {'email': None, 'celular_whatsapp': '(19) 99452-5426'}
2026-01-30 22:50:48,380 - src.processors.async_processor - INFO - Novo registro criado: MINEIRINHO AUTO PERFOMANCE
2026-01-30 22:50:51,708 - __main__ - INFO - Iniciando: ESPETAO CHURRASQUEIRAS
2026-01-30 22:50:51,718 - src.processors.async_processor - INFO - [113/270] Processando: ESPETAO CHURRASQUEIRAS
2026-01-30 22:50:51,845 - src.scrappers.google_scraper - INFO - Buscando: "ESPETAO CHURRASQUEIRAS" Mogi Mirim
2026-01-30 22:51:00,788 - src.scrappers.google_scraper - INFO - Dados extraídos para ESPETAO CHURRASQUEIRAS: {'telefone': '(19) 3862-5545', 'facebook_link': 'https://www.facebook.com/espetaochurrasqueira/', 'site': 'https://paginaamarela.com.br/empresa/espetao-churrasqueiras/mogi-mirim/sp/10373344'}
2026-01-30 22:51:00,939 - src.scrappers.facebook_scraper - INFO - Acessando Facebook: https://www.facebook.com/espetaochurrasqueira/
2026-01-30 22:52:13,076 - src.scrappers.facebook_scraper - INFO - WhatsApp encontrado: (19) 99263-8433
2026-01-30 22:52:13,077 - src.scrappers.facebook_scraper - INFO - Dados do Facebook extraídos: {'email': None, 'celular_whatsapp': '(19) 99263-8433'}
2026-01-30 22:52:13,111 - src.processors.async_processor - INFO - Novo registro criado: ESPETAO CHURRASQUEIRAS
2026-01-30 22:52:19,997 - __main__ - INFO - Iniciando: BRAGA SERVICOS ELETRICOS ESPECILIZADOS
2026-01-30 22:52:20,004 - src.processors.async_processor - INFO - [114/270] Processando: BRAGA SERVICOS ELETRICOS ESPECILIZADOS
2026-01-30 22:52:20,131 - src.scrappers.google_scraper - INFO - Buscando: "BRAGA SERVICOS ELETRICOS ESPECILIZADOS" Mogi Mirim
2026-01-30 22:52:29,439 - src.scrappers.google_scraper - INFO - Dados extraídos para BRAGA SERVICOS ELETRICOS ESPECILIZADOS: {'telefone': '(19) 99159-0416', 'facebook_link': None, 'site': None}
2026-01-30 22:52:29,476 - src.processors.async_processor - INFO - Novo registro criado: BRAGA SERVICOS ELETRICOS ESPECILIZADOS
2026-01-30 22:52:32,801 - __main__ - INFO - Iniciando: HOT PIZZA EXPRESS
2026-01-30 22:52:32,803 - src.processors.async_processor - INFO - [115/270] Processando: HOT PIZZA EXPRESS
2026-01-30 22:52:32,893 - src.scrappers.google_scraper - INFO - Buscando: "HOT PIZZA EXPRESS" Mogi Mirim
2026-01-30 22:52:41,344 - src.scrappers.google_scraper - INFO - Dados extraídos para HOT PIZZA EXPRESS: {'telefone': '(19) 99801-9554', 'facebook_link': 'https://www.facebook.com/hotpizzamogimirim/', 'site': None}
2026-01-30 22:52:41,471 - src.scrappers.facebook_scraper - INFO - Acessando Facebook: https://www.facebook.com/hotpizzamogimirim/
2026-01-30 22:53:53,460 - src.scrappers.facebook_scraper - INFO - WhatsApp encontrado: (19) 99262-8464
2026-01-30 22:53:53,461 - src.scrappers.facebook_scraper - INFO - Dados do Facebook extraídos: {'email': None, 'celular_whatsapp': '(19) 99262-8464'}
2026-01-30 22:53:53,496 - src.processors.async_processor - INFO - Novo registro criado: HOT PIZZA EXPRESS
2026-01-30 22:53:59,877 - __main__ - INFO - Iniciando: BUFALLUS BURGUER
2026-01-30 22:53:59,898 - src.processors.async_processor - INFO - [116/270] Processando: BUFALLUS BURGUER
2026-01-30 22:53:59,986 - src.scrappers.google_scraper - INFO - Buscando: "BUFALLUS BURGUER" Mogi Mirim
2026-01-30 22:54:09,319 - src.scrappers.google_scraper - INFO - Dados extraídos para BUFALLUS BURGUER: {'telefone': '(19) 98431-7094', 'facebook_link': 'https://www.instagram.com/bufallusburguer/', 'site': 'http://bufallusburguer.com/bio'}
2026-01-30 22:54:09,473 - src.scrappers.facebook_scraper - INFO - Acessando Facebook: https://www.instagram.com/bufallusburguer/
2026-01-30 22:54:16,348 - src.scrappers.facebook_scraper - INFO - Navegou para seção Sobre
2026-01-30 22:54:18,622 - src.scrappers.facebook_scraper - INFO - WhatsApp encontrado: (19) 99452-5426
2026-01-30 22:54:18,656 - src.scrappers.facebook_scraper - INFO - Dados do Facebook extraídos: {'email': None, 'celular_whatsapp': '(19) 99452-5426'}
2026-01-30 22:54:18,690 - src.processors.async_processor - INFO - Novo registro criado: BUFALLUS BURGUER
2026-01-30 22:54:24,530 - __main__ - INFO - Iniciando: CONSTRUTORA MAKEL
2026-01-30 22:54:24,536 - src.processors.async_processor - INFO - [117/270] Processando: CONSTRUTORA MAKEL
2026-01-30 22:54:24,684 - src.scrappers.google_scraper - INFO - Buscando: "CONSTRUTORA MAKEL" Mogi Mirim
2026-01-30 22:54:33,927 - src.scrappers.google_scraper - INFO - Dados extraídos para CONSTRUTORA MAKEL: {'telefone': '(19) 99555-3348', 'facebook_link': 'https://www.instagram.com/engenharia.maciel/', 'site': 'http://www.macielengenharia.com.br/'}
2026-01-30 22:54:34,093 - src.scrappers.facebook_scraper - INFO - Acessando Facebook: https://www.instagram.com/engenharia.maciel/
2026-01-30 22:54:40,790 - src.scrappers.facebook_scraper - INFO - Navegou para seção Sobre
2026-01-30 22:54:42,929 - src.scrappers.facebook_scraper - INFO - WhatsApp encontrado: (19) 99452-5426
2026-01-30 22:54:42,930 - src.scrappers.facebook_scraper - INFO - Dados do Facebook extraídos: {'email': None, 'celular_whatsapp': '(19) 99452-5426'}
2026-01-30 22:54:42,944 - src.processors.async_processor - INFO - Novo registro criado: CONSTRUTORA MAKEL
2026-01-30 22:54:49,808 - __main__ - INFO - Iniciando: LIVIA CAMARINI STUDIO
2026-01-30 22:54:49,815 - src.processors.async_processor - INFO - [118/270] Processando: LIVIA CAMARINI STUDIO
2026-01-30 22:54:49,901 - src.scrappers.google_scraper - INFO - Buscando: "LIVIA CAMARINI STUDIO" Mogi Mirim
2026-01-30 22:54:57,323 - src.scrappers.google_scraper - INFO - Dados extraídos para LIVIA CAMARINI STUDIO: {'telefone': '8997-8449', 'facebook_link': 'https://www.facebook.com/liviacamarinistudio/', 'site': None}
2026-01-30 22:54:57,447 - src.scrappers.facebook_scraper - INFO - Acessando Facebook: https://www.facebook.com/liviacamarinistudio/
2026-01-30 22:56:09,069 - src.scrappers.facebook_scraper - INFO - Email encontrado: liviacamarinistudio@gmail.com
2026-01-30 22:56:09,070 - src.scrappers.facebook_scraper - INFO - WhatsApp encontrado: (19) 99476-7174
2026-01-30 22:56:09,070 - src.scrappers.facebook_scraper - INFO - Dados do Facebook extraídos: {'email': 'liviacamarinistudio@gmail.com', 'celular_whatsapp': '(19) 99476-7174'}
2026-01-30 22:56:09,105 - src.processors.async_processor - INFO - Novo registro criado: LIVIA CAMARINI STUDIO
2026-01-30 22:56:13,296 - __main__ - INFO - Iniciando: BIKE ATTACK
2026-01-30 22:56:13,302 - src.processors.async_processor - INFO - [119/270] Processando: BIKE ATTACK
2026-01-30 22:56:13,384 - src.scrappers.google_scraper - INFO - Buscando: "BIKE ATTACK" Mogi Mirim
2026-01-30 22:56:21,627 - src.scrappers.google_scraper - INFO - Dados extraídos para BIKE ATTACK: {'telefone': '(19) 97111-6610', 'facebook_link': None, 'site': None}
2026-01-30 22:56:21,657 - src.processors.async_processor - INFO - Novo registro criado: BIKE ATTACK
2026-01-30 22:56:26,378 - __main__ - INFO - Iniciando: ESMALTERIA E ESTETICA
2026-01-30 22:56:26,381 - src.processors.async_processor - INFO - [120/270] Processando: ESMALTERIA E ESTETICA
2026-01-30 22:56:26,473 - src.scrappers.google_scraper - INFO - Buscando: "ESMALTERIA E ESTETICA" Mogi Mirim
2026-01-30 22:56:35,165 - src.scrappers.google_scraper - INFO - Dados extraídos para ESMALTERIA E ESTETICA: {'telefone': '(19) 99963-1020', 'facebook_link': 'https://instagram.com/laryssalayra.nails', 'site': None}
2026-01-30 22:56:35,282 - src.scrappers.facebook_scraper - INFO - Acessando Facebook: https://instagram.com/laryssalayra.nails
2026-01-30 22:56:42,405 - src.scrappers.facebook_scraper - INFO - Navegou para seção Sobre
2026-01-30 22:56:44,545 - src.scrappers.facebook_scraper - INFO - WhatsApp encontrado: (19) 99452-5426
2026-01-30 22:56:44,546 - src.scrappers.facebook_scraper - INFO - Dados do Facebook extraídos: {'email': None, 'celular_whatsapp': '(19) 99452-5426'}
2026-01-30 22:56:44,560 - src.processors.async_processor - INFO - Novo registro criado: ESMALTERIA E ESTETICA
2026-01-30 22:56:49,326 - __main__ - INFO - Iniciando: ULTRAFARMA MOGI GUACU
2026-01-30 22:56:49,334 - src.processors.async_processor - INFO - [121/270] Processando: ULTRAFARMA MOGI GUACU
2026-01-30 22:56:49,442 - src.scrappers.google_scraper - INFO - Buscando: "ULTRAFARMA MOGI GUACU" Mogi Mirim
2026-01-30 22:56:57,818 - src.scrappers.google_scraper - INFO - Dados extraídos para ULTRAFARMA MOGI GUACU: {'telefone': '(19) 99642-0102', 'facebook_link': 'https://www.instagram.com/ultrafarma.mogi', 'site': 'http://www.oticasultrafarma.com.br/'}
2026-01-30 22:56:57,932 - src.scrappers.facebook_scraper - INFO - Acessando Facebook: https://www.instagram.com/ultrafarma.mogi
2026-01-30 22:57:04,869 - src.scrappers.facebook_scraper - INFO - Navegou para seção Sobre
2026-01-30 22:57:07,023 - src.scrappers.facebook_scraper - INFO - WhatsApp encontrado: (19) 99452-5426
2026-01-30 22:57:07,023 - src.scrappers.facebook_scraper - INFO - Dados do Facebook extraídos: {'email': None, 'celular_whatsapp': '(19) 99452-5426'}
2026-01-30 22:57:07,044 - src.processors.async_processor - INFO - Novo registro criado: ULTRAFARMA MOGI GUACU
2026-01-30 22:57:13,401 - __main__ - INFO - Iniciando: DCF MEI
2026-01-30 22:57:13,446 - src.processors.async_processor - INFO - [122/270] Processando: DCF MEI
2026-01-30 22:57:13,542 - src.scrappers.google_scraper - INFO - Buscando: "DCF MEI" Mogi Mirim
2026-01-30 22:57:20,940 - src.scrappers.google_scraper - INFO - Dados extraídos para DCF MEI: {'telefone': '8997-8449', 'facebook_link': None, 'site': None}
2026-01-30 22:57:20,969 - src.processors.async_processor - INFO - Novo registro criado: DCF MEI
2026-01-30 22:57:27,779 - __main__ - INFO - Iniciando: CALI SKATE
2026-01-30 22:57:27,781 - src.processors.async_processor - INFO - [123/270] Processando: CALI SKATE
2026-01-30 22:57:27,852 - src.scrappers.google_scraper - INFO - Buscando: "CALI SKATE" Mogi Mirim
2026-01-30 22:57:37,792 - src.scrappers.google_scraper - INFO - Dados extraídos para CALI SKATE: {'telefone': '(19) 98406-2916', 'facebook_link': 'https://www.instagram.com/cali_skateshop/', 'site': None}
2026-01-30 22:57:37,918 - src.scrappers.facebook_scraper - INFO - Acessando Facebook: https://www.instagram.com/cali_skateshop/
2026-01-30 22:57:44,696 - src.scrappers.facebook_scraper - INFO - Navegou para seção Sobre
2026-01-30 22:57:46,833 - src.scrappers.facebook_scraper - INFO - WhatsApp encontrado: (19) 99452-5426
2026-01-30 22:57:46,833 - src.scrappers.facebook_scraper - INFO - Dados do Facebook extraídos: {'email': None, 'celular_whatsapp': '(19) 99452-5426'}
2026-01-30 22:57:46,849 - src.processors.async_processor - INFO - Novo registro criado: CALI SKATE
2026-01-30 22:57:53,048 - __main__ - INFO - Iniciando: ESTRELA DE DAVI
2026-01-30 22:57:53,057 - src.processors.async_processor - INFO - [124/270] Processando: ESTRELA DE DAVI
2026-01-30 22:57:53,185 - src.scrappers.google_scraper - INFO - Buscando: "ESTRELA DE DAVI" Mogi Mirim
2026-01-30 22:58:01,508 - src.scrappers.google_scraper - INFO - Dados extraídos para ESTRELA DE DAVI: {'telefone': '8997-8449', 'facebook_link': 'https://www.instagram.com/reel/DTdecO3kVNH/', 'site': None}
2026-01-30 22:58:01,637 - src.scrappers.facebook_scraper - INFO - Acessando Facebook: https://www.instagram.com/reel/DTdecO3kVNH/
2026-01-30 22:59:12,700 - src.scrappers.facebook_scraper - INFO - WhatsApp encontrado: (19) 99452-5426
2026-01-30 22:59:12,701 - src.scrappers.facebook_scraper - INFO - Dados do Facebook extraídos: {'email': None, 'celular_whatsapp': '(19) 99452-5426'}
2026-01-30 22:59:12,736 - src.processors.async_processor - INFO - Novo registro criado: ESTRELA DE DAVI
2026-01-30 22:59:15,962 - __main__ - INFO - Iniciando: CARVAO SCUDELLER
2026-01-30 22:59:15,964 - src.processors.async_processor - INFO - [125/270] Processando: CARVAO SCUDELLER
2026-01-30 22:59:16,038 - src.scrappers.google_scraper - INFO - Buscando: "CARVAO SCUDELLER" Mogi Mirim
2026-01-30 22:59:23,973 - src.scrappers.google_scraper - INFO - Dados extraídos para CARVAO SCUDELLER: {'telefone': '(19) 40000-0141', 'facebook_link': None, 'site': None}
2026-01-30 22:59:24,002 - src.processors.async_processor - INFO - Novo registro criado: CARVAO SCUDELLER
2026-01-30 22:59:28,014 - __main__ - INFO - Iniciando: VILLA BOVINA CASA DE CARNES
2026-01-30 22:59:28,015 - src.processors.async_processor - INFO - [126/270] Processando: VILLA BOVINA CASA DE CARNES
2026-01-30 22:59:28,083 - src.scrappers.google_scraper - INFO - Buscando: "VILLA BOVINA CASA DE CARNES" Mogi Mirim
2026-01-30 22:59:36,716 - src.scrappers.google_scraper - INFO - Dados extraídos para VILLA BOVINA CASA DE CARNES: {'telefone': '(19) 3806-6466', 'facebook_link': None, 'site': None}
2026-01-30 22:59:36,749 - src.processors.async_processor - INFO - Novo registro criado: VILLA BOVINA CASA DE CARNES
2026-01-30 22:59:41,172 - __main__ - INFO - Iniciando: LA VITA DOLCE
2026-01-30 22:59:41,179 - src.processors.async_processor - INFO - [127/270] Processando: LA VITA DOLCE
2026-01-30 22:59:41,248 - src.scrappers.google_scraper - INFO - Buscando: "LA VITA DOLCE" Mogi Mirim
2026-01-30 22:59:49,996 - src.scrappers.google_scraper - INFO - Dados extraídos para LA VITA DOLCE: {'telefone': '(19) 98314-0809', 'facebook_link': 'https://www.instagram.com/ladolcevitamogi/', 'site': None}
2026-01-30 22:59:50,147 - src.scrappers.facebook_scraper - INFO - Acessando Facebook: https://www.instagram.com/ladolcevitamogi/
2026-01-30 22:59:56,856 - src.scrappers.facebook_scraper - INFO - Navegou para seção Sobre
2026-01-30 22:59:59,001 - src.scrappers.facebook_scraper - INFO - WhatsApp encontrado: (19) 99452-5426
2026-01-30 22:59:59,001 - src.scrappers.facebook_scraper - INFO - Dados do Facebook extraídos: {'email': None, 'celular_whatsapp': '(19) 99452-5426'}
2026-01-30 22:59:59,016 - src.processors.async_processor - INFO - Novo registro criado: LA VITA DOLCE
2026-01-30 23:00:03,572 - __main__ - INFO - Iniciando: SEMPREVALE SUPERMERCADO
2026-01-30 23:00:03,574 - src.processors.async_processor - INFO - [128/270] Processando: SEMPREVALE SUPERMERCADO
2026-01-30 23:00:03,651 - src.scrappers.google_scraper - INFO - Buscando: "SEMPREVALE SUPERMERCADO" Mogi Mirim
2026-01-30 23:00:11,541 - src.scrappers.google_scraper - INFO - Dados extraídos para SEMPREVALE SUPERMERCADO: {'telefone': '(19) 9899-7360', 'facebook_link': None, 'site': 'https://www.diariocidade.com/sp/mogi-mirim/guia/mercados/pg-3/'}
2026-01-30 23:00:11,575 - src.processors.async_processor - INFO - Novo registro criado: SEMPREVALE SUPERMERCADO
2026-01-30 23:00:16,027 - __main__ - INFO - Iniciando: FRANCISCAO LANCHES
2026-01-30 23:00:16,034 - src.processors.async_processor - INFO - [129/270] Processando: FRANCISCAO LANCHES
2026-01-30 23:00:16,114 - src.scrappers.google_scraper - INFO - Buscando: "FRANCISCAO LANCHES" Mogi Mirim
2026-01-30 23:00:24,201 - src.scrappers.google_scraper - INFO - Dados extraídos para FRANCISCAO LANCHES: {'telefone': '(19) 4737-7367', 'facebook_link': 'https://www.facebook.com/mogilanches/', 'site': None}
2026-01-30 23:00:24,343 - src.scrappers.facebook_scraper - INFO - Acessando Facebook: https://www.facebook.com/mogilanches/
2026-01-30 23:01:36,228 - src.scrappers.facebook_scraper - INFO - WhatsApp encontrado: (19) 98163-1907
2026-01-30 23:01:36,228 - src.scrappers.facebook_scraper - INFO - Dados do Facebook extraídos: {'email': None, 'celular_whatsapp': '(19) 98163-1907'}
2026-01-30 23:01:36,268 - src.processors.async_processor - INFO - Novo registro criado: FRANCISCAO LANCHES
2026-01-30 23:01:41,699 - __main__ - INFO - Iniciando: ORTHODONTIC
2026-01-30 23:01:41,706 - src.processors.async_processor - INFO - [130/270] Processando: ORTHODONTIC
2026-01-30 23:01:41,830 - src.scrappers.google_scraper - INFO - Buscando: "ORTHODONTIC" Mogi Mirim
2026-01-30 23:01:51,268 - src.scrappers.google_scraper - INFO - Dados extraídos para ORTHODONTIC: {'telefone': '(19) 99636-9930', 'facebook_link': 'https://www.instagram.com/orthodontic.mogimirim/', 'site': 'https://www.orthodonticbrasil.com.br/clinicas/mogi-mirim-339/'}
2026-01-30 23:01:51,396 - src.scrappers.facebook_scraper - INFO - Acessando Facebook: https://www.instagram.com/orthodontic.mogimirim/
2026-01-30 23:01:58,394 - src.scrappers.facebook_scraper - INFO - Navegou para seção Sobre
2026-01-30 23:02:00,540 - src.scrappers.facebook_scraper - INFO - WhatsApp encontrado: (19) 99452-5426
2026-01-30 23:02:00,541 - src.scrappers.facebook_scraper - INFO - Dados do Facebook extraídos: {'email': None, 'celular_whatsapp': '(19) 99452-5426'}
2026-01-30 23:02:00,557 - src.processors.async_processor - INFO - Novo registro criado: ORTHODONTIC
2026-01-30 23:02:05,362 - __main__ - INFO - Iniciando: FOCUS ODONTOLOGIA
2026-01-30 23:02:05,370 - src.processors.async_processor - INFO - [131/270] Processando: FOCUS ODONTOLOGIA
2026-01-30 23:02:05,508 - src.scrappers.google_scraper - INFO - Buscando: "FOCUS ODONTOLOGIA" Mogi Mirim
2026-01-30 23:02:14,874 - src.scrappers.google_scraper - INFO - Dados extraídos para FOCUS ODONTOLOGIA: {'telefone': '(19) 99708-0675', 'facebook_link': 'https://www.facebook.com/focusodonto/', 'site': 'https://focusodonto.com/'}
2026-01-30 23:02:15,026 - src.scrappers.facebook_scraper - INFO - Acessando Facebook: https://www.facebook.com/focusodonto/
2026-01-30 23:03:27,039 - src.scrappers.facebook_scraper - INFO - WhatsApp encontrado: (19) 99708-0675
2026-01-30 23:03:27,040 - src.scrappers.facebook_scraper - INFO - Dados do Facebook extraídos: {'email': None, 'celular_whatsapp': '(19) 99708-0675'}
2026-01-30 23:03:27,082 - src.processors.async_processor - INFO - Novo registro criado: FOCUS ODONTOLOGIA
2026-01-30 23:03:33,861 - __main__ - INFO - Iniciando: JZ ESTUDIO JAQUELINE ZANUTO
2026-01-30 23:03:33,886 - src.processors.async_processor - INFO - [132/270] Processando: JZ ESTUDIO JAQUELINE ZANUTO
2026-01-30 23:03:34,001 - src.scrappers.google_scraper - INFO - Buscando: "JZ ESTUDIO JAQUELINE ZANUTO" Mogi Mirim
2026-01-30 23:03:43,496 - src.scrappers.google_scraper - INFO - Dados extraídos para JZ ESTUDIO JAQUELINE ZANUTO: {'telefone': '(19) 99566-2358', 'facebook_link': 'https://www.instagram.com/joao.marrques/', 'site': None}
2026-01-30 23:03:43,631 - src.scrappers.facebook_scraper - INFO - Acessando Facebook: https://www.instagram.com/joao.marrques/
2026-01-30 23:03:50,445 - src.scrappers.facebook_scraper - INFO - Navegou para seção Sobre
2026-01-30 23:03:52,590 - src.scrappers.facebook_scraper - INFO - WhatsApp encontrado: (19) 99566-2358
2026-01-30 23:03:52,591 - src.scrappers.facebook_scraper - INFO - Dados do Facebook extraídos: {'email': None, 'celular_whatsapp': '(19) 99566-2358'}
2026-01-30 23:03:52,612 - src.processors.async_processor - INFO - Novo registro criado: JZ ESTUDIO JAQUELINE ZANUTO
2026-01-30 23:03:59,415 - __main__ - INFO - Iniciando: NAYARA REIS SOUZA
2026-01-30 23:03:59,425 - src.processors.async_processor - INFO - [133/270] Processando: NAYARA REIS SOUZA
2026-01-30 23:03:59,503 - src.scrappers.google_scraper - INFO - Buscando: "NAYARA REIS SOUZA" Mogi Mirim
2026-01-30 23:04:07,879 - src.scrappers.google_scraper - INFO - Dados extraídos para NAYARA REIS SOUZA: {'telefone': '8997-8449', 'facebook_link': None, 'site': None}
2026-01-30 23:04:07,918 - src.processors.async_processor - INFO - Novo registro criado: NAYARA REIS SOUZA
2026-01-30 23:04:13,043 - __main__ - INFO - Iniciando: PET MONSTRINHO
2026-01-30 23:04:13,047 - src.processors.async_processor - INFO - [134/270] Processando: PET MONSTRINHO
2026-01-30 23:04:13,151 - src.scrappers.google_scraper - INFO - Buscando: "PET MONSTRINHO" Mogi Mirim
2026-01-30 23:04:21,419 - src.scrappers.google_scraper - INFO - Dados extraídos para PET MONSTRINHO: {'telefone': '(19) 07519-9827', 'facebook_link': 'https://www.instagram.com/reel/DC85XgRObJQ/', 'site': None}
2026-01-30 23:04:21,556 - src.scrappers.facebook_scraper - INFO - Acessando Facebook: https://www.instagram.com/reel/DC85XgRObJQ/
2026-01-30 23:05:32,680 - src.scrappers.facebook_scraper - INFO - WhatsApp encontrado: (19) 99452-5426
2026-01-30 23:05:32,681 - src.scrappers.facebook_scraper - INFO - Dados do Facebook extraídos: {'email': None, 'celular_whatsapp': '(19) 99452-5426'}
2026-01-30 23:05:32,719 - src.processors.async_processor - INFO - Novo registro criado: PET MONSTRINHO
2026-01-30 23:05:38,747 - __main__ - INFO - Iniciando: TENIS INTELIGENTE
2026-01-30 23:05:38,748 - src.processors.async_processor - INFO - [135/270] Processando: TENIS INTELIGENTE
2026-01-30 23:05:38,825 - src.scrappers.google_scraper - INFO - Buscando: "TENIS INTELIGENTE" Mogi Mirim
2026-01-30 23:05:48,424 - src.scrappers.google_scraper - INFO - Dados extraídos para TENIS INTELIGENTE: {'telefone': '(19) 3549-9444', 'facebook_link': 'https://www.instagram.com/tenis_inteligente/', 'site': None}
2026-01-30 23:05:48,547 - src.scrappers.facebook_scraper - INFO - Acessando Facebook: https://www.instagram.com/tenis_inteligente/
2026-01-30 23:05:55,439 - src.scrappers.facebook_scraper - INFO - Navegou para seção Sobre
2026-01-30 23:05:57,620 - src.scrappers.facebook_scraper - INFO - WhatsApp encontrado: (19) 99452-5426
2026-01-30 23:05:57,620 - src.scrappers.facebook_scraper - INFO - Dados do Facebook extraídos: {'email': None, 'celular_whatsapp': '(19) 99452-5426'}
2026-01-30 23:05:57,640 - src.processors.async_processor - INFO - Novo registro criado: TENIS INTELIGENTE
2026-01-30 23:06:01,926 - __main__ - INFO - Iniciando: JN - NEGUINHO TRUCK
2026-01-30 23:06:01,935 - src.processors.async_processor - INFO - [136/270] Processando: JN - NEGUINHO TRUCK
2026-01-30 23:06:02,073 - src.scrappers.google_scraper - INFO - Buscando: "JN - NEGUINHO TRUCK" Mogi Mirim
2026-01-30 23:06:09,773 - src.scrappers.google_scraper - INFO - Dados extraídos para JN - NEGUINHO TRUCK: {'telefone': '8997-8449', 'facebook_link': None, 'site': None}
2026-01-30 23:06:09,811 - src.processors.async_processor - INFO - Novo registro criado: JN - NEGUINHO TRUCK
2026-01-30 23:06:14,714 - __main__ - INFO - Iniciando: DELIVERY DE BEBIDAS DF
2026-01-30 23:06:14,716 - src.processors.async_processor - INFO - [137/270] Processando: DELIVERY DE BEBIDAS DF
2026-01-30 23:06:14,801 - src.scrappers.google_scraper - INFO - Buscando: "DELIVERY DE BEBIDAS DF" Mogi Mirim
2026-01-30 23:06:23,979 - src.scrappers.google_scraper - INFO - Dados extraídos para DELIVERY DE BEBIDAS DF: {'telefone': '(19) 98998-7207', 'facebook_link': None, 'site': None}
2026-01-30 23:06:24,018 - src.processors.async_processor - INFO - Novo registro criado: DELIVERY DE BEBIDAS DF
2026-01-30 23:06:30,406 - __main__ - INFO - Iniciando: CA - CAROL ALMEIDA LASH DESIGNER - ESTETICA E CIA
2026-01-30 23:06:30,412 - src.processors.async_processor - INFO - [138/270] Processando: CA - CAROL ALMEIDA LASH DESIGNER - ESTETICA E CIA
2026-01-30 23:06:30,537 - src.scrappers.google_scraper - INFO - Buscando: "CA - CAROL ALMEIDA LASH DESIGNER - ESTETICA E CIA" Mogi Mirim
2026-01-30 23:06:38,908 - src.scrappers.google_scraper - INFO - Dados extraídos para CA - CAROL ALMEIDA LASH DESIGNER - ESTETICA E CIA: {'telefone': '(19) 99846-8648', 'facebook_link': 'https://instagram.com/carolmarcuriobeauty', 'site': None}
2026-01-30 23:06:39,036 - src.scrappers.facebook_scraper - INFO - Acessando Facebook: https://instagram.com/carolmarcuriobeauty
2026-01-30 23:06:46,018 - src.scrappers.facebook_scraper - INFO - Navegou para seção Sobre
2026-01-30 23:06:48,146 - src.scrappers.facebook_scraper - INFO - WhatsApp encontrado: (19) 99452-5426
2026-01-30 23:06:48,147 - src.scrappers.facebook_scraper - INFO - Dados do Facebook extraídos: {'email': None, 'celular_whatsapp': '(19) 99452-5426'}
2026-01-30 23:06:48,166 - src.processors.async_processor - INFO - Novo registro criado: CA - CAROL ALMEIDA LASH DESIGNER - ESTETICA E CIA
2026-01-30 23:06:53,126 - __main__ - INFO - Iniciando: MARLENE SALGADOS
2026-01-30 23:06:53,131 - src.processors.async_processor - INFO - [139/270] Processando: MARLENE SALGADOS
2026-01-30 23:06:53,208 - src.scrappers.google_scraper - INFO - Buscando: "MARLENE SALGADOS" Mogi Mirim
2026-01-30 23:07:02,502 - src.scrappers.google_scraper - INFO - Dados extraídos para MARLENE SALGADOS: {'telefone': '(19) 0400-0000', 'facebook_link': 'https://www.instagram.com/marlenesalgadoss/', 'site': None}
2026-01-30 23:07:02,651 - src.scrappers.facebook_scraper - INFO - Acessando Facebook: https://www.instagram.com/marlenesalgadoss/
2026-01-30 23:07:09,753 - src.scrappers.facebook_scraper - INFO - Navegou para seção Sobre
2026-01-30 23:07:11,935 - src.scrappers.facebook_scraper - INFO - WhatsApp encontrado: (19) 99452-5426
2026-01-30 23:07:11,935 - src.scrappers.facebook_scraper - INFO - Dados do Facebook extraídos: {'email': None, 'celular_whatsapp': '(19) 99452-5426'}
2026-01-30 23:07:11,951 - src.processors.async_processor - INFO - Novo registro criado: MARLENE SALGADOS
2026-01-30 23:07:18,188 - __main__ - INFO - Iniciando: LABORATORIO DE BOLOS
2026-01-30 23:07:18,190 - src.processors.async_processor - INFO - [140/270] Processando: LABORATORIO DE BOLOS
2026-01-30 23:07:18,316 - src.scrappers.google_scraper - INFO - Buscando: "LABORATORIO DE BOLOS" Mogi Mirim
2026-01-30 23:07:26,573 - src.scrappers.google_scraper - INFO - Dados extraídos para LABORATORIO DE BOLOS: {'telefone': '(19) 3806-3686', 'facebook_link': None, 'site': None}
2026-01-30 23:07:26,614 - src.processors.async_processor - INFO - Novo registro criado: LABORATORIO DE BOLOS
2026-01-30 23:07:33,012 - __main__ - INFO - Iniciando: VILA PET
2026-01-30 23:07:33,018 - src.processors.async_processor - INFO - [141/270] Processando: VILA PET
2026-01-30 23:07:33,119 - src.scrappers.google_scraper - INFO - Buscando: "VILA PET" Mogi Mirim
2026-01-30 23:07:42,269 - src.scrappers.google_scraper - INFO - Dados extraídos para VILA PET: {'telefone': '(19) 3804-2253', 'facebook_link': 'https://www.facebook.com/vilapetmogi2019/', 'site': None}
2026-01-30 23:07:42,431 - src.scrappers.facebook_scraper - INFO - Acessando Facebook: https://www.facebook.com/vilapetmogi2019/
2026-01-30 23:08:53,932 - src.scrappers.facebook_scraper - INFO - WhatsApp encontrado: (19) 99730-5655
2026-01-30 23:08:53,932 - src.scrappers.facebook_scraper - INFO - Dados do Facebook extraídos: {'email': None, 'celular_whatsapp': '(19) 99730-5655'}
2026-01-30 23:08:53,976 - src.processors.async_processor - INFO - Novo registro criado: VILA PET
2026-01-30 23:08:58,469 - __main__ - INFO - Iniciando: LA NATURA
2026-01-30 23:08:58,476 - src.processors.async_processor - INFO - [142/270] Processando: LA NATURA
2026-01-30 23:08:58,557 - src.scrappers.google_scraper - INFO - Buscando: "LA NATURA" Mogi Mirim
2026-01-30 23:09:08,354 - src.scrappers.google_scraper - INFO - Dados extraídos para LA NATURA: {'telefone': '(19) 97146-2055', 'facebook_link': 'https://www.facebook.com/lanaturapn/', 'site': 'https://www.decolar.com/atracoes-turisticas/m16/atracoes-mogi+mirim'}
2026-01-30 23:09:08,495 - src.scrappers.facebook_scraper - INFO - Acessando Facebook: https://www.facebook.com/lanaturapn/
2026-01-30 23:10:20,644 - src.scrappers.facebook_scraper - INFO - Email encontrado: lanaturapn@gmail.com
2026-01-30 23:10:20,649 - src.scrappers.facebook_scraper - INFO - WhatsApp encontrado: (19) 91254-9906
2026-01-30 23:10:20,650 - src.scrappers.facebook_scraper - INFO - Dados do Facebook extraídos: {'email': 'lanaturapn@gmail.com', 'celular_whatsapp': '(19) 91254-9906'}
2026-01-30 23:10:20,686 - src.processors.async_processor - INFO - Novo registro criado: LA NATURA
2026-01-30 23:10:25,162 - __main__ - INFO - Iniciando: ***
2026-01-30 23:10:25,168 - src.processors.async_processor - INFO - [143/270] Processando: ***
2026-01-30 23:10:25,269 - src.scrappers.google_scraper - INFO - Buscando: "***" Mogi Mirim
2026-01-30 23:10:33,673 - src.scrappers.google_scraper - INFO - Dados extraídos para ***: {'telefone': '8997-8449', 'facebook_link': 'https://www.instagram.com/prefeiturademogimirim/', 'site': 'http://www.siteantigomogi.sp.gov.br/'}
2026-01-30 23:10:33,824 - src.scrappers.facebook_scraper - INFO - Acessando Facebook: https://www.instagram.com/prefeiturademogimirim/
2026-01-30 23:10:40,911 - src.scrappers.facebook_scraper - INFO - Navegou para seção Sobre
2026-01-30 23:10:43,040 - src.scrappers.facebook_scraper - INFO - WhatsApp encontrado: (19) 99452-5426
2026-01-30 23:10:43,041 - src.scrappers.facebook_scraper - INFO - Dados do Facebook extraídos: {'email': None, 'celular_whatsapp': '(19) 99452-5426'}
2026-01-30 23:10:43,057 - src.processors.async_processor - INFO - Registro atualizado: ***
2026-01-30 23:10:47,323 - __main__ - INFO - Iniciando: PAMELLA ROCHELLE
2026-01-30 23:10:47,335 - src.processors.async_processor - INFO - [144/270] Processando: PAMELLA ROCHELLE
2026-01-30 23:10:47,412 - src.scrappers.google_scraper - INFO - Buscando: "PAMELLA ROCHELLE" Mogi Mirim
2026-01-30 23:10:55,672 - src.scrappers.google_scraper - INFO - Dados extraídos para PAMELLA ROCHELLE: {'telefone': '(19) 99796-4941', 'facebook_link': 'https://pt-br.facebook.com/pamela.rochele/', 'site': None}
2026-01-30 23:10:55,847 - src.scrappers.facebook_scraper - INFO - Acessando Facebook: https://pt-br.facebook.com/pamela.rochele/
2026-01-30 23:11:03,101 - src.scrappers.facebook_scraper - INFO - WhatsApp encontrado: (19) 99452-5426
2026-01-30 23:11:03,102 - src.scrappers.facebook_scraper - INFO - Dados do Facebook extraídos: {'email': None, 'celular_whatsapp': '(19) 99452-5426'}
2026-01-30 23:11:03,137 - src.processors.async_processor - INFO - Novo registro criado: PAMELLA ROCHELLE
2026-01-30 23:11:06,890 - __main__ - INFO - Iniciando: MARIA E JOAO BOUTIK BRECHO
2026-01-30 23:11:06,892 - src.processors.async_processor - INFO - [145/270] Processando: MARIA E JOAO BOUTIK BRECHO
2026-01-30 23:11:06,992 - src.scrappers.google_scraper - INFO - Buscando: "MARIA E JOAO BOUTIK BRECHO" Mogi Mirim
2026-01-30 23:11:11,230 - src.scrappers.google_scraper - WARNING - CAPTCHA detectado via seletor: form#captcha-form
2026-01-30 23:11:11,231 - src.processors.async_processor - WARNING - CAPTCHA detectado para: MARIA E JOAO BOUTIK BRECHO
2026-01-30 23:11:11,240 - __main__ - WARNING - CAPTCHA: MARIA E JOAO BOUTIK BRECHO - CAPTCHA detectado! Aguardando resolução manual...
2026-01-30 23:11:11,241 - src.scrappers.google_scraper - WARNING - CAPTCHA detectado! Aguardando intervenção humana...
2026-01-30 23:11:11,241 - src.scrappers.google_scraper - WARNING - ============================================================
2026-01-30 23:11:11,244 - src.scrappers.google_scraper - WARNING - ============================================================
2026-01-30 23:11:11,244 - src.scrappers.google_scraper - WARNING - Empresa: MARIA E JOAO BOUTIK BRECHO
2026-01-30 23:11:11,245 - src.scrappers.google_scraper - WARNING - Instruções:
2026-01-30 23:11:11,245 - src.scrappers.google_scraper - WARNING - 1. Resolva o CAPTCHA manualmente na janela do navegador
2026-01-30 23:11:11,245 - src.scrappers.google_scraper - WARNING - 2. Aguarde até ver os resultados da busca aparecerem
2026-01-30 23:11:11,245 - src.scrappers.google_scraper - WARNING - 3. O script continuará automaticamente
2026-01-30 23:11:11,246 - src.scrappers.google_scraper - WARNING - ============================================================
2026-01-30 23:16:11,259 - src.scrappers.google_scraper - ERROR - Timeout aguardando resolução do CAPTCHA
2026-01-30 23:16:11,327 - src.processors.async_processor - ERROR - CAPTCHA detectado para MARIA E JOAO BOUTIK BRECHO: Timeout ao aguardar resolução manual do CAPTCHA
2026-01-30 23:16:11,347 - __main__ - ERROR - Erro em MARIA E JOAO BOUTIK BRECHO: CAPTCHA: Timeout ao aguardar resolução manual do CAPTCHA
2026-01-30 23:16:11,379 - src.processors.async_processor - WARNING - DICA: Execute novamente com headless=False para resolver CAPTCHAs manualmente
2026-01-30 23:16:11,388 - __main__ - INFO - Iniciando: XMED
2026-01-30 23:16:11,389 - src.processors.async_processor - INFO - [146/270] Processando: XMED
2026-01-30 23:16:11,470 - src.scrappers.google_scraper - INFO - Buscando: "XMED" Mogi Mirim
2026-01-30 23:16:15,952 - src.scrappers.google_scraper - WARNING - CAPTCHA detectado via seletor: form#captcha-form
2026-01-30 23:16:15,952 - src.processors.async_processor - WARNING - CAPTCHA detectado para: XMED
2026-01-30 23:16:15,965 - __main__ - WARNING - CAPTCHA: XMED - CAPTCHA detectado! Aguardando resolução manual...
2026-01-30 23:16:15,966 - src.scrappers.google_scraper - WARNING - CAPTCHA detectado! Aguardando intervenção humana...
2026-01-30 23:16:15,966 - src.scrappers.google_scraper - WARNING - ============================================================
2026-01-30 23:16:15,969 - src.scrappers.google_scraper - WARNING - ============================================================
2026-01-30 23:16:15,969 - src.scrappers.google_scraper - WARNING - Empresa: XMED
2026-01-30 23:16:15,970 - src.scrappers.google_scraper - WARNING - Instruções:
2026-01-30 23:16:15,970 - src.scrappers.google_scraper - WARNING - 1. Resolva o CAPTCHA manualmente na janela do navegador
2026-01-30 23:16:15,970 - src.scrappers.google_scraper - WARNING - 2. Aguarde até ver os resultados da busca aparecerem
2026-01-30 23:16:15,970 - src.scrappers.google_scraper - WARNING - 3. O script continuará automaticamente
2026-01-30 23:16:15,970 - src.scrappers.google_scraper - WARNING - ============================================================
2026-01-30 23:21:15,991 - src.scrappers.google_scraper - ERROR - Timeout aguardando resolução do CAPTCHA
2026-01-30 23:21:16,070 - src.processors.async_processor - ERROR - CAPTCHA detectado para XMED: Timeout ao aguardar resolução manual do CAPTCHA
2026-01-30 23:21:16,083 - __main__ - ERROR - Erro em XMED: CAPTCHA: Timeout ao aguardar resolução manual do CAPTCHA
2026-01-30 23:21:16,115 - src.processors.async_processor - WARNING - DICA: Execute novamente com headless=False para resolver CAPTCHAs manualmente
2026-01-30 23:21:16,134 - __main__ - INFO - Iniciando: AMF AGRO NUTRICAO ANIMAL
2026-01-30 23:21:16,134 - src.processors.async_processor - INFO - [147/270] Processando: AMF AGRO NUTRICAO ANIMAL
2026-01-30 23:21:16,212 - src.scrappers.google_scraper - INFO - Buscando: "AMF AGRO NUTRICAO ANIMAL" Mogi Mirim
2026-01-30 23:21:24,303 - src.scrappers.google_scraper - INFO - Dados extraídos para AMF AGRO NUTRICAO ANIMAL: {'telefone': '8997-8449', 'facebook_link': None, 'site': None}
2026-01-30 23:21:24,347 - src.processors.async_processor - INFO - Novo registro criado: AMF AGRO NUTRICAO ANIMAL
2026-01-30 23:21:29,186 - __main__ - INFO - Iniciando: IMPERIO REPRESENTACOES
2026-01-30 23:21:29,193 - src.processors.async_processor - INFO - [148/270] Processando: IMPERIO REPRESENTACOES
2026-01-30 23:21:29,298 - src.scrappers.google_scraper - INFO - Buscando: "IMPERIO REPRESENTACOES" Mogi Mirim
2026-01-30 23:21:36,976 - src.scrappers.google_scraper - INFO - Dados extraídos para IMPERIO REPRESENTACOES: {'telefone': '8997-8449', 'facebook_link': None, 'site': 'https://www.gov.br/pgfn/pt-br/servicos/editais-de-notificacao/editais-2024/EDITALDEABERTURADEPROCEDIMENTOADMINISTRATIVODERECONHECIMENTODERESPONSABILIDADEN801.pdf'}
2026-01-30 23:21:37,010 - src.processors.async_processor - INFO - Novo registro criado: IMPERIO REPRESENTACOES
2026-01-30 23:21:40,483 - __main__ - INFO - Iniciando: SECRETARIA MUNICIPAL DE EDUCACAO
2026-01-30 23:21:40,498 - src.processors.async_processor - INFO - [149/270] Processando: SECRETARIA MUNICIPAL DE EDUCACAO
2026-01-30 23:21:40,586 - src.scrappers.google_scraper - INFO - Buscando: "SECRETARIA MUNICIPAL DE EDUCACAO" Mogi Mirim
2026-01-30 23:21:50,309 - src.scrappers.google_scraper - INFO - Dados extraídos para SECRETARIA MUNICIPAL DE EDUCACAO: {'telefone': '(19) 3814-2121', 'facebook_link': 'https://www.facebook.com/SEDUCMM/', 'site': 'http://www.mogimirim.sp.gov.br/'}
2026-01-30 23:21:50,431 - src.scrappers.facebook_scraper - INFO - Acessando Facebook: https://www.facebook.com/SEDUCMM/
2026-01-30 23:23:02,595 - src.scrappers.facebook_scraper - INFO - Email encontrado: adm.seduc@edu.mogimirim.sp.gov.br
2026-01-30 23:23:02,598 - src.scrappers.facebook_scraper - INFO - WhatsApp encontrado: (19) 99452-5426
2026-01-30 23:23:02,598 - src.scrappers.facebook_scraper - INFO - Dados do Facebook extraídos: {'email': 'adm.seduc@edu.mogimirim.sp.gov.br', 'celular_whatsapp': '(19) 99452-5426'}
2026-01-30 23:23:02,637 - src.processors.async_processor - INFO - Registro atualizado: SECRETARIA MUNICIPAL DE EDUCACAO
2026-01-30 23:23:08,141 - __main__ - INFO - Iniciando: ENDRUVEIT SERVICOS MEDICOS E ODONTOLOGICOS
2026-01-30 23:23:08,145 - src.processors.async_processor - INFO - [150/270] Processando: ENDRUVEIT SERVICOS MEDICOS E ODONTOLOGICOS
2026-01-30 23:23:08,230 - src.scrappers.google_scraper - INFO - Buscando: "ENDRUVEIT SERVICOS MEDICOS E ODONTOLOGICOS" Mogi Mirim
2026-01-30 23:23:16,478 - src.scrappers.google_scraper - INFO - Dados extraídos para ENDRUVEIT SERVICOS MEDICOS E ODONTOLOGICOS: {'telefone': '(19) 99911-1437', 'facebook_link': None, 'site': None}
2026-01-30 23:23:16,514 - src.processors.async_processor - INFO - Novo registro criado: ENDRUVEIT SERVICOS MEDICOS E ODONTOLOGICOS
2026-01-30 23:23:20,585 - __main__ - INFO - Iniciando: STUDIO SAUDE
2026-01-30 23:23:20,588 - src.processors.async_processor - INFO - [151/270] Processando: STUDIO SAUDE
2026-01-30 23:23:20,682 - src.scrappers.google_scraper - INFO - Buscando: "STUDIO SAUDE" Mogi Mirim
2026-01-30 23:23:30,138 - src.scrappers.google_scraper - INFO - Dados extraídos para STUDIO SAUDE: {'telefone': '(19) 99977-1845', 'facebook_link': 'https://www.instagram.com/studiosaude.mogi/', 'site': None}
2026-01-30 23:23:30,270 - src.scrappers.facebook_scraper - INFO - Acessando Facebook: https://www.instagram.com/studiosaude.mogi/
2026-01-30 23:23:37,369 - src.scrappers.facebook_scraper - INFO - Navegou para seção Sobre
2026-01-30 23:23:39,509 - src.scrappers.facebook_scraper - INFO - WhatsApp encontrado: (19) 99977-1845
2026-01-30 23:23:39,509 - src.scrappers.facebook_scraper - INFO - Dados do Facebook extraídos: {'email': None, 'celular_whatsapp': '(19) 99977-1845'}
2026-01-30 23:23:39,531 - src.processors.async_processor - INFO - Novo registro criado: STUDIO SAUDE
2026-01-30 23:23:44,000 - __main__ - INFO - Iniciando: QUANTUM EMPREENDIMENTOS
2026-01-30 23:23:44,012 - src.processors.async_processor - INFO - [152/270] Processando: QUANTUM EMPREENDIMENTOS
2026-01-30 23:23:44,116 - src.scrappers.google_scraper - INFO - Buscando: "QUANTUM EMPREENDIMENTOS" Mogi Mirim
2026-01-30 23:23:52,225 - src.scrappers.google_scraper - INFO - Dados extraídos para QUANTUM EMPREENDIMENTOS: {'telefone': '8997-8449', 'facebook_link': None, 'site': None}
2026-01-30 23:23:52,258 - src.processors.async_processor - INFO - Novo registro criado: QUANTUM EMPREENDIMENTOS
2026-01-30 23:23:57,143 - __main__ - INFO - Iniciando: MASTER QUADRAS
2026-01-30 23:23:57,166 - src.processors.async_processor - INFO - [153/270] Processando: MASTER QUADRAS
2026-01-30 23:23:57,257 - src.scrappers.google_scraper - INFO - Buscando: "MASTER QUADRAS" Mogi Mirim
2026-01-30 23:24:05,692 - src.scrappers.google_scraper - INFO - Dados extraídos para MASTER QUADRAS: {'telefone': '8997-8449', 'facebook_link': None, 'site': None}
2026-01-30 23:24:05,725 - src.processors.async_processor - INFO - Novo registro criado: MASTER QUADRAS
2026-01-30 23:24:11,700 - __main__ - INFO - Iniciando: BORRACHARIA DO AURILO
2026-01-30 23:24:11,702 - src.processors.async_processor - INFO - [154/270] Processando: BORRACHARIA DO AURILO
2026-01-30 23:24:11,789 - src.scrappers.google_scraper - INFO - Buscando: "BORRACHARIA DO AURILO" Mogi Mirim
2026-01-30 23:24:20,820 - src.scrappers.google_scraper - INFO - Dados extraídos para BORRACHARIA DO AURILO: {'telefone': '(19) 98766-6974', 'facebook_link': 'https://www.instagram.com/borracharia_aurilo', 'site': None}
2026-01-30 23:24:20,976 - src.scrappers.facebook_scraper - INFO - Acessando Facebook: https://www.instagram.com/borracharia_aurilo
2026-01-30 23:24:27,756 - src.scrappers.facebook_scraper - INFO - Navegou para seção Sobre
2026-01-30 23:24:29,899 - src.scrappers.facebook_scraper - INFO - WhatsApp encontrado: (19) 98853-1808
2026-01-30 23:24:29,899 - src.scrappers.facebook_scraper - INFO - Dados do Facebook extraídos: {'email': None, 'celular_whatsapp': '(19) 98853-1808'}
2026-01-30 23:24:29,917 - src.processors.async_processor - INFO - Novo registro criado: BORRACHARIA DO AURILO
2026-01-30 23:24:30,005 - src.processors.async_processor - ERROR - Erro ao processar BORRACHARIA DO AURILO: App is not running
2026-01-30 23:24:31,733 - __main__ - ERROR - Erro durante processamento: App is not running
2026-01-30 23:26:15,626 - __main__ - INFO - Iniciando ExtractMogi
2026-01-30 23:26:15,647 - __main__ - INFO - Banco de dados inicializado
2026-01-30 23:26:21,942 - src.exporters.data_exporter - INFO - Exportação concluída: 144 empresas exportadas para exports\extractmogi_export_20260130_232621.csv
2026-01-30 23:26:21,945 - __main__ - INFO - Exportação realizada: exports\extractmogi_export_20260130_232621.csv
2026-02-01 22:28:21,335 - __main__ - INFO - Iniciando ExtractMogi
2026-02-01 22:28:21,732 - __main__ - INFO - Banco de dados inicializado
2026-02-01 22:28:25,496 - __main__ - INFO - Tabela de dados limpa
2026-02-01 22:28:44,722 - src.processors.async_processor - INFO - CSV lido com sucesso: 116 empresas encontradas
2026-02-01 22:28:44,723 - __main__ - INFO - CSV carregado: 20260124_140352_busca_mogi_perfil.csv com 116 empresas
2026-02-01 22:28:46,988 - __main__ - INFO - Iniciando processamento de empresas
2026-02-01 22:28:46,992 - src.processors.async_processor - INFO - CSV lido com sucesso: 116 empresas encontradas
2026-02-01 22:28:46,992 - src.processors.async_processor - INFO - Iniciando processamento assíncrono de 116 empresas
2026-02-01 22:29:08,142 - __main__ - INFO - Iniciando: VHM MANUTENCAO E PINTURA INDUSTRIAL
2026-02-01 22:29:08,146 - src.processors.async_processor - INFO - [1/116] Processando: VHM MANUTENCAO E PINTURA INDUSTRIAL
2026-02-01 22:29:14,486 - src.scrappers.google_scraper - INFO - Buscando: "VHM MANUTENCAO E PINTURA INDUSTRIAL" Mogi Mirim
2026-02-01 22:29:19,996 - src.scrappers.google_scraper - WARNING - CAPTCHA detectado via seletor: form#captcha-form
2026-02-01 22:29:19,996 - src.processors.async_processor - WARNING - CAPTCHA detectado para: VHM MANUTENCAO E PINTURA INDUSTRIAL
2026-02-01 22:29:20,019 - __main__ - WARNING - CAPTCHA: VHM MANUTENCAO E PINTURA INDUSTRIAL - CAPTCHA detectado! Aguardando resolução manual...
2026-02-01 22:29:20,019 - src.scrappers.google_scraper - WARNING - CAPTCHA detectado! Aguardando intervenção humana...
2026-02-01 22:29:20,019 - src.scrappers.google_scraper - WARNING - ============================================================
2026-02-01 22:29:20,109 - src.scrappers.google_scraper - WARNING - ============================================================
2026-02-01 22:29:20,109 - src.scrappers.google_scraper - WARNING - Empresa: VHM MANUTENCAO E PINTURA INDUSTRIAL
2026-02-01 22:29:20,109 - src.scrappers.google_scraper - WARNING - Instruções:
2026-02-01 22:29:20,110 - src.scrappers.google_scraper - WARNING - 1. Resolva o CAPTCHA manualmente na janela do navegador
2026-02-01 22:29:20,110 - src.scrappers.google_scraper - WARNING - 2. Aguarde até ver os resultados da busca aparecerem
2026-02-01 22:29:20,110 - src.scrappers.google_scraper - WARNING - 3. O script continuará automaticamente
2026-02-01 22:29:20,110 - src.scrappers.google_scraper - WARNING - ============================================================
2026-02-01 22:29:39,314 - src.scrappers.google_scraper - INFO - Dados extraídos para VHM MANUTENCAO E PINTURA INDUSTRIAL: {'telefone': '(19) 3804-3266', 'facebook_link': 'https://www.instagram.com/vhe.engenharia/', 'site': 'http://www.vheengenharia.com.br/'}
2026-02-01 22:29:39,529 - src.scrappers.facebook_scraper - INFO - Acessando Facebook: https://www.instagram.com/vhe.engenharia/
2026-02-01 22:30:51,221 - src.scrappers.facebook_scraper - INFO - WhatsApp encontrado: (19) 91669-8791
2026-02-01 22:30:51,221 - src.scrappers.facebook_scraper - INFO - Dados do Facebook extraídos: {'email': None, 'celular_whatsapp': '(19) 91669-8791'}
2026-02-01 22:30:51,356 - src.processors.async_processor - INFO - Novo registro criado: VHM MANUTENCAO E PINTURA INDUSTRIAL
2026-02-01 22:30:55,018 - __main__ - INFO - Iniciando: POTE DE OURO
2026-02-01 22:30:55,023 - src.processors.async_processor - INFO - [2/116] Processando: POTE DE OURO
2026-02-01 22:30:55,151 - src.scrappers.google_scraper - INFO - Buscando: "POTE DE OURO" Mogi Mirim
2026-02-01 22:31:04,468 - src.scrappers.google_scraper - INFO - Dados extraídos para POTE DE OURO: {'telefone': '(19) 99930-0795', 'facebook_link': 'https://www.facebook.com/cnaidiomasmogimirim/', 'site': None}
2026-02-01 22:31:04,653 - src.scrappers.facebook_scraper - INFO - Acessando Facebook: https://www.facebook.com/cnaidiomasmogimirim/
2026-02-01 22:32:17,079 - src.scrappers.facebook_scraper - INFO - Email encontrado: mogimirim@cna.com.br
2026-02-01 22:32:17,080 - src.scrappers.facebook_scraper - INFO - WhatsApp encontrado: (19) 97158-0311
2026-02-01 22:32:17,081 - src.scrappers.facebook_scraper - INFO - Dados do Facebook extraídos: {'email': 'mogimirim@cna.com.br', 'celular_whatsapp': '(19) 97158-0311'}
2026-02-01 22:32:17,101 - src.processors.async_processor - INFO - Novo registro criado: POTE DE OURO
2026-02-01 22:32:22,856 - __main__ - INFO - Iniciando: MINDIKA SOLAR
2026-02-01 22:32:22,860 - src.processors.async_processor - INFO - [3/116] Processando: MINDIKA SOLAR
2026-02-01 22:32:22,997 - src.scrappers.google_scraper - INFO - Buscando: "MINDIKA SOLAR" Mogi Mirim
2026-02-01 22:32:31,825 - src.scrappers.google_scraper - INFO - Dados extraídos para MINDIKA SOLAR: {'telefone': '(19) 98880-0930', 'facebook_link': 'https://www.instagram.com/mindikasolar/', 'site': 'https://mindikasolar.com.br/'}
2026-02-01 22:32:31,995 - src.scrappers.facebook_scraper - INFO - Acessando Facebook: https://www.instagram.com/mindikasolar/
2026-02-01 22:33:43,732 - src.scrappers.facebook_scraper - INFO - WhatsApp encontrado: (19) 98880-0930
2026-02-01 22:33:43,733 - src.scrappers.facebook_scraper - INFO - Dados do Facebook extraídos: {'email': None, 'celular_whatsapp': '(19) 98880-0930'}
2026-02-01 22:33:43,753 - src.processors.async_processor - INFO - Novo registro criado: MINDIKA SOLAR
2026-02-01 22:33:50,252 - __main__ - INFO - Iniciando: CAMILA RODRIGUES
2026-02-01 22:33:50,268 - src.processors.async_processor - INFO - [4/116] Processando: CAMILA RODRIGUES
2026-02-01 22:33:50,386 - src.scrappers.google_scraper - INFO - Buscando: "CAMILA RODRIGUES" Mogi Mirim
2026-02-01 22:33:59,852 - src.scrappers.google_scraper - INFO - Dados extraídos para CAMILA RODRIGUES: {'telefone': '(19) 9928-0152', 'facebook_link': 'https://www.facebook.com/camila.rodrigues.660698/photos/d41d8cd9/25948759521394927/', 'site': None}
2026-02-01 22:34:00,105 - src.scrappers.facebook_scraper - INFO - Acessando Facebook: https://www.facebook.com/camila.rodrigues.660698/photos/d41d8cd9/25948759521394927/
2026-02-01 22:34:07,273 - src.scrappers.facebook_scraper - INFO - WhatsApp encontrado: (19) 99452-5426
2026-02-01 22:34:07,273 - src.scrappers.facebook_scraper - INFO - Dados do Facebook extraídos: {'email': None, 'celular_whatsapp': '(19) 99452-5426'}
2026-02-01 22:34:07,295 - src.processors.async_processor - INFO - Novo registro criado: CAMILA RODRIGUES
2026-02-01 22:34:11,434 - __main__ - INFO - Iniciando: MAYGON JARDINAGEM
2026-02-01 22:34:11,440 - src.processors.async_processor - INFO - [5/116] Processando: MAYGON JARDINAGEM
2026-02-01 22:34:11,603 - src.scrappers.google_scraper - INFO - Buscando: "MAYGON JARDINAGEM" Mogi Mirim
2026-02-01 22:34:22,203 - src.scrappers.google_scraper - INFO - Dados extraídos para MAYGON JARDINAGEM: {'telefone': '(19) 99731-5679', 'facebook_link': None, 'site': None}
2026-02-01 22:34:22,224 - src.processors.async_processor - INFO - Novo registro criado: MAYGON JARDINAGEM
2026-02-01 22:34:28,293 - __main__ - INFO - Iniciando: RANDER BEER E PETISCARIA
2026-02-01 22:34:28,297 - src.processors.async_processor - INFO - [6/116] Processando: RANDER BEER E PETISCARIA
2026-02-01 22:34:28,461 - src.scrappers.google_scraper - INFO - Buscando: "RANDER BEER E PETISCARIA" Mogi Mirim
2026-02-01 22:34:37,807 - src.scrappers.google_scraper - INFO - Dados extraídos para RANDER BEER E PETISCARIA: {'telefone': '(19) 73266-5944', 'facebook_link': None, 'site': None}
2026-02-01 22:34:37,828 - src.processors.async_processor - INFO - Novo registro criado: RANDER BEER E PETISCARIA
2026-02-01 22:34:42,843 - __main__ - INFO - Iniciando: VIDA PLENA
2026-02-01 22:34:42,848 - src.processors.async_processor - INFO - [7/116] Processando: VIDA PLENA
2026-02-01 22:34:42,996 - src.scrappers.google_scraper - INFO - Buscando: "VIDA PLENA" Mogi Mirim
2026-02-01 22:34:51,728 - src.scrappers.google_scraper - INFO - Dados extraídos para VIDA PLENA: {'telefone': '8997-8449', 'facebook_link': 'https://www.instagram.com/ct_vida_plena/', 'site': None}
2026-02-01 22:34:51,911 - src.scrappers.facebook_scraper - INFO - Acessando Facebook: https://www.instagram.com/ct_vida_plena/
2026-02-01 22:36:03,160 - src.scrappers.facebook_scraper - INFO - WhatsApp encontrado: (19) 99330-9548
2026-02-01 22:36:03,160 - src.scrappers.facebook_scraper - INFO - Dados do Facebook extraídos: {'email': None, 'celular_whatsapp': '(19) 99330-9548'}
2026-02-01 22:36:03,182 - src.processors.async_processor - INFO - Novo registro criado: VIDA PLENA
2026-02-01 22:36:06,809 - __main__ - INFO - Iniciando: NAS NUVENS
2026-02-01 22:36:06,813 - src.processors.async_processor - INFO - [8/116] Processando: NAS NUVENS
2026-02-01 22:36:06,989 - src.scrappers.google_scraper - INFO - Buscando: "NAS NUVENS" Mogi Mirim
2026-02-01 22:36:16,491 - src.scrappers.google_scraper - INFO - Dados extraídos para NAS NUVENS: {'telefone': '(19) 90787-0618', 'facebook_link': 'https://www.instagram.com/reel/DR5aENmkXR6/', 'site': None}
2026-02-01 22:36:16,663 - src.scrappers.facebook_scraper - INFO - Acessando Facebook: https://www.instagram.com/reel/DR5aENmkXR6/
2026-02-01 22:36:24,055 - src.scrappers.facebook_scraper - INFO - WhatsApp encontrado: (19) 99452-5426
2026-02-01 22:36:24,055 - src.scrappers.facebook_scraper - INFO - Dados do Facebook extraídos: {'email': None, 'celular_whatsapp': '(19) 99452-5426'}
2026-02-01 22:36:24,086 - src.processors.async_processor - INFO - Novo registro criado: NAS NUVENS
2026-02-01 22:36:31,113 - __main__ - INFO - Iniciando: TAMIIRIS
2026-02-01 22:36:31,115 - src.processors.async_processor - INFO - [9/116] Processando: TAMIIRIS
2026-02-01 22:36:31,257 - src.scrappers.google_scraper - INFO - Buscando: "TAMIIRIS" Mogi Mirim
2026-02-01 22:36:40,759 - src.scrappers.google_scraper - INFO - Dados extraídos para TAMIIRIS: {'telefone': '8997-8449', 'facebook_link': 'https://www.instagram.com/reel/DQH8hDlj-39/', 'site': None}
2026-02-01 22:36:40,920 - src.scrappers.facebook_scraper - INFO - Acessando Facebook: https://www.instagram.com/reel/DQH8hDlj-39/
2026-02-01 22:36:48,228 - src.scrappers.facebook_scraper - INFO - WhatsApp encontrado: (19) 99452-5426
2026-02-01 22:36:48,229 - src.scrappers.facebook_scraper - INFO - Dados do Facebook extraídos: {'email': None, 'celular_whatsapp': '(19) 99452-5426'}
2026-02-01 22:36:48,260 - src.processors.async_processor - INFO - Novo registro criado: TAMIIRIS
2026-02-01 22:36:52,630 - __main__ - INFO - Iniciando: IVALDRAMBINI PROMOTOR DE VENDAS
2026-02-01 22:36:52,632 - src.processors.async_processor - INFO - [10/116] Processando: IVALDRAMBINI PROMOTOR DE VENDAS
2026-02-01 22:36:52,770 - src.scrappers.google_scraper - INFO - Buscando: "IVALDRAMBINI PROMOTOR DE VENDAS" Mogi Mirim
2026-02-01 22:37:01,308 - src.scrappers.google_scraper - INFO - Dados extraídos para IVALDRAMBINI PROMOTOR DE VENDAS: {'telefone': '8997-8449', 'facebook_link': None, 'site': None}
2026-02-01 22:37:01,331 - src.processors.async_processor - INFO - Novo registro criado: IVALDRAMBINI PROMOTOR DE VENDAS
2026-02-01 22:37:05,463 - __main__ - INFO - Iniciando: JOSIAS DIAS
2026-02-01 22:37:05,468 - src.processors.async_processor - INFO - [11/116] Processando: JOSIAS DIAS
2026-02-01 22:37:05,619 - src.scrappers.google_scraper - INFO - Buscando: "JOSIAS DIAS" Mogi Mirim
2026-02-01 22:37:14,576 - src.scrappers.google_scraper - INFO - Dados extraídos para JOSIAS DIAS: {'telefone': '(19) 4500-0104', 'facebook_link': 'https://m.facebook.com/prefeituramunicipal.cordeiropolis/photos/faculdade-abrir%C3%A1-inscri%C3%A7%C3%B5es-no-dia-02-de-fevereirodar-sequ%C3%AAncia-ao-trabalho-dese/919001754902841/', 'site': None}
2026-02-01 22:37:14,748 - src.scrappers.facebook_scraper - INFO - Acessando Facebook: https://m.facebook.com/prefeituramunicipal.cordeiropolis/photos/faculdade-abrir%C3%A1-inscri%C3%A7%C3%B5es-no-dia-02-de-fevereirodar-sequ%C3%AAncia-ao-trabalho-dese/919001754902841/
2026-02-01 22:37:22,076 - src.scrappers.facebook_scraper - INFO - WhatsApp encontrado: (19) 92318-4973
2026-02-01 22:37:22,076 - src.scrappers.facebook_scraper - INFO - Dados do Facebook extraídos: {'email': None, 'celular_whatsapp': '(19) 92318-4973'}
2026-02-01 22:37:22,099 - src.processors.async_processor - INFO - Novo registro criado: JOSIAS DIAS
2026-02-01 22:37:25,958 - __main__ - INFO - Iniciando: RE GODOY CLOSET
2026-02-01 22:37:25,962 - src.processors.async_processor - INFO - [12/116] Processando: RE GODOY CLOSET
2026-02-01 22:37:26,137 - src.scrappers.google_scraper - INFO - Buscando: "RE GODOY CLOSET" Mogi Mirim
2026-02-01 22:37:35,939 - src.scrappers.google_scraper - INFO - Dados extraídos para RE GODOY CLOSET: {'telefone': '(19) 99164-2505', 'facebook_link': None, 'site': None}
2026-02-01 22:37:35,962 - src.processors.async_processor - INFO - Novo registro criado: RE GODOY CLOSET
2026-02-01 22:37:42,683 - __main__ - INFO - Iniciando: GASTRONOMEU RECEITAS
2026-02-01 22:37:42,687 - src.processors.async_processor - INFO - [13/116] Processando: GASTRONOMEU RECEITAS
2026-02-01 22:37:42,812 - src.scrappers.google_scraper - INFO - Buscando: "GASTRONOMEU RECEITAS" Mogi Mirim
2026-02-01 22:37:51,292 - src.scrappers.google_scraper - INFO - Dados extraídos para GASTRONOMEU RECEITAS: {'telefone': '8997-8449', 'facebook_link': None, 'site': None}
2026-02-01 22:37:51,313 - src.processors.async_processor - INFO - Novo registro criado: GASTRONOMEU RECEITAS
2026-02-01 22:37:56,293 - __main__ - INFO - Iniciando: DENTE DE SABRE A LOJA
2026-02-01 22:37:56,297 - src.processors.async_processor - INFO - [14/116] Processando: DENTE DE SABRE A LOJA
2026-02-01 22:37:56,469 - src.scrappers.google_scraper - INFO - Buscando: "DENTE DE SABRE A LOJA" Mogi Mirim
2026-02-01 22:38:05,341 - src.scrappers.google_scraper - INFO - Dados extraídos para DENTE DE SABRE A LOJA: {'telefone': '8997-8449', 'facebook_link': 'https://www.instagram.com/reel/DQH7vBykT9L/', 'site': 'https://grupofasitec.com.br/mogi-mirim-comemora-256-anos-uma-cidade-historica-e-inovadora-celebra-seu-aniversario-com-o-sicon-impulsionando-o-futuro/#:~:text=Hoje%2C%2022%20de%20outubro%2C%20Mogi,seus%20256%20anos%20de%20funda%C3%A7%C3%A3o!'}
2026-02-01 22:38:05,497 - src.scrappers.facebook_scraper - INFO - Acessando Facebook: https://www.instagram.com/reel/DQH7vBykT9L/
2026-02-01 22:38:12,754 - src.scrappers.facebook_scraper - INFO - WhatsApp encontrado: (19) 99452-5426
2026-02-01 22:38:12,755 - src.scrappers.facebook_scraper - INFO - Dados do Facebook extraídos: {'email': None, 'celular_whatsapp': '(19) 99452-5426'}
2026-02-01 22:38:12,784 - src.processors.async_processor - INFO - Novo registro criado: DENTE DE SABRE A LOJA
2026-02-01 22:38:16,151 - __main__ - INFO - Iniciando: GARAGEM BAR
2026-02-01 22:38:16,155 - src.processors.async_processor - INFO - [15/116] Processando: GARAGEM BAR
2026-02-01 22:38:16,303 - src.scrappers.google_scraper - INFO - Buscando: "GARAGEM BAR" Mogi Mirim
2026-02-01 22:38:25,870 - src.scrappers.google_scraper - INFO - Dados extraídos para GARAGEM BAR: {'telefone': '(19) 98270-6570', 'facebook_link': 'https://www.instagram.com/reel/DDNdvA_v7Bv/', 'site': None}
2026-02-01 22:38:26,051 - src.scrappers.facebook_scraper - INFO - Acessando Facebook: https://www.instagram.com/reel/DDNdvA_v7Bv/
2026-02-01 22:38:33,424 - src.scrappers.facebook_scraper - INFO - WhatsApp encontrado: (19) 92239-4232
2026-02-01 22:38:33,424 - src.scrappers.facebook_scraper - INFO - Dados do Facebook extraídos: {'email': None, 'celular_whatsapp': '(19) 92239-4232'}
2026-02-01 22:38:33,451 - src.processors.async_processor - INFO - Novo registro criado: GARAGEM BAR
2026-02-01 22:38:40,135 - __main__ - INFO - Iniciando: GALO ELETRONICOS
2026-02-01 22:38:40,139 - src.processors.async_processor - INFO - [16/116] Processando: GALO ELETRONICOS
2026-02-01 22:38:40,296 - src.scrappers.google_scraper - INFO - Buscando: "GALO ELETRONICOS" Mogi Mirim
2026-02-01 22:38:49,763 - src.scrappers.google_scraper - INFO - Dados extraídos para GALO ELETRONICOS: {'telefone': '(19) 9967-2544', 'facebook_link': None, 'site': None}
2026-02-01 22:38:49,789 - src.processors.async_processor - INFO - Novo registro criado: GALO ELETRONICOS
2026-02-01 22:38:55,385 - __main__ - INFO - Iniciando: KOUSEN BLUE
2026-02-01 22:38:55,390 - src.processors.async_processor - INFO - [17/116] Processando: KOUSEN BLUE
2026-02-01 22:38:55,566 - src.scrappers.google_scraper - INFO - Buscando: "KOUSEN BLUE" Mogi Mirim
2026-02-01 22:39:04,945 - src.scrappers.google_scraper - INFO - Dados extraídos para KOUSEN BLUE: {'telefone': '8997-8449', 'facebook_link': 'https://www.instagram.com/kousenblue/', 'site': None}
2026-02-01 22:39:05,108 - src.scrappers.facebook_scraper - INFO - Acessando Facebook: https://www.instagram.com/kousenblue/
2026-02-01 22:40:16,378 - src.scrappers.facebook_scraper - INFO - WhatsApp encontrado: (19) 99452-5426
2026-02-01 22:40:16,378 - src.scrappers.facebook_scraper - INFO - Dados do Facebook extraídos: {'email': None, 'celular_whatsapp': '(19) 99452-5426'}
2026-02-01 22:40:16,395 - src.processors.async_processor - INFO - Novo registro criado: KOUSEN BLUE
2026-02-01 22:40:19,638 - __main__ - INFO - Iniciando: EMI BEAUTY
2026-02-01 22:40:19,642 - src.processors.async_processor - INFO - [18/116] Processando: EMI BEAUTY
2026-02-01 22:40:19,794 - src.scrappers.google_scraper - INFO - Buscando: "EMI BEAUTY" Mogi Mirim
2026-02-01 22:40:28,238 - src.scrappers.google_scraper - INFO - Dados extraídos para EMI BEAUTY: {'telefone': '8997-8449', 'facebook_link': 'https://www.instagram.com/reel/DJUI8M_h0Wl/', 'site': 'https://perfumarias.net.br/cidade/perfumaria-em-mogi-mirim-sp/pagina2'}
2026-02-01 22:40:28,406 - src.scrappers.facebook_scraper - INFO - Acessando Facebook: https://www.instagram.com/reel/DJUI8M_h0Wl/
2026-02-01 22:40:35,996 - src.scrappers.facebook_scraper - INFO - WhatsApp encontrado: (19) 91308-4946
2026-02-01 22:40:35,997 - src.scrappers.facebook_scraper - INFO - Dados do Facebook extraídos: {'email': None, 'celular_whatsapp': '(19) 91308-4946'}
2026-02-01 22:40:36,025 - src.processors.async_processor - INFO - Novo registro criado: EMI BEAUTY
2026-02-01 22:40:42,622 - __main__ - INFO - Iniciando: SCM
2026-02-01 22:40:42,627 - src.processors.async_processor - INFO - [19/116] Processando: SCM
2026-02-01 22:40:42,815 - src.scrappers.google_scraper - INFO - Buscando: "SCM" Mogi Mirim
2026-02-01 22:40:52,411 - src.scrappers.google_scraper - INFO - Dados extraídos para SCM: {'telefone': '8997-8449', 'facebook_link': 'https://www.instagram.com/reel/DJeZuELtexX/', 'site': None}
2026-02-01 22:40:52,563 - src.scrappers.facebook_scraper - INFO - Acessando Facebook: https://www.instagram.com/reel/DJeZuELtexX/
2026-02-01 22:41:00,138 - src.scrappers.facebook_scraper - INFO - WhatsApp encontrado: (19) 99452-5426
2026-02-01 22:41:00,138 - src.scrappers.facebook_scraper - INFO - Dados do Facebook extraídos: {'email': None, 'celular_whatsapp': '(19) 99452-5426'}
2026-02-01 22:41:00,169 - src.processors.async_processor - INFO - Novo registro criado: SCM
2026-02-01 22:41:06,760 - __main__ - INFO - Iniciando: FULL MED
2026-02-01 22:41:06,765 - src.processors.async_processor - INFO - [20/116] Processando: FULL MED
2026-02-01 22:41:06,909 - src.scrappers.google_scraper - INFO - Buscando: "FULL MED" Mogi Mirim
2026-02-01 22:41:15,806 - src.scrappers.google_scraper - INFO - Dados extraídos para FULL MED: {'telefone': '(19) 9814-8788', 'facebook_link': 'https://www.instagram.com/fullmedvariedades/', 'site': None}
2026-02-01 22:41:15,959 - src.scrappers.facebook_scraper - INFO - Acessando Facebook: https://www.instagram.com/fullmedvariedades/
2026-02-01 22:42:27,030 - src.scrappers.facebook_scraper - INFO - Email encontrado: fullmed7@gmail.com
2026-02-01 22:42:27,034 - src.scrappers.facebook_scraper - INFO - WhatsApp encontrado: (19) 93802-4429
2026-02-01 22:42:27,034 - src.scrappers.facebook_scraper - INFO - Dados do Facebook extraídos: {'email': 'fullmed7@gmail.com', 'celular_whatsapp': '(19) 93802-4429'}
2026-02-01 22:42:27,051 - src.processors.async_processor - INFO - Novo registro criado: FULL MED
2026-02-01 22:42:32,914 - __main__ - INFO - Iniciando: GABRIEL VITOR
2026-02-01 22:42:32,916 - src.processors.async_processor - INFO - [21/116] Processando: GABRIEL VITOR
2026-02-01 22:42:33,086 - src.scrappers.google_scraper - INFO - Buscando: "GABRIEL VITOR" Mogi Mirim
2026-02-01 22:42:41,531 - src.scrappers.google_scraper - INFO - Dados extraídos para GABRIEL VITOR: {'telefone': '(19) 9159-7979', 'facebook_link': None, 'site': None}
2026-02-01 22:42:41,550 - src.processors.async_processor - INFO - Novo registro criado: GABRIEL VITOR
2026-02-01 22:42:45,763 - __main__ - INFO - Iniciando: PALOMA ADRIELY
2026-02-01 22:42:45,767 - src.processors.async_processor - INFO - [22/116] Processando: PALOMA ADRIELY
2026-02-01 22:42:45,917 - src.scrappers.google_scraper - INFO - Buscando: "PALOMA ADRIELY" Mogi Mirim
2026-02-01 22:42:54,866 - src.scrappers.google_scraper - INFO - Dados extraídos para PALOMA ADRIELY: {'telefone': '8997-8449', 'facebook_link': None, 'site': None}
2026-02-01 22:42:54,888 - src.processors.async_processor - INFO - Novo registro criado: PALOMA ADRIELY
2026-02-01 22:42:58,541 - __main__ - INFO - Iniciando: PAI & FILHA PASTELARIA E CIA
2026-02-01 22:42:58,546 - src.processors.async_processor - INFO - [23/116] Processando: PAI & FILHA PASTELARIA E CIA
2026-02-01 22:42:58,728 - src.scrappers.google_scraper - INFO - Buscando: "PAI & FILHA PASTELARIA E CIA" Mogi Mirim
2026-02-01 22:43:07,632 - src.scrappers.google_scraper - INFO - Dados extraídos para PAI & FILHA PASTELARIA E CIA: {'telefone': '8997-8449', 'facebook_link': 'https://www.facebook.com/jamilyoficial/videos/clip-oficial-pai-jamily/1886170771993881/', 'site': None}
2026-02-01 22:43:07,799 - src.scrappers.facebook_scraper - INFO - Acessando Facebook: https://www.facebook.com/jamilyoficial/videos/clip-oficial-pai-jamily/1886170771993881/
2026-02-01 22:43:15,922 - src.scrappers.facebook_scraper - INFO - WhatsApp encontrado: (19) 99077-8287
2026-02-01 22:43:15,927 - src.scrappers.facebook_scraper - INFO - Dados do Facebook extraídos: {'email': None, 'celular_whatsapp': '(19) 99077-8287'}
2026-02-01 22:43:16,093 - src.processors.async_processor - INFO - Novo registro criado: PAI & FILHA PASTELARIA E CIA
2026-02-01 22:43:21,854 - __main__ - INFO - Iniciando: CONSTRUTORA MASTER
2026-02-01 22:43:21,858 - src.processors.async_processor - INFO - [24/116] Processando: CONSTRUTORA MASTER
2026-02-01 22:43:22,013 - src.scrappers.google_scraper - INFO - Buscando: "CONSTRUTORA MASTER" Mogi Mirim
2026-02-01 22:43:33,220 - src.scrappers.google_scraper - INFO - Dados extraídos para CONSTRUTORA MASTER: {'telefone': '(19) 99758-3782', 'facebook_link': None, 'site': None}
2026-02-01 22:43:33,246 - src.processors.async_processor - INFO - Novo registro criado: CONSTRUTORA MASTER
2026-02-01 22:43:36,591 - __main__ - INFO - Iniciando: FIRMINO'S TRANSPORTE
2026-02-01 22:43:36,596 - src.processors.async_processor - INFO - [25/116] Processando: FIRMINO'S TRANSPORTE
2026-02-01 22:43:36,775 - src.scrappers.google_scraper - INFO - Buscando: "FIRMINO'S TRANSPORTE" Mogi Mirim
2026-02-01 22:43:45,995 - src.scrappers.google_scraper - INFO - Dados extraídos para FIRMINO'S TRANSPORTE: {'telefone': '8997-8449', 'facebook_link': None, 'site': None}
2026-02-01 22:43:46,014 - src.processors.async_processor - INFO - Novo registro criado: FIRMINO'S TRANSPORTE
2026-02-01 22:43:50,768 - __main__ - INFO - Iniciando: D.R. BATATARIA DELIVERY
2026-02-01 22:43:50,786 - src.processors.async_processor - INFO - [26/116] Processando: D.R. BATATARIA DELIVERY
2026-02-01 22:43:50,919 - src.scrappers.google_scraper - INFO - Buscando: "D.R. BATATARIA DELIVERY" Mogi Mirim
2026-02-01 22:44:00,629 - src.scrappers.google_scraper - INFO - Dados extraídos para D.R. BATATARIA DELIVERY: {'telefone': '(19) 97815-0303', 'facebook_link': None, 'site': 'https://batatariadelivery.menudino.com/'}
2026-02-01 22:44:00,651 - src.processors.async_processor - INFO - Novo registro criado: D.R. BATATARIA DELIVERY
2026-02-01 22:44:06,308 - __main__ - INFO - Iniciando: LUX
2026-02-01 22:44:06,311 - src.processors.async_processor - INFO - [27/116] Processando: LUX
2026-02-01 22:44:06,462 - src.scrappers.google_scraper - INFO - Buscando: "LUX" Mogi Mirim
2026-02-01 22:44:16,981 - src.scrappers.google_scraper - INFO - Dados extraídos para LUX: {'telefone': '8997-8449', 'facebook_link': None, 'site': None}
2026-02-01 22:44:17,036 - src.processors.async_processor - INFO - Novo registro criado: LUX
2026-02-01 22:44:20,977 - __main__ - INFO - Iniciando: T R DE CAMPOS SERVICOS ADMINISTRATIVOS
2026-02-01 22:44:20,983 - src.processors.async_processor - INFO - [28/116] Processando: T R DE CAMPOS SERVICOS ADMINISTRATIVOS
2026-02-01 22:44:21,156 - src.scrappers.google_scraper - INFO - Buscando: "T R DE CAMPOS SERVICOS ADMINISTRATIVOS" Mogi Mirim
2026-02-01 22:44:30,010 - src.scrappers.google_scraper - INFO - Dados extraídos para T R DE CAMPOS SERVICOS ADMINISTRATIVOS: {'telefone': '8997-8449', 'facebook_link': None, 'site': None}
2026-02-01 22:44:30,051 - src.processors.async_processor - INFO - Novo registro criado: T R DE CAMPOS SERVICOS ADMINISTRATIVOS
2026-02-01 22:44:36,728 - __main__ - INFO - Iniciando: DECORITHA FESTA NO CARRINHO
2026-02-01 22:44:36,730 - src.processors.async_processor - INFO - [29/116] Processando: DECORITHA FESTA NO CARRINHO
2026-02-01 22:44:36,862 - src.scrappers.google_scraper - INFO - Buscando: "DECORITHA FESTA NO CARRINHO" Mogi Mirim
2026-02-01 22:44:46,088 - src.scrappers.google_scraper - INFO - Dados extraídos para DECORITHA FESTA NO CARRINHO: {'telefone': '8997-8449', 'facebook_link': None, 'site': None}
2026-02-01 22:44:46,116 - src.processors.async_processor - INFO - Novo registro criado: DECORITHA FESTA NO CARRINHO
2026-02-01 22:44:51,066 - __main__ - INFO - Iniciando: JAPONESA KIDS
2026-02-01 22:44:51,068 - src.processors.async_processor - INFO - [30/116] Processando: JAPONESA KIDS
2026-02-01 22:44:51,197 - src.scrappers.google_scraper - INFO - Buscando: "JAPONESA KIDS" Mogi Mirim
2026-02-01 22:45:01,398 - src.scrappers.google_scraper - INFO - Dados extraídos para JAPONESA KIDS: {'telefone': '(19) 98868-3450', 'facebook_link': 'https://www.instagram.com/japonesakids/', 'site': None}
2026-02-01 22:45:01,561 - src.scrappers.facebook_scraper - INFO - Acessando Facebook: https://www.instagram.com/japonesakids/
2026-02-01 22:45:12,375 - src.scrappers.facebook_scraper - INFO - Navegou para seção Sobre
2026-02-01 22:45:14,566 - src.scrappers.facebook_scraper - INFO - WhatsApp encontrado: (19) 99452-5426
2026-02-01 22:45:14,567 - src.scrappers.facebook_scraper - INFO - Dados do Facebook extraídos: {'email': None, 'celular_whatsapp': '(19) 99452-5426'}
2026-02-01 22:45:14,616 - src.processors.async_processor - INFO - Novo registro criado: JAPONESA KIDS
2026-02-01 22:45:19,307 - __main__ - INFO - Iniciando: ACOBOM
2026-02-01 22:45:19,308 - src.processors.async_processor - INFO - [31/116] Processando: ACOBOM
2026-02-01 22:45:19,403 - src.scrappers.google_scraper - INFO - Buscando: "ACOBOM" Mogi Mirim
2026-02-01 22:45:28,836 - src.scrappers.google_scraper - INFO - Dados extraídos para ACOBOM: {'telefone': '8997-8449', 'facebook_link': None, 'site': None}
2026-02-01 22:45:28,868 - src.processors.async_processor - INFO - Novo registro criado: ACOBOM
2026-02-01 22:45:32,948 - __main__ - INFO - Iniciando: FLAVIO QUEIROZ
2026-02-01 22:45:32,953 - src.processors.async_processor - INFO - [32/116] Processando: FLAVIO QUEIROZ
2026-02-01 22:45:33,048 - src.scrappers.google_scraper - INFO - Buscando: "FLAVIO QUEIROZ" Mogi Mirim
2026-02-01 22:45:42,248 - src.scrappers.google_scraper - INFO - Dados extraídos para FLAVIO QUEIROZ: {'telefone': '(19) 97408-0115', 'facebook_link': None, 'site': None}
2026-02-01 22:45:42,276 - src.processors.async_processor - INFO - Novo registro criado: FLAVIO QUEIROZ
2026-02-01 22:45:45,530 - __main__ - INFO - Iniciando: GASTRONOMEU
2026-02-01 22:45:45,538 - src.processors.async_processor - INFO - [33/116] Processando: GASTRONOMEU
2026-02-01 22:45:45,627 - src.scrappers.google_scraper - INFO - Buscando: "GASTRONOMEU" Mogi Mirim
2026-02-01 22:45:54,515 - src.scrappers.google_scraper - INFO - Dados extraídos para GASTRONOMEU: {'telefone': '8997-8449', 'facebook_link': None, 'site': 'https://grupofasitec.com.br/mogi-mirim-comemora-256-anos-uma-cidade-historica-e-inovadora-celebra-seu-aniversario-com-o-sicon-impulsionando-o-futuro/#:~:text=Hoje%2C%2022%20de%20outubro%2C%20Mogi,seus%20256%20anos%20de%20funda%C3%A7%C3%A3o!'}
2026-02-01 22:45:54,543 - src.processors.async_processor - INFO - Novo registro criado: GASTRONOMEU
2026-02-01 22:45:58,126 - __main__ - INFO - Iniciando: RJX TELECOM
2026-02-01 22:45:58,132 - src.processors.async_processor - INFO - [34/116] Processando: RJX TELECOM
2026-02-01 22:45:58,214 - src.scrappers.google_scraper - INFO - Buscando: "RJX TELECOM" Mogi Mirim
2026-02-01 22:46:08,383 - src.scrappers.google_scraper - INFO - Dados extraídos para RJX TELECOM: {'telefone': '(19) 69347-4068', 'facebook_link': None, 'site': None}
2026-02-01 22:46:08,414 - src.processors.async_processor - INFO - Novo registro criado: RJX TELECOM
2026-02-01 22:46:12,956 - __main__ - INFO - Iniciando: METRO QUADRADO ARQUITETURA E INTERIORES
2026-02-01 22:46:12,957 - src.processors.async_processor - INFO - [35/116] Processando: METRO QUADRADO ARQUITETURA E INTERIORES
2026-02-01 22:46:13,032 - src.scrappers.google_scraper - INFO - Buscando: "METRO QUADRADO ARQUITETURA E INTERIORES" Mogi Mirim
2026-02-01 22:46:22,872 - src.scrappers.google_scraper - INFO - Dados extraídos para METRO QUADRADO ARQUITETURA E INTERIORES: {'telefone': '8997-8449', 'facebook_link': None, 'site': None}
2026-02-01 22:46:22,916 - src.processors.async_processor - INFO - Novo registro criado: METRO QUADRADO ARQUITETURA E INTERIORES
2026-02-01 22:46:28,019 - __main__ - INFO - Iniciando: CAROL ALVARENGA NAILS
2026-02-01 22:46:28,024 - src.processors.async_processor - INFO - [36/116] Processando: CAROL ALVARENGA NAILS
2026-02-01 22:46:28,110 - src.scrappers.google_scraper - INFO - Buscando: "CAROL ALVARENGA NAILS" Mogi Mirim
2026-02-01 22:46:36,646 - src.scrappers.google_scraper - INFO - Dados extraídos para CAROL ALVARENGA NAILS: {'telefone': '(19) 98984-5792', 'facebook_link': 'https://www.instagram.com/alinealcantaraembeleze/', 'site': None}
2026-02-01 22:46:36,776 - src.scrappers.facebook_scraper - INFO - Acessando Facebook: https://www.instagram.com/alinealcantaraembeleze/
2026-02-01 22:46:43,701 - src.scrappers.facebook_scraper - INFO - WhatsApp encontrado: (19) 99452-5426
2026-02-01 22:46:43,701 - src.scrappers.facebook_scraper - INFO - Dados do Facebook extraídos: {'email': None, 'celular_whatsapp': '(19) 99452-5426'}
2026-02-01 22:46:43,741 - src.processors.async_processor - INFO - Novo registro criado: CAROL ALVARENGA NAILS
2026-02-01 22:46:50,383 - __main__ - INFO - Iniciando: CASARAO BEACH TENNIS
2026-02-01 22:46:50,394 - src.processors.async_processor - INFO - [37/116] Processando: CASARAO BEACH TENNIS
2026-02-01 22:46:50,483 - src.scrappers.google_scraper - INFO - Buscando: "CASARAO BEACH TENNIS" Mogi Mirim
2026-02-01 22:47:00,343 - src.scrappers.google_scraper - INFO - Dados extraídos para CASARAO BEACH TENNIS: {'telefone': '(19) 99473-6162', 'facebook_link': 'https://www.instagram.com/circuitocasaraobt/', 'site': 'https://letzplay.me/t/33188'}
2026-02-01 22:47:00,442 - src.scrappers.facebook_scraper - INFO - Acessando Facebook: https://www.instagram.com/circuitocasaraobt/
2026-02-01 22:47:07,614 - src.scrappers.facebook_scraper - INFO - Navegou para seção Sobre
2026-02-01 22:47:09,786 - src.scrappers.facebook_scraper - INFO - WhatsApp encontrado: (19) 99452-5426
2026-02-01 22:47:09,786 - src.scrappers.facebook_scraper - INFO - Dados do Facebook extraídos: {'email': None, 'celular_whatsapp': '(19) 99452-5426'}
2026-02-01 22:47:09,801 - src.processors.async_processor - INFO - Novo registro criado: CASARAO BEACH TENNIS
2026-02-01 22:47:15,607 - __main__ - INFO - Iniciando: TEL
2026-02-01 22:47:15,629 - src.processors.async_processor - INFO - [38/116] Processando: TEL
2026-02-01 22:47:15,731 - src.scrappers.google_scraper - INFO - Buscando: "TEL" Mogi Mirim
2026-02-01 22:47:24,531 - src.scrappers.google_scraper - INFO - Dados extraídos para TEL: {'telefone': '(19) 3806-4440', 'facebook_link': 'https://www.facebook.com/CejuscMogiMirim/', 'site': 'https://guiafacil.com/site/tel-transportes-especializados/mogi-mirim/sp/1938064440'}
2026-02-01 22:47:24,631 - src.scrappers.facebook_scraper - INFO - Acessando Facebook: https://www.facebook.com/CejuscMogiMirim/
2026-02-01 22:48:36,281 - src.scrappers.facebook_scraper - INFO - Email encontrado: cejusc.mogimirim@tjsp.jus
2026-02-01 22:48:36,286 - src.scrappers.facebook_scraper - INFO - WhatsApp encontrado: (19) 97833-0112
2026-02-01 22:48:36,288 - src.scrappers.facebook_scraper - INFO - Dados do Facebook extraídos: {'email': 'cejusc.mogimirim@tjsp.jus', 'celular_whatsapp': '(19) 97833-0112'}
2026-02-01 22:48:36,340 - src.processors.async_processor - INFO - Novo registro criado: TEL
2026-02-01 22:48:42,550 - __main__ - INFO - Iniciando: CIMOAGRO
2026-02-01 22:48:42,566 - src.processors.async_processor - INFO - [39/116] Processando: CIMOAGRO
2026-02-01 22:48:42,667 - src.scrappers.google_scraper - INFO - Buscando: "CIMOAGRO" Mogi Mirim
2026-02-01 22:48:53,190 - src.scrappers.google_scraper - INFO - Dados extraídos para CIMOAGRO: {'telefone': '(19) 3840-4123', 'facebook_link': 'https://www.instagram.com/cimoagro/', 'site': 'https://www.cimoagro.com.br/'}
2026-02-01 22:48:53,359 - src.scrappers.facebook_scraper - INFO - Acessando Facebook: https://www.instagram.com/cimoagro/
2026-02-01 22:49:00,250 - src.scrappers.facebook_scraper - INFO - Navegou para seção Sobre
2026-02-01 22:49:02,510 - src.scrappers.facebook_scraper - INFO - WhatsApp encontrado: (19) 99452-5426
2026-02-01 22:49:02,510 - src.scrappers.facebook_scraper - INFO - Dados do Facebook extraídos: {'email': None, 'celular_whatsapp': '(19) 99452-5426'}
2026-02-01 22:49:02,528 - src.processors.async_processor - INFO - Novo registro criado: CIMOAGRO
2026-02-01 22:49:09,232 - __main__ - INFO - Iniciando: MARCELO FERRARI
2026-02-01 22:49:09,239 - src.processors.async_processor - INFO - [40/116] Processando: MARCELO FERRARI
2026-02-01 22:49:09,350 - src.scrappers.google_scraper - INFO - Buscando: "MARCELO FERRARI" Mogi Mirim
2026-02-01 22:49:19,547 - src.scrappers.google_scraper - INFO - Dados extraídos para MARCELO FERRARI: {'telefone': '(19) 99119-8620', 'facebook_link': 'https://www.instagram.com/nutrimarceloferrari/', 'site': None}
2026-02-01 22:49:19,674 - src.scrappers.facebook_scraper - INFO - Acessando Facebook: https://www.instagram.com/nutrimarceloferrari/
2026-02-01 22:49:26,485 - src.scrappers.facebook_scraper - INFO - Navegou para seção Sobre
2026-02-01 22:49:28,744 - src.scrappers.facebook_scraper - INFO - WhatsApp encontrado: (19) 99452-5426
2026-02-01 22:49:28,744 - src.scrappers.facebook_scraper - INFO - Dados do Facebook extraídos: {'email': None, 'celular_whatsapp': '(19) 99452-5426'}
2026-02-01 22:49:28,794 - src.processors.async_processor - INFO - Novo registro criado: MARCELO FERRARI
2026-02-01 22:49:34,188 - __main__ - INFO - Iniciando: GANILA'S MODAS E ACESSORIOS
2026-02-01 22:49:34,190 - src.processors.async_processor - INFO - [41/116] Processando: GANILA'S MODAS E ACESSORIOS
2026-02-01 22:49:34,279 - src.scrappers.google_scraper - INFO - Buscando: "GANILA'S MODAS E ACESSORIOS" Mogi Mirim
2026-02-01 22:49:44,983 - src.scrappers.google_scraper - INFO - Dados extraídos para GANILA'S MODAS E ACESSORIOS: {'telefone': '(19) 99866-8045', 'facebook_link': 'https://www.facebook.com/gabimodadc/', 'site': None}
2026-02-01 22:49:45,131 - src.scrappers.facebook_scraper - INFO - Acessando Facebook: https://www.facebook.com/gabimodadc/
2026-02-01 22:50:57,801 - src.scrappers.facebook_scraper - INFO - WhatsApp encontrado: (19) 99452-5426
2026-02-01 22:50:57,801 - src.scrappers.facebook_scraper - INFO - Dados do Facebook extraídos: {'email': None, 'celular_whatsapp': '(19) 99452-5426'}
2026-02-01 22:50:57,835 - src.processors.async_processor - INFO - Novo registro criado: GANILA'S MODAS E ACESSORIOS
2026-02-01 22:51:01,669 - __main__ - INFO - Iniciando: J V
2026-02-01 22:51:01,675 - src.processors.async_processor - INFO - [42/116] Processando: J V
2026-02-01 22:51:01,773 - src.scrappers.google_scraper - INFO - Buscando: "J V" Mogi Mirim
2026-02-01 22:51:10,859 - src.scrappers.google_scraper - INFO - Dados extraídos para J V: {'telefone': '(19) 99653-1728', 'facebook_link': 'https://www.facebook.com/JVnegociosimobiliarios/', 'site': None}
2026-02-01 22:51:10,988 - src.scrappers.facebook_scraper - INFO - Acessando Facebook: https://www.facebook.com/JVnegociosimobiliarios/
2026-02-01 22:52:22,112 - src.scrappers.facebook_scraper - INFO - Email encontrado: joao.vomero@jvnegociosimobiliarios.com.br
2026-02-01 22:52:22,113 - src.scrappers.facebook_scraper - INFO - WhatsApp encontrado: (19) 99487-6109
2026-02-01 22:52:22,113 - src.scrappers.facebook_scraper - INFO - Dados do Facebook extraídos: {'email': 'joao.vomero@jvnegociosimobiliarios.com.br', 'celular_whatsapp': '(19) 99487-6109'}
2026-02-01 22:52:22,160 - src.processors.async_processor - INFO - Novo registro criado: J V
2026-02-01 22:52:25,932 - __main__ - INFO - Iniciando: QUALIAGRO
2026-02-01 22:52:25,938 - src.processors.async_processor - INFO - [43/116] Processando: QUALIAGRO
2026-02-01 22:52:26,013 - src.scrappers.google_scraper - INFO - Buscando: "QUALIAGRO" Mogi Mirim
2026-02-01 22:52:34,891 - src.scrappers.google_scraper - INFO - Dados extraídos para QUALIAGRO: {'telefone': '8997-8449', 'facebook_link': 'https://www.facebook.com/qualyagro/videos/armazenagemdeprecisao/669948201082091/', 'site': None}
2026-02-01 22:52:35,011 - src.scrappers.facebook_scraper - INFO - Acessando Facebook: https://www.facebook.com/qualyagro/videos/armazenagemdeprecisao/669948201082091/
2026-02-01 22:52:43,469 - src.scrappers.facebook_scraper - INFO - Email encontrado: qualyagro@qualyagro.com.br
2026-02-01 22:52:43,472 - src.scrappers.facebook_scraper - INFO - WhatsApp encontrado: (19) 99913-0711
2026-02-01 22:52:43,472 - src.scrappers.facebook_scraper - INFO - Dados do Facebook extraídos: {'email': 'qualyagro@qualyagro.com.br', 'celular_whatsapp': '(19) 99913-0711'}
2026-02-01 22:52:43,508 - src.processors.async_processor - INFO - Novo registro criado: QUALIAGRO
2026-02-01 22:52:49,968 - __main__ - INFO - Iniciando: JOAB
2026-02-01 22:52:49,985 - src.processors.async_processor - INFO - [44/116] Processando: JOAB
2026-02-01 22:52:50,252 - src.scrappers.google_scraper - INFO - Buscando: "JOAB" Mogi Mirim
2026-02-01 22:52:59,886 - src.scrappers.google_scraper - INFO - Dados extraídos para JOAB: {'telefone': '8997-8449', 'facebook_link': 'https://www.facebook.com/funerariamogianamogi/photos/-com-profundo-pesar-comunicamos-o-falecimento-de-joab-renovato-honorio-que-a-sau/763670296542917/', 'site': None}
2026-02-01 22:53:00,046 - src.scrappers.facebook_scraper - INFO - Acessando Facebook: https://www.facebook.com/funerariamogianamogi/photos/-com-profundo-pesar-comunicamos-o-falecimento-de-joab-renovato-honorio-que-a-sau/763670296542917/
2026-02-01 22:53:07,611 - src.scrappers.facebook_scraper - INFO - WhatsApp encontrado: (19) 92778-4964
2026-02-01 22:53:07,611 - src.scrappers.facebook_scraper - INFO - Dados do Facebook extraídos: {'email': None, 'celular_whatsapp': '(19) 92778-4964'}
2026-02-01 22:53:07,648 - src.processors.async_processor - INFO - Novo registro criado: JOAB
2026-02-01 22:53:13,407 - __main__ - INFO - Iniciando: PISANI EXPRESS
2026-02-01 22:53:13,416 - src.processors.async_processor - INFO - [45/116] Processando: PISANI EXPRESS
2026-02-01 22:53:13,507 - src.scrappers.google_scraper - INFO - Buscando: "PISANI EXPRESS" Mogi Mirim
2026-02-01 22:53:21,218 - src.scrappers.google_scraper - INFO - Dados extraídos para PISANI EXPRESS: {'telefone': '8997-8449', 'facebook_link': None, 'site': None}
2026-02-01 22:53:21,246 - src.processors.async_processor - INFO - Novo registro criado: PISANI EXPRESS
2026-02-01 22:53:26,238 - __main__ - INFO - Iniciando: JRP - PRESTACAO DE SERVICOS
2026-02-01 22:53:26,241 - src.processors.async_processor - INFO - [46/116] Processando: JRP - PRESTACAO DE SERVICOS
2026-02-01 22:53:26,425 - src.scrappers.google_scraper - INFO - Buscando: "JRP - PRESTACAO DE SERVICOS" Mogi Mirim
2026-02-01 22:53:35,625 - src.scrappers.google_scraper - INFO - Dados extraídos para JRP - PRESTACAO DE SERVICOS: {'telefone': '8997-8449', 'facebook_link': None, 'site': None}
2026-02-01 22:53:35,680 - src.processors.async_processor - INFO - Novo registro criado: JRP - PRESTACAO DE SERVICOS
2026-02-01 22:53:40,969 - __main__ - INFO - Iniciando: LUIZ
2026-02-01 22:53:40,970 - src.processors.async_processor - INFO - [47/116] Processando: LUIZ
2026-02-01 22:53:41,059 - src.scrappers.google_scraper - INFO - Buscando: "LUIZ" Mogi Mirim
2026-02-01 22:53:50,245 - src.scrappers.google_scraper - INFO - Dados extraídos para LUIZ: {'telefone': '8997-8449', 'facebook_link': 'https://www.facebook.com/lhenriqueoficial1/', 'site': None}
2026-02-01 22:53:50,440 - src.scrappers.facebook_scraper - INFO - Acessando Facebook: https://www.facebook.com/lhenriqueoficial1/
2026-02-01 22:55:01,840 - src.scrappers.facebook_scraper - INFO - Email encontrado: prtbmogimirim@gmail.com
2026-02-01 22:55:01,842 - src.scrappers.facebook_scraper - INFO - WhatsApp encontrado: (19) 98115-2662
2026-02-01 22:55:01,842 - src.scrappers.facebook_scraper - INFO - Dados do Facebook extraídos: {'email': 'prtbmogimirim@gmail.com', 'celular_whatsapp': '(19) 98115-2662'}
2026-02-01 22:55:01,911 - src.processors.async_processor - INFO - Novo registro criado: LUIZ
2026-02-01 22:55:07,831 - __main__ - INFO - Iniciando: RECICLA MOGI
2026-02-01 22:55:07,849 - src.processors.async_processor - INFO - [48/116] Processando: RECICLA MOGI
2026-02-01 22:55:07,955 - src.scrappers.google_scraper - INFO - Buscando: "RECICLA MOGI" Mogi Mirim
2026-02-01 22:55:16,774 - src.scrappers.google_scraper - INFO - Dados extraídos para RECICLA MOGI: {'telefone': '(19) 97105-9198', 'facebook_link': 'https://www.facebook.com/prefeituramogi/photos/%EF%B8%8F-bairro-feliz-a-ch%C3%A1cara-santo-angelo-recebe-neste-s%C3%A1bado-1509-uma-edi%C3%A7%C3%A3o-do-bai/1795167810552212/', 'site': 'https://www.mogidascruzes.sp.gov.br/public/site/doc/2016022617451056d08f2693cba.pdf'}
2026-02-01 22:55:16,879 - src.scrappers.facebook_scraper - INFO - Acessando Facebook: https://www.facebook.com/prefeituramogi/photos/%EF%B8%8F-bairro-feliz-a-ch%C3%A1cara-santo-angelo-recebe-neste-s%C3%A1bado-1509-uma-edi%C3%A7%C3%A3o-do-bai/1795167810552212/
2026-02-01 22:55:25,645 - src.scrappers.facebook_scraper - INFO - WhatsApp encontrado: (19) 99452-5426
2026-02-01 22:55:25,645 - src.scrappers.facebook_scraper - INFO - Dados do Facebook extraídos: {'email': None, 'celular_whatsapp': '(19) 99452-5426'}
2026-02-01 22:55:25,687 - src.processors.async_processor - INFO - Novo registro criado: RECICLA MOGI
2026-02-01 22:55:32,107 - __main__ - INFO - Iniciando: PLAMOBOLY INTERIORES
2026-02-01 22:55:32,112 - src.processors.async_processor - INFO - [49/116] Processando: PLAMOBOLY INTERIORES
2026-02-01 22:55:32,208 - src.scrappers.google_scraper - INFO - Buscando: "PLAMOBOLY INTERIORES" Mogi Mirim
2026-02-01 22:55:40,998 - src.scrappers.google_scraper - INFO - Dados extraídos para PLAMOBOLY INTERIORES: {'telefone': '(19) 99001-4095', 'facebook_link': 'https://www.instagram.com/plamobily/', 'site': None}
2026-02-01 22:55:41,138 - src.scrappers.facebook_scraper - INFO - Acessando Facebook: https://www.instagram.com/plamobily/
2026-02-01 22:55:48,101 - src.scrappers.facebook_scraper - INFO - WhatsApp encontrado: (19) 99452-5426
2026-02-01 22:55:48,101 - src.scrappers.facebook_scraper - INFO - Dados do Facebook extraídos: {'email': None, 'celular_whatsapp': '(19) 99452-5426'}
2026-02-01 22:55:48,137 - src.processors.async_processor - INFO - Novo registro criado: PLAMOBOLY INTERIORES
2026-02-01 22:55:53,532 - __main__ - INFO - Iniciando: OFFICE APOIO ADMINISTRATIVO E AULAS PARTICULARES
2026-02-01 22:55:53,551 - src.processors.async_processor - INFO - [50/116] Processando: OFFICE APOIO ADMINISTRATIVO E AULAS PARTICULARES
2026-02-01 22:55:53,663 - src.scrappers.google_scraper - INFO - Buscando: "OFFICE APOIO ADMINISTRATIVO E AULAS PARTICULARES" Mogi Mirim
2026-02-01 22:56:02,434 - src.scrappers.google_scraper - INFO - Dados extraídos para OFFICE APOIO ADMINISTRATIVO E AULAS PARTICULARES: {'telefone': '(19) 8742-7969', 'facebook_link': None, 'site': 'https://www.projetoica.org.br/'}
2026-02-01 22:56:02,461 - src.processors.async_processor - INFO - Novo registro criado: OFFICE APOIO ADMINISTRATIVO E AULAS PARTICULARES
2026-02-01 22:56:08,717 - __main__ - INFO - Iniciando: TORRES DEV
2026-02-01 22:56:08,724 - src.processors.async_processor - INFO - [51/116] Processando: TORRES DEV
2026-02-01 22:56:08,820 - src.scrappers.google_scraper - INFO - Buscando: "TORRES DEV" Mogi Mirim
2026-02-01 22:56:18,426 - src.scrappers.google_scraper - INFO - Dados extraídos para TORRES DEV: {'telefone': '(19) 37632-4103', 'facebook_link': 'https://www.instagram.com/reel/DN8_ORVkvn0/', 'site': None}
2026-02-01 22:56:18,540 - src.scrappers.facebook_scraper - INFO - Acessando Facebook: https://www.instagram.com/reel/DN8_ORVkvn0/
2026-02-01 22:56:26,296 - src.scrappers.facebook_scraper - INFO - WhatsApp encontrado: (19) 99452-5426
2026-02-01 22:56:26,297 - src.scrappers.facebook_scraper - INFO - Dados do Facebook extraídos: {'email': None, 'celular_whatsapp': '(19) 99452-5426'}
2026-02-01 22:56:26,336 - src.processors.async_processor - INFO - Novo registro criado: TORRES DEV
2026-02-01 22:56:31,931 - __main__ - INFO - Iniciando: ***
2026-02-01 22:56:31,953 - src.processors.async_processor - INFO - [52/116] Processando: ***
2026-02-01 22:56:32,027 - src.scrappers.google_scraper - INFO - Buscando: "***" Mogi Mirim
2026-02-01 22:56:41,616 - src.scrappers.google_scraper - INFO - Dados extraídos para ***: {'telefone': '8997-8449', 'facebook_link': 'https://www.instagram.com/prefeiturademogimirim/', 'site': None}
2026-02-01 22:56:41,732 - src.scrappers.facebook_scraper - INFO - Acessando Facebook: https://www.instagram.com/prefeiturademogimirim/
2026-02-01 22:56:48,501 - src.scrappers.facebook_scraper - INFO - Navegou para seção Sobre
2026-02-01 22:56:50,628 - src.scrappers.facebook_scraper - INFO - WhatsApp encontrado: (19) 99452-5426
2026-02-01 22:56:50,628 - src.scrappers.facebook_scraper - INFO - Dados do Facebook extraídos: {'email': None, 'celular_whatsapp': '(19) 99452-5426'}
2026-02-01 22:56:50,643 - src.processors.async_processor - INFO - Registro atualizado: ***
2026-02-01 22:56:56,525 - __main__ - INFO - Iniciando: CTD ENGENHARIAS
2026-02-01 22:56:56,528 - src.processors.async_processor - INFO - [53/116] Processando: CTD ENGENHARIAS
2026-02-01 22:56:56,605 - src.scrappers.google_scraper - INFO - Buscando: "CTD ENGENHARIAS" Mogi Mirim
2026-02-01 22:57:05,922 - src.scrappers.google_scraper - INFO - Dados extraídos para CTD ENGENHARIAS: {'telefone': '(19) 99245-9980', 'facebook_link': None, 'site': None}
2026-02-01 22:57:05,956 - src.processors.async_processor - INFO - Novo registro criado: CTD ENGENHARIAS
2026-02-01 22:57:12,750 - __main__ - INFO - Iniciando: MELO ELETRICISTA
2026-02-01 22:57:12,757 - src.processors.async_processor - INFO - [54/116] Processando: MELO ELETRICISTA
2026-02-01 22:57:12,840 - src.scrappers.google_scraper - INFO - Buscando: "MELO ELETRICISTA" Mogi Mirim
2026-02-01 22:57:21,225 - src.scrappers.google_scraper - INFO - Dados extraídos para MELO ELETRICISTA: {'telefone': '(19) 98293-6775', 'facebook_link': None, 'site': None}
2026-02-01 22:57:21,254 - src.processors.async_processor - INFO - Novo registro criado: MELO ELETRICISTA
2026-02-01 22:57:26,452 - __main__ - INFO - Iniciando: LUCIO DA SILVA
2026-02-01 22:57:26,466 - src.processors.async_processor - INFO - [55/116] Processando: LUCIO DA SILVA
2026-02-01 22:57:26,580 - src.scrappers.google_scraper - INFO - Buscando: "LUCIO DA SILVA" Mogi Mirim
2026-02-01 22:57:36,233 - src.scrappers.google_scraper - INFO - Dados extraídos para LUCIO DA SILVA: {'telefone': '8997-8449', 'facebook_link': None, 'site': None}
2026-02-01 22:57:36,259 - src.processors.async_processor - INFO - Novo registro criado: LUCIO DA SILVA
2026-02-01 22:57:41,313 - __main__ - INFO - Iniciando: V&VMOREIRA
2026-02-01 22:57:41,324 - src.processors.async_processor - INFO - [56/116] Processando: V&VMOREIRA
2026-02-01 22:57:41,403 - src.scrappers.google_scraper - INFO - Buscando: "V&VMOREIRA" Mogi Mirim
2026-02-01 22:57:49,969 - src.scrappers.google_scraper - INFO - Dados extraídos para V&VMOREIRA: {'telefone': '8997-8449', 'facebook_link': 'https://www.instagram.com/reel/DKt8KzIutl_/', 'site': 'https://billboard.com.br/v-do-bts-anuncia-segundo-album-de-fotos-com-exibicao-em-seul/'}
2026-02-01 22:57:50,099 - src.scrappers.facebook_scraper - INFO - Acessando Facebook: https://www.instagram.com/reel/DKt8KzIutl_/
2026-02-01 22:57:57,810 - src.scrappers.facebook_scraper - INFO - WhatsApp encontrado: (19) 99452-5426
2026-02-01 22:57:57,811 - src.scrappers.facebook_scraper - INFO - Dados do Facebook extraídos: {'email': None, 'celular_whatsapp': '(19) 99452-5426'}
2026-02-01 22:57:57,852 - src.processors.async_processor - INFO - Novo registro criado: V&VMOREIRA
2026-02-01 22:58:04,391 - __main__ - INFO - Iniciando: DOCERIA DA SARA
2026-02-01 22:58:04,394 - src.processors.async_processor - INFO - [57/116] Processando: DOCERIA DA SARA
2026-02-01 22:58:04,480 - src.scrappers.google_scraper - INFO - Buscando: "DOCERIA DA SARA" Mogi Mirim
2026-02-01 22:58:13,407 - src.scrappers.google_scraper - INFO - Dados extraídos para DOCERIA DA SARA: {'telefone': '8997-8449', 'facebook_link': None, 'site': None}
2026-02-01 22:58:13,443 - src.processors.async_processor - INFO - Novo registro criado: DOCERIA DA SARA
2026-02-01 22:58:18,928 - __main__ - INFO - Iniciando: SPAZIO ODONTOLOGIA
2026-02-01 22:58:18,939 - src.processors.async_processor - INFO - [58/116] Processando: SPAZIO ODONTOLOGIA
2026-02-01 22:58:19,007 - src.scrappers.google_scraper - INFO - Buscando: "SPAZIO ODONTOLOGIA" Mogi Mirim
2026-02-01 22:58:27,966 - src.scrappers.google_scraper - INFO - Dados extraídos para SPAZIO ODONTOLOGIA: {'telefone': '(19) 3549-7480', 'facebook_link': 'https://www.facebook.com/drabrendavelozo/', 'site': 'https://spazio.codental.site/'}
2026-02-01 22:58:28,100 - src.scrappers.facebook_scraper - INFO - Acessando Facebook: https://www.facebook.com/drabrendavelozo/
2026-02-01 22:59:40,221 - src.scrappers.facebook_scraper - INFO - WhatsApp encontrado: (19) 99452-5426
2026-02-01 22:59:40,222 - src.scrappers.facebook_scraper - INFO - Dados do Facebook extraídos: {'email': None, 'celular_whatsapp': '(19) 99452-5426'}
2026-02-01 22:59:40,256 - src.processors.async_processor - INFO - Novo registro criado: SPAZIO ODONTOLOGIA
2026-02-01 22:59:44,632 - __main__ - INFO - Iniciando: SS MANUTENCAO E MONTAGEM INDUSTRIAL
2026-02-01 22:59:44,634 - src.processors.async_processor - INFO - [59/116] Processando: SS MANUTENCAO E MONTAGEM INDUSTRIAL
2026-02-01 22:59:44,720 - src.scrappers.google_scraper - INFO - Buscando: "SS MANUTENCAO E MONTAGEM INDUSTRIAL" Mogi Mirim
2026-02-01 22:59:54,955 - src.scrappers.google_scraper - INFO - Dados extraídos para SS MANUTENCAO E MONTAGEM INDUSTRIAL: {'telefone': '(19) 3549-4373', 'facebook_link': 'https://www.instagram.com/souza.manutencaoind/', 'site': 'https://industrias.ind.br/cidade/industria-em-mogi-mirim-sp/pagina10'}
2026-02-01 22:59:55,095 - src.scrappers.facebook_scraper - INFO - Acessando Facebook: https://www.instagram.com/souza.manutencaoind/
2026-02-01 23:00:02,176 - src.scrappers.facebook_scraper - INFO - Navegou para seção Sobre
2026-02-01 23:00:04,385 - src.scrappers.facebook_scraper - INFO - WhatsApp encontrado: (19) 99452-5426
2026-02-01 23:00:04,385 - src.scrappers.facebook_scraper - INFO - Dados do Facebook extraídos: {'email': None, 'celular_whatsapp': '(19) 99452-5426'}
2026-02-01 23:00:04,401 - src.processors.async_processor - INFO - Novo registro criado: SS MANUTENCAO E MONTAGEM INDUSTRIAL
2026-02-01 23:00:10,468 - __main__ - INFO - Iniciando: CLIMB
2026-02-01 23:00:10,480 - src.processors.async_processor - INFO - [60/116] Processando: CLIMB
2026-02-01 23:00:10,562 - src.scrappers.google_scraper - INFO - Buscando: "CLIMB" Mogi Mirim
2026-02-01 23:00:19,094 - src.scrappers.google_scraper - INFO - Dados extraídos para CLIMB: {'telefone': '(19) 99884-5434', 'facebook_link': 'https://www.instagram.com/reel/DKu4_Ejv0nn/', 'site': None}
2026-02-01 23:00:19,225 - src.scrappers.facebook_scraper - INFO - Acessando Facebook: https://www.instagram.com/reel/DKu4_Ejv0nn/
2026-02-01 23:00:26,984 - src.scrappers.facebook_scraper - INFO - WhatsApp encontrado: (19) 96772-0816
2026-02-01 23:00:26,984 - src.scrappers.facebook_scraper - INFO - Dados do Facebook extraídos: {'email': None, 'celular_whatsapp': '(19) 96772-0816'}
2026-02-01 23:00:27,023 - src.processors.async_processor - INFO - Novo registro criado: CLIMB
2026-02-01 23:00:31,860 - __main__ - INFO - Iniciando: DNSLOG
2026-02-01 23:00:31,869 - src.processors.async_processor - INFO - [61/116] Processando: DNSLOG
2026-02-01 23:00:31,971 - src.scrappers.google_scraper - INFO - Buscando: "DNSLOG" Mogi Mirim
2026-02-01 23:00:40,936 - src.scrappers.google_scraper - INFO - Dados extraídos para DNSLOG: {'telefone': '(19) 3000-3127', 'facebook_link': None, 'site': None}
2026-02-01 23:00:40,964 - src.processors.async_processor - INFO - Novo registro criado: DNSLOG
2026-02-01 23:00:46,250 - __main__ - INFO - Iniciando: AGRO CARDEAL
2026-02-01 23:00:46,256 - src.processors.async_processor - INFO - [62/116] Processando: AGRO CARDEAL
2026-02-01 23:00:46,373 - src.scrappers.google_scraper - INFO - Buscando: "AGRO CARDEAL" Mogi Mirim
2026-02-01 23:00:56,724 - src.scrappers.google_scraper - INFO - Dados extraídos para AGRO CARDEAL: {'telefone': '(19) 9216-9235', 'facebook_link': 'https://www.instagram.com/reel/Cv-bsC3LYnv/', 'site': None}
2026-02-01 23:00:56,838 - src.scrappers.facebook_scraper - INFO - Acessando Facebook: https://www.instagram.com/reel/Cv-bsC3LYnv/
2026-02-01 23:01:04,144 - src.scrappers.facebook_scraper - INFO - WhatsApp encontrado: (19) 98037-2407
2026-02-01 23:01:04,144 - src.scrappers.facebook_scraper - INFO - Dados do Facebook extraídos: {'email': None, 'celular_whatsapp': '(19) 98037-2407'}
2026-02-01 23:01:04,184 - src.processors.async_processor - INFO - Novo registro criado: AGRO CARDEAL
2026-02-01 23:01:07,578 - __main__ - INFO - Iniciando: MARTINI REPRESENTACOES
2026-02-01 23:01:07,589 - src.processors.async_processor - INFO - [63/116] Processando: MARTINI REPRESENTACOES
2026-02-01 23:01:07,704 - src.scrappers.google_scraper - INFO - Buscando: "MARTINI REPRESENTACOES" Mogi Mirim
2026-02-01 23:01:16,767 - src.scrappers.google_scraper - INFO - Dados extraídos para MARTINI REPRESENTACOES: {'telefone': '(19) 3841-8023', 'facebook_link': None, 'site': None}
2026-02-01 23:01:16,801 - src.processors.async_processor - INFO - Novo registro criado: MARTINI REPRESENTACOES
2026-02-01 23:01:23,911 - __main__ - INFO - Iniciando: BUSINESS ACADEMY
2026-02-01 23:01:23,918 - src.processors.async_processor - INFO - [64/116] Processando: BUSINESS ACADEMY
2026-02-01 23:01:24,015 - src.scrappers.google_scraper - INFO - Buscando: "BUSINESS ACADEMY" Mogi Mirim
2026-02-01 23:01:33,197 - src.scrappers.google_scraper - INFO - Dados extraídos para BUSINESS ACADEMY: {'telefone': '8997-8449', 'facebook_link': None, 'site': None}
2026-02-01 23:01:33,232 - src.processors.async_processor - INFO - Novo registro criado: BUSINESS ACADEMY
2026-02-01 23:01:39,765 - __main__ - INFO - Iniciando: JIN JIN PARKSHOPPING MOGI MIRIM
2026-02-01 23:01:39,773 - src.processors.async_processor - INFO - [65/116] Processando: JIN JIN PARKSHOPPING MOGI MIRIM
2026-02-01 23:01:39,878 - src.scrappers.google_scraper - INFO - Buscando: "JIN JIN PARKSHOPPING MOGI MIRIM" Mogi Mirim
2026-02-01 23:01:49,493 - src.scrappers.google_scraper - INFO - Dados extraídos para JIN JIN PARKSHOPPING MOGI MIRIM: {'telefone': '(19) 97811-6006', 'facebook_link': 'https://www.instagram.com/explore/locations/100801236407267/jin-jin-parkshopping-mogi-mirim/', 'site': 'https://www.jinjin.com.br/'}
2026-02-01 23:01:49,608 - src.scrappers.facebook_scraper - INFO - Acessando Facebook: https://www.instagram.com/explore/locations/100801236407267/jin-jin-parkshopping-mogi-mirim/
2026-02-01 23:01:56,640 - src.scrappers.facebook_scraper - INFO - Navegou para seção Sobre
2026-02-01 23:01:58,804 - src.scrappers.facebook_scraper - INFO - WhatsApp encontrado: (19) 97811-6006
2026-02-01 23:01:58,804 - src.scrappers.facebook_scraper - INFO - Dados do Facebook extraídos: {'email': None, 'celular_whatsapp': '(19) 97811-6006'}
2026-02-01 23:01:58,821 - src.processors.async_processor - INFO - Novo registro criado: JIN JIN PARKSHOPPING MOGI MIRIM
2026-02-01 23:02:03,610 - __main__ - INFO - Iniciando: WLA COMERCIAL
2026-02-01 23:02:03,624 - src.processors.async_processor - INFO - [66/116] Processando: WLA COMERCIAL
2026-02-01 23:02:03,736 - src.scrappers.google_scraper - INFO - Buscando: "WLA COMERCIAL" Mogi Mirim
2026-02-01 23:02:12,147 - src.scrappers.google_scraper - INFO - Dados extraídos para WLA COMERCIAL: {'telefone': '(19) 3806-4641', 'facebook_link': None, 'site': None}
2026-02-01 23:02:12,176 - src.processors.async_processor - INFO - Novo registro criado: WLA COMERCIAL
2026-02-01 23:02:18,577 - __main__ - INFO - Iniciando: VB VIABILIZE NEGOCIOS IMOBILIARIOS
2026-02-01 23:02:18,588 - src.processors.async_processor - INFO - [67/116] Processando: VB VIABILIZE NEGOCIOS IMOBILIARIOS
2026-02-01 23:02:18,703 - src.scrappers.google_scraper - INFO - Buscando: "VB VIABILIZE NEGOCIOS IMOBILIARIOS" Mogi Mirim
2026-02-01 23:02:26,615 - src.scrappers.google_scraper - INFO - Dados extraídos para VB VIABILIZE NEGOCIOS IMOBILIARIOS: {'telefone': '(19) 9997-5601', 'facebook_link': 'https://www.instagram.com/vbviabilize.imobiliaria/', 'site': None}
2026-02-01 23:02:26,734 - src.scrappers.facebook_scraper - INFO - Acessando Facebook: https://www.instagram.com/vbviabilize.imobiliaria/
2026-02-01 23:02:33,775 - src.scrappers.facebook_scraper - INFO - Navegou para seção Sobre
2026-02-01 23:02:35,919 - src.scrappers.facebook_scraper - INFO - WhatsApp encontrado: (19) 99452-5426
2026-02-01 23:02:35,920 - src.scrappers.facebook_scraper - INFO - Dados do Facebook extraídos: {'email': None, 'celular_whatsapp': '(19) 99452-5426'}
2026-02-01 23:02:35,937 - src.processors.async_processor - INFO - Novo registro criado: VB VIABILIZE NEGOCIOS IMOBILIARIOS
2026-02-01 23:02:39,625 - __main__ - INFO - Iniciando: FELIPE SILVA
2026-02-01 23:02:39,636 - src.processors.async_processor - INFO - [68/116] Processando: FELIPE SILVA
2026-02-01 23:02:39,749 - src.scrappers.google_scraper - INFO - Buscando: "FELIPE SILVA" Mogi Mirim
2026-02-01 23:02:48,412 - src.scrappers.google_scraper - INFO - Dados extraídos para FELIPE SILVA: {'telefone': '8997-8449', 'facebook_link': 'https://www.instagram.com/ffesilva_/', 'site': None}
2026-02-01 23:02:48,520 - src.scrappers.facebook_scraper - INFO - Acessando Facebook: https://www.instagram.com/ffesilva_/
2026-02-01 23:02:55,281 - src.scrappers.facebook_scraper - INFO - Navegou para seção Sobre
2026-02-01 23:02:57,434 - src.scrappers.facebook_scraper - INFO - WhatsApp encontrado: (19) 99452-5426
2026-02-01 23:02:57,435 - src.scrappers.facebook_scraper - INFO - Dados do Facebook extraídos: {'email': None, 'celular_whatsapp': '(19) 99452-5426'}
2026-02-01 23:02:57,452 - src.processors.async_processor - INFO - Novo registro criado: FELIPE SILVA
2026-02-01 23:03:01,511 - __main__ - INFO - Iniciando: ELETRO POWER BSTS
2026-02-01 23:03:01,524 - src.processors.async_processor - INFO - [69/116] Processando: ELETRO POWER BSTS
2026-02-01 23:03:01,661 - src.scrappers.google_scraper - INFO - Buscando: "ELETRO POWER BSTS" Mogi Mirim
2026-02-01 23:03:11,201 - src.scrappers.google_scraper - INFO - Dados extraídos para ELETRO POWER BSTS: {'telefone': '(19) 98992-9846', 'facebook_link': None, 'site': 'https://industrias.ind.br/cidade/industria-em-mogi-mirim-sp/pagina3'}
2026-02-01 23:03:11,229 - src.processors.async_processor - INFO - Novo registro criado: ELETRO POWER BSTS
2026-02-01 23:03:17,038 - __main__ - INFO - Iniciando: AGROBIOFERT
2026-02-01 23:03:17,042 - src.processors.async_processor - INFO - [70/116] Processando: AGROBIOFERT
2026-02-01 23:03:17,125 - src.scrappers.google_scraper - INFO - Buscando: "AGROBIOFERT" Mogi Mirim
2026-02-01 23:03:25,931 - src.scrappers.google_scraper - INFO - Dados extraídos para AGROBIOFERT: {'telefone': '(19) 99738-7276', 'facebook_link': 'https://www.instagram.com/agrobiofert/', 'site': 'https://www.agrobiofert.com.br/'}
2026-02-01 23:03:26,060 - src.scrappers.facebook_scraper - INFO - Acessando Facebook: https://www.instagram.com/agrobiofert/
2026-02-01 23:03:32,882 - src.scrappers.facebook_scraper - INFO - Navegou para seção Sobre
2026-02-01 23:03:35,124 - src.scrappers.facebook_scraper - INFO - WhatsApp encontrado: (19) 99452-5426
2026-02-01 23:03:35,124 - src.scrappers.facebook_scraper - INFO - Dados do Facebook extraídos: {'email': None, 'celular_whatsapp': '(19) 99452-5426'}
2026-02-01 23:03:35,138 - src.processors.async_processor - INFO - Novo registro criado: AGROBIOFERT
2026-02-01 23:03:38,361 - __main__ - INFO - Iniciando: MERCADO UNIAO
2026-02-01 23:03:38,386 - src.processors.async_processor - INFO - [71/116] Processando: MERCADO UNIAO
2026-02-01 23:03:38,478 - src.scrappers.google_scraper - INFO - Buscando: "MERCADO UNIAO" Mogi Mirim
2026-02-01 23:03:48,161 - src.scrappers.google_scraper - INFO - Dados extraídos para MERCADO UNIAO: {'telefone': '(19) 3549-8226', 'facebook_link': 'https://www.instagram.com/reel/DT2hxaKAKG8/', 'site': 'https://www.reclameaqui.com.br//nestle/comprei-um-chandele-no-mercado-uniao-em-mogi-mirim_11259261/'}
2026-02-01 23:03:48,285 - src.scrappers.facebook_scraper - INFO - Acessando Facebook: https://www.instagram.com/reel/DT2hxaKAKG8/
2026-02-01 23:03:56,541 - src.scrappers.facebook_scraper - INFO - WhatsApp encontrado: (19) 99452-5426
2026-02-01 23:03:56,542 - src.scrappers.facebook_scraper - INFO - Dados do Facebook extraídos: {'email': None, 'celular_whatsapp': '(19) 99452-5426'}
2026-02-01 23:03:56,578 - src.processors.async_processor - INFO - Novo registro criado: MERCADO UNIAO
2026-02-01 23:04:03,521 - __main__ - INFO - Iniciando: CLOSET DELAS
2026-02-01 23:04:03,522 - src.processors.async_processor - INFO - [72/116] Processando: CLOSET DELAS
2026-02-01 23:04:03,596 - src.scrappers.google_scraper - INFO - Buscando: "CLOSET DELAS" Mogi Mirim
2026-02-01 23:04:12,859 - src.scrappers.google_scraper - INFO - Dados extraídos para CLOSET DELAS: {'telefone': '(19) 99164-2505', 'facebook_link': 'https://www.instagram.com/closetdelasbyhelo/', 'site': None}
2026-02-01 23:04:12,977 - src.scrappers.facebook_scraper - INFO - Acessando Facebook: https://www.instagram.com/closetdelasbyhelo/
2026-02-01 23:04:19,751 - src.scrappers.facebook_scraper - INFO - Navegou para seção Sobre
2026-02-01 23:04:21,896 - src.scrappers.facebook_scraper - INFO - WhatsApp encontrado: (19) 99452-5426
2026-02-01 23:04:21,896 - src.scrappers.facebook_scraper - INFO - Dados do Facebook extraídos: {'email': None, 'celular_whatsapp': '(19) 99452-5426'}
2026-02-01 23:04:21,914 - src.processors.async_processor - INFO - Novo registro criado: CLOSET DELAS
2026-02-01 23:04:27,406 - __main__ - INFO - Iniciando: SRKAGASPA
2026-02-01 23:04:27,416 - src.processors.async_processor - INFO - [73/116] Processando: SRKAGASPA
2026-02-01 23:04:27,503 - src.scrappers.google_scraper - INFO - Buscando: "SRKAGASPA" Mogi Mirim
2026-02-01 23:04:35,642 - src.scrappers.google_scraper - INFO - Dados extraídos para SRKAGASPA: {'telefone': '(19) 9258-3131', 'facebook_link': None, 'site': None}
2026-02-01 23:04:35,676 - src.processors.async_processor - INFO - Novo registro criado: SRKAGASPA
2026-02-01 23:04:42,809 - __main__ - INFO - Iniciando: JJ VIDROS
2026-02-01 23:04:42,816 - src.processors.async_processor - INFO - [74/116] Processando: JJ VIDROS
2026-02-01 23:04:42,911 - src.scrappers.google_scraper - INFO - Buscando: "JJ VIDROS" Mogi Mirim
2026-02-01 23:04:51,622 - src.scrappers.google_scraper - INFO - Dados extraídos para JJ VIDROS: {'telefone': '(19) 3804-1247', 'facebook_link': 'https://www.instagram.com/vetro.mogi/', 'site': None}
2026-02-01 23:04:51,758 - src.scrappers.facebook_scraper - INFO - Acessando Facebook: https://www.instagram.com/vetro.mogi/
2026-02-01 23:04:58,621 - src.scrappers.facebook_scraper - INFO - Navegou para seção Sobre
2026-02-01 23:05:00,778 - src.scrappers.facebook_scraper - INFO - WhatsApp encontrado: (19) 99452-5426
2026-02-01 23:05:00,778 - src.scrappers.facebook_scraper - INFO - Dados do Facebook extraídos: {'email': None, 'celular_whatsapp': '(19) 99452-5426'}
2026-02-01 23:05:00,800 - src.processors.async_processor - INFO - Novo registro criado: JJ VIDROS
2026-02-01 23:05:05,609 - __main__ - INFO - Iniciando: CACAU SHOW PARQUE ESPERANCA
2026-02-01 23:05:05,613 - src.processors.async_processor - INFO - [75/116] Processando: CACAU SHOW PARQUE ESPERANCA
2026-02-01 23:05:05,692 - src.scrappers.google_scraper - INFO - Buscando: "CACAU SHOW PARQUE ESPERANCA" Mogi Mirim
2026-02-01 23:05:14,910 - src.scrappers.google_scraper - INFO - Dados extraídos para CACAU SHOW PARQUE ESPERANCA: {'telefone': '(19) 3862-9013', 'facebook_link': 'https://www.facebook.com/cacaushowpqesperanca/', 'site': 'https://www.cacaushow.com.br/'}
2026-02-01 23:05:15,101 - src.scrappers.facebook_scraper - INFO - Acessando Facebook: https://www.facebook.com/cacaushowpqesperanca/
2026-02-01 23:06:27,471 - src.scrappers.facebook_scraper - INFO - Email encontrado: lojacacaushowpqesperanca@gmail.com
2026-02-01 23:06:27,472 - src.scrappers.facebook_scraper - INFO - WhatsApp encontrado: (19) 99665-5450
2026-02-01 23:06:27,473 - src.scrappers.facebook_scraper - INFO - Dados do Facebook extraídos: {'email': 'lojacacaushowpqesperanca@gmail.com', 'celular_whatsapp': '(19) 99665-5450'}
2026-02-01 23:06:27,507 - src.processors.async_processor - INFO - Novo registro criado: CACAU SHOW PARQUE ESPERANCA
2026-02-01 23:06:34,234 - __main__ - INFO - Iniciando: EDUCAMPA
2026-02-01 23:06:34,244 - src.processors.async_processor - INFO - [76/116] Processando: EDUCAMPA
2026-02-01 23:06:34,403 - src.scrappers.google_scraper - INFO - Buscando: "EDUCAMPA" Mogi Mirim
2026-02-01 23:06:43,795 - src.scrappers.google_scraper - INFO - Dados extraídos para EDUCAMPA: {'telefone': '8997-8449', 'facebook_link': 'https://www.instagram.com/educampa2023/', 'site': None}
2026-02-01 23:06:43,922 - src.scrappers.facebook_scraper - INFO - Acessando Facebook: https://www.instagram.com/educampa2023/
2026-02-01 23:06:50,724 - src.scrappers.facebook_scraper - INFO - Navegou para seção Sobre
2026-02-01 23:06:52,873 - src.scrappers.facebook_scraper - INFO - WhatsApp encontrado: (19) 99452-5426
2026-02-01 23:06:52,873 - src.scrappers.facebook_scraper - INFO - Dados do Facebook extraídos: {'email': None, 'celular_whatsapp': '(19) 99452-5426'}
2026-02-01 23:06:52,888 - src.processors.async_processor - INFO - Novo registro criado: EDUCAMPA
2026-02-01 23:06:56,374 - __main__ - INFO - Iniciando: USIMED
2026-02-01 23:06:56,380 - src.processors.async_processor - INFO - [77/116] Processando: USIMED
2026-02-01 23:06:56,481 - src.scrappers.google_scraper - INFO - Buscando: "USIMED" Mogi Mirim
2026-02-01 23:07:06,413 - src.scrappers.google_scraper - INFO - Dados extraídos para USIMED: {'telefone': '8997-8449', 'facebook_link': None, 'site': None}
2026-02-01 23:07:06,447 - src.processors.async_processor - INFO - Novo registro criado: USIMED
2026-02-01 23:07:12,640 - __main__ - INFO - Iniciando: THAMIRA
2026-02-01 23:07:12,647 - src.processors.async_processor - INFO - [78/116] Processando: THAMIRA
2026-02-01 23:07:12,744 - src.scrappers.google_scraper - INFO - Buscando: "THAMIRA" Mogi Mirim
2026-02-01 23:07:21,973 - src.scrappers.google_scraper - INFO - Dados extraídos para THAMIRA: {'telefone': '(19) 97820-0544', 'facebook_link': None, 'site': 'https://nepp.unicamp.br/wp-content/uploads/sites/57/2024/10/AnaisdeTrabalhoIV_Livro.pdf'}
2026-02-01 23:07:22,006 - src.processors.async_processor - INFO - Novo registro criado: THAMIRA
2026-02-01 23:07:26,859 - __main__ - INFO - Iniciando: HENRIQUE TRANSPORTES
2026-02-01 23:07:26,871 - src.processors.async_processor - INFO - [79/116] Processando: HENRIQUE TRANSPORTES
2026-02-01 23:07:26,988 - src.scrappers.google_scraper - INFO - Buscando: "HENRIQUE TRANSPORTES" Mogi Mirim
2026-02-01 23:07:36,039 - src.scrappers.google_scraper - INFO - Dados extraídos para HENRIQUE TRANSPORTES: {'telefone': '8997-8449', 'facebook_link': None, 'site': None}
2026-02-01 23:07:36,070 - src.processors.async_processor - INFO - Novo registro criado: HENRIQUE TRANSPORTES
2026-02-01 23:07:39,959 - __main__ - INFO - Iniciando: RF DIESEL
2026-02-01 23:07:39,962 - src.processors.async_processor - INFO - [80/116] Processando: RF DIESEL
2026-02-01 23:07:40,034 - src.scrappers.google_scraper - INFO - Buscando: "RF DIESEL" Mogi Mirim
2026-02-01 23:07:49,606 - src.scrappers.google_scraper - INFO - Dados extraídos para RF DIESEL: {'telefone': '(19) 99676-8871', 'facebook_link': None, 'site': None}
2026-02-01 23:07:49,645 - src.processors.async_processor - INFO - Novo registro criado: RF DIESEL
2026-02-01 23:07:55,157 - __main__ - INFO - Iniciando: CAMPOSTEC MANUTENCAO INDUSTRIAL
2026-02-01 23:07:55,164 - src.processors.async_processor - INFO - [81/116] Processando: CAMPOSTEC MANUTENCAO INDUSTRIAL
2026-02-01 23:07:55,256 - src.scrappers.google_scraper - INFO - Buscando: "CAMPOSTEC MANUTENCAO INDUSTRIAL" Mogi Mirim
2026-02-01 23:08:03,456 - src.scrappers.google_scraper - INFO - Dados extraídos para CAMPOSTEC MANUTENCAO INDUSTRIAL: {'telefone': '8997-8449', 'facebook_link': None, 'site': None}
2026-02-01 23:08:03,489 - src.processors.async_processor - INFO - Novo registro criado: CAMPOSTEC MANUTENCAO INDUSTRIAL
2026-02-01 23:08:07,203 - __main__ - INFO - Iniciando: BRASPLANT MUDAS
2026-02-01 23:08:07,212 - src.processors.async_processor - INFO - [82/116] Processando: BRASPLANT MUDAS
2026-02-01 23:08:07,289 - src.scrappers.google_scraper - INFO - Buscando: "BRASPLANT MUDAS" Mogi Mirim
2026-02-01 23:08:16,395 - src.scrappers.google_scraper - INFO - Dados extraídos para BRASPLANT MUDAS: {'telefone': '(19) 99946-7080', 'facebook_link': 'https://www.instagram.com/reel/DQH7vBykT9L/', 'site': 'https://grupofasitec.com.br/mogi-mirim-comemora-256-anos-uma-cidade-historica-e-inovadora-celebra-seu-aniversario-com-o-sicon-impulsionando-o-futuro/#:~:text=Hoje%2C%2022%20de%20outubro%2C%20Mogi,seus%20256%20anos%20de%20funda%C3%A7%C3%A3o!'}
2026-02-01 23:08:16,519 - src.scrappers.facebook_scraper - INFO - Acessando Facebook: https://www.instagram.com/reel/DQH7vBykT9L/
2026-02-01 23:08:23,814 - src.scrappers.facebook_scraper - INFO - WhatsApp encontrado: (19) 99452-5426
2026-02-01 23:08:23,814 - src.scrappers.facebook_scraper - INFO - Dados do Facebook extraídos: {'email': None, 'celular_whatsapp': '(19) 99452-5426'}
2026-02-01 23:08:23,858 - src.processors.async_processor - INFO - Novo registro criado: BRASPLANT MUDAS
2026-02-01 23:08:28,687 - __main__ - INFO - Iniciando: VAL
2026-02-01 23:08:28,692 - src.processors.async_processor - INFO - [83/116] Processando: VAL
2026-02-01 23:08:28,778 - src.scrappers.google_scraper - INFO - Buscando: "VAL" Mogi Mirim
2026-02-01 23:08:38,691 - src.scrappers.google_scraper - INFO - Dados extraídos para VAL: {'telefone': '8997-8449', 'facebook_link': 'https://www.instagram.com/val.lanches.mogimirim/', 'site': None}
2026-02-01 23:08:38,839 - src.scrappers.facebook_scraper - INFO - Acessando Facebook: https://www.instagram.com/val.lanches.mogimirim/
2026-02-01 23:08:45,644 - src.scrappers.facebook_scraper - INFO - Navegou para seção Sobre
2026-02-01 23:08:47,790 - src.scrappers.facebook_scraper - INFO - WhatsApp encontrado: (19) 99452-5426
2026-02-01 23:08:47,791 - src.scrappers.facebook_scraper - INFO - Dados do Facebook extraídos: {'email': None, 'celular_whatsapp': '(19) 99452-5426'}
2026-02-01 23:08:47,812 - src.processors.async_processor - INFO - Novo registro criado: VAL
2026-02-01 23:08:51,482 - __main__ - INFO - Iniciando: CRISTAL IMOBILIARIA
2026-02-01 23:08:51,483 - src.processors.async_processor - INFO - [84/116] Processando: CRISTAL IMOBILIARIA
2026-02-01 23:08:51,579 - src.scrappers.google_scraper - INFO - Buscando: "CRISTAL IMOBILIARIA" Mogi Mirim
2026-02-01 23:09:00,876 - src.scrappers.google_scraper - INFO - Dados extraídos para CRISTAL IMOBILIARIA: {'telefone': '(19) 03879-3711', 'facebook_link': 'https://www.instagram.com/cristalimobiliariacdia/', 'site': None}
2026-02-01 23:09:01,003 - src.scrappers.facebook_scraper - INFO - Acessando Facebook: https://www.instagram.com/cristalimobiliariacdia/
2026-02-01 23:09:07,750 - src.scrappers.facebook_scraper - INFO - Navegou para seção Sobre
2026-02-01 23:09:09,888 - src.scrappers.facebook_scraper - INFO - WhatsApp encontrado: (19) 99452-5426
2026-02-01 23:09:09,888 - src.scrappers.facebook_scraper - INFO - Dados do Facebook extraídos: {'email': None, 'celular_whatsapp': '(19) 99452-5426'}
2026-02-01 23:09:09,906 - src.processors.async_processor - INFO - Novo registro criado: CRISTAL IMOBILIARIA
2026-02-01 23:09:16,912 - __main__ - INFO - Iniciando: LICITMOGI COMERCIAL
2026-02-01 23:09:16,913 - src.processors.async_processor - INFO - [85/116] Processando: LICITMOGI COMERCIAL
2026-02-01 23:09:17,001 - src.scrappers.google_scraper - INFO - Buscando: "LICITMOGI COMERCIAL" Mogi Mirim
2026-02-01 23:09:25,684 - src.scrappers.google_scraper - INFO - Dados extraídos para LICITMOGI COMERCIAL: {'telefone': '(19) 3806-6067', 'facebook_link': None, 'site': 'https://www.mogimirim.sp.gov.br/licitacao/view/2114/plano-de-contratacao-anual-2026'}
2026-02-01 23:09:25,722 - src.processors.async_processor - INFO - Novo registro criado: LICITMOGI COMERCIAL
2026-02-01 23:09:31,061 - __main__ - INFO - Iniciando: ZERAO MULTIMARCAS
2026-02-01 23:09:31,069 - src.processors.async_processor - INFO - [86/116] Processando: ZERAO MULTIMARCAS
2026-02-01 23:09:31,181 - src.scrappers.google_scraper - INFO - Buscando: "ZERAO MULTIMARCAS" Mogi Mirim
2026-02-01 23:09:39,823 - src.scrappers.google_scraper - INFO - Dados extraídos para ZERAO MULTIMARCAS: {'telefone': '(19) 3862-8122', 'facebook_link': 'https://www.instagram.com/zeraomultimarcas/', 'site': 'https://zeraomultimarcas.com.br/?utm_source=google_profile&utm_campaign=localo&utm_medium=mainlink'}
2026-02-01 23:09:40,002 - src.scrappers.facebook_scraper - INFO - Acessando Facebook: https://www.instagram.com/zeraomultimarcas/
2026-02-01 23:09:46,736 - src.scrappers.facebook_scraper - INFO - Navegou para seção Sobre
2026-02-01 23:09:48,875 - src.scrappers.facebook_scraper - INFO - WhatsApp encontrado: (19) 99452-5426
2026-02-01 23:09:48,876 - src.scrappers.facebook_scraper - INFO - Dados do Facebook extraídos: {'email': None, 'celular_whatsapp': '(19) 99452-5426'}
2026-02-01 23:09:48,898 - src.processors.async_processor - INFO - Novo registro criado: ZERAO MULTIMARCAS
2026-02-01 23:09:55,647 - __main__ - INFO - Iniciando: TOPO MOBILIARIO CORPORATIVO
2026-02-01 23:09:55,649 - src.processors.async_processor - INFO - [87/116] Processando: TOPO MOBILIARIO CORPORATIVO
2026-02-01 23:09:55,723 - src.scrappers.google_scraper - INFO - Buscando: "TOPO MOBILIARIO CORPORATIVO" Mogi Mirim
2026-02-01 23:10:04,873 - src.scrappers.google_scraper - INFO - Dados extraídos para TOPO MOBILIARIO CORPORATIVO: {'telefone': '8997-8449', 'facebook_link': None, 'site': None}
2026-02-01 23:10:04,911 - src.processors.async_processor - INFO - Novo registro criado: TOPO MOBILIARIO CORPORATIVO
2026-02-01 23:10:08,212 - __main__ - INFO - Iniciando: R.R. ROSITEC AUTOMACAO
2026-02-01 23:10:08,214 - src.processors.async_processor - INFO - [88/116] Processando: R.R. ROSITEC AUTOMACAO
2026-02-01 23:10:08,295 - src.scrappers.google_scraper - INFO - Buscando: "R.R. ROSITEC AUTOMACAO" Mogi Mirim
2026-02-01 23:10:17,425 - src.scrappers.google_scraper - INFO - Dados extraídos para R.R. ROSITEC AUTOMACAO: {'telefone': '(19) 99324-1779', 'facebook_link': 'https://www.instagram.com/rosamotores/', 'site': 'https://empresas.serasaexperian.com.br/consulta-gratis/R.R.-ROSITEC-AUTOMACAO-LTDA-51839296000170'}
2026-02-01 23:10:17,551 - src.scrappers.facebook_scraper - INFO - Acessando Facebook: https://www.instagram.com/rosamotores/
2026-02-01 23:10:24,489 - src.scrappers.facebook_scraper - INFO - Navegou para seção Sobre
2026-02-01 23:10:26,625 - src.scrappers.facebook_scraper - INFO - WhatsApp encontrado: (19) 99452-5426
2026-02-01 23:10:26,626 - src.scrappers.facebook_scraper - INFO - Dados do Facebook extraídos: {'email': None, 'celular_whatsapp': '(19) 99452-5426'}
2026-02-01 23:10:26,643 - src.processors.async_processor - INFO - Novo registro criado: R.R. ROSITEC AUTOMACAO
2026-02-01 23:10:30,078 - __main__ - INFO - Iniciando: STUDIO EDIFICANDO
2026-02-01 23:10:30,086 - src.processors.async_processor - INFO - [89/116] Processando: STUDIO EDIFICANDO
2026-02-01 23:10:30,183 - src.scrappers.google_scraper - INFO - Buscando: "STUDIO EDIFICANDO" Mogi Mirim
2026-02-01 23:10:39,386 - src.scrappers.google_scraper - INFO - Dados extraídos para STUDIO EDIFICANDO: {'telefone': '(19) 98779-0192', 'facebook_link': 'https://www.instagram.com/reel/CeKJRfRLsUf/', 'site': None}
2026-02-01 23:10:39,515 - src.scrappers.facebook_scraper - INFO - Acessando Facebook: https://www.instagram.com/reel/CeKJRfRLsUf/
2026-02-01 23:10:47,341 - src.scrappers.facebook_scraper - INFO - WhatsApp encontrado: (19) 99452-5426
2026-02-01 23:10:47,344 - src.scrappers.facebook_scraper - INFO - Dados do Facebook extraídos: {'email': None, 'celular_whatsapp': '(19) 99452-5426'}
2026-02-01 23:10:47,404 - src.processors.async_processor - INFO - Novo registro criado: STUDIO EDIFICANDO
2026-02-01 23:10:54,266 - __main__ - INFO - Iniciando: CASA DE CARNES LOPES
2026-02-01 23:10:54,273 - src.processors.async_processor - INFO - [90/116] Processando: CASA DE CARNES LOPES
2026-02-01 23:10:54,364 - src.scrappers.google_scraper - INFO - Buscando: "CASA DE CARNES LOPES" Mogi Mirim
2026-02-01 23:11:03,898 - src.scrappers.google_scraper - INFO - Dados extraídos para CASA DE CARNES LOPES: {'telefone': '(19) 3549-5049', 'facebook_link': 'https://www.facebook.com/acouguelopes/videos/-conhe%C3%A7a-a-casa-de-carnes-lopes-seja-bem-vindo-ao-nosso-a%C3%A7ougue-onde-a-qualidade/500693242637653/', 'site': None}
2026-02-01 23:11:04,032 - src.scrappers.facebook_scraper - INFO - Acessando Facebook: https://www.facebook.com/acouguelopes/videos/-conhe%C3%A7a-a-casa-de-carnes-lopes-seja-bem-vindo-ao-nosso-a%C3%A7ougue-onde-a-qualidade/500693242637653/
2026-02-01 23:11:12,697 - src.scrappers.facebook_scraper - INFO - WhatsApp encontrado: (19) 99705-4738
2026-02-01 23:11:12,697 - src.scrappers.facebook_scraper - INFO - Dados do Facebook extraídos: {'email': None, 'celular_whatsapp': '(19) 99705-4738'}
2026-02-01 23:11:12,753 - src.processors.async_processor - INFO - Novo registro criado: CASA DE CARNES LOPES
2026-02-01 23:11:18,008 - __main__ - INFO - Iniciando: DANILO RIBEIRO
2026-02-01 23:11:18,020 - src.processors.async_processor - INFO - [91/116] Processando: DANILO RIBEIRO
2026-02-01 23:11:18,099 - src.scrappers.google_scraper - INFO - Buscando: "DANILO RIBEIRO" Mogi Mirim
2026-02-01 23:11:26,906 - src.scrappers.google_scraper - INFO - Dados extraídos para DANILO RIBEIRO: {'telefone': '(19) 3814-1000', 'facebook_link': 'https://www.instagram.com/reel/DL7jApivMwZ/', 'site': None}
2026-02-01 23:11:27,060 - src.scrappers.facebook_scraper - INFO - Acessando Facebook: https://www.instagram.com/reel/DL7jApivMwZ/
2026-02-01 23:11:34,485 - src.scrappers.facebook_scraper - INFO - WhatsApp encontrado: (19) 99452-5426
2026-02-01 23:11:34,485 - src.scrappers.facebook_scraper - INFO - Dados do Facebook extraídos: {'email': None, 'celular_whatsapp': '(19) 99452-5426'}
2026-02-01 23:11:34,538 - src.processors.async_processor - INFO - Novo registro criado: DANILO RIBEIRO
2026-02-01 23:11:40,910 - __main__ - INFO - Iniciando: MARCELAPAIS
2026-02-01 23:11:40,915 - src.processors.async_processor - INFO - [92/116] Processando: MARCELAPAIS
2026-02-01 23:11:41,003 - src.scrappers.google_scraper - INFO - Buscando: "MARCELAPAIS" Mogi Mirim
2026-02-01 23:11:49,624 - src.scrappers.google_scraper - INFO - Dados extraídos para MARCELAPAIS: {'telefone': '8997-8449', 'facebook_link': None, 'site': None}
2026-02-01 23:11:49,661 - src.processors.async_processor - INFO - Novo registro criado: MARCELAPAIS
2026-02-01 23:11:54,437 - __main__ - INFO - Iniciando: MAEDA E SILVA TRANSPORTES
2026-02-01 23:11:54,443 - src.processors.async_processor - INFO - [93/116] Processando: MAEDA E SILVA TRANSPORTES
2026-02-01 23:11:54,516 - src.scrappers.google_scraper - INFO - Buscando: "MAEDA E SILVA TRANSPORTES" Mogi Mirim
2026-02-01 23:12:02,371 - src.scrappers.google_scraper - INFO - Dados extraídos para MAEDA E SILVA TRANSPORTES: {'telefone': '8997-8449', 'facebook_link': None, 'site': None}
2026-02-01 23:12:02,408 - src.processors.async_processor - INFO - Novo registro criado: MAEDA E SILVA TRANSPORTES
2026-02-01 23:12:06,397 - __main__ - INFO - Iniciando: SUPREMO BLOCOS
2026-02-01 23:12:06,399 - src.processors.async_processor - INFO - [94/116] Processando: SUPREMO BLOCOS
2026-02-01 23:12:06,475 - src.scrappers.google_scraper - INFO - Buscando: "SUPREMO BLOCOS" Mogi Mirim
2026-02-01 23:12:15,440 - src.scrappers.google_scraper - INFO - Dados extraídos para SUPREMO BLOCOS: {'telefone': '(19) 9889-0747', 'facebook_link': 'https://www.facebook.com/supremosecilcimentos/videos/a-qualidade-da-supremo-cimentos-come%C3%A7a-muito-antes-de-chegar-%C3%A0-sua-obra-ela-est%C3%A1/1483611072960829/', 'site': None}
2026-02-01 23:12:15,573 - src.scrappers.facebook_scraper - INFO - Acessando Facebook: https://www.facebook.com/supremosecilcimentos/videos/a-qualidade-da-supremo-cimentos-come%C3%A7a-muito-antes-de-chegar-%C3%A0-sua-obra-ela-est%C3%A1/1483611072960829/
2026-02-01 23:12:24,025 - src.scrappers.facebook_scraper - INFO - WhatsApp encontrado: (19) 99452-5426
2026-02-01 23:12:24,026 - src.scrappers.facebook_scraper - INFO - Dados do Facebook extraídos: {'email': None, 'celular_whatsapp': '(19) 99452-5426'}
2026-02-01 23:12:24,069 - src.processors.async_processor - INFO - Novo registro criado: SUPREMO BLOCOS
2026-02-01 23:12:30,845 - __main__ - INFO - Iniciando: PLAY GAMES
2026-02-01 23:12:30,875 - src.processors.async_processor - INFO - [95/116] Processando: PLAY GAMES
2026-02-01 23:12:30,964 - src.scrappers.google_scraper - INFO - Buscando: "PLAY GAMES" Mogi Mirim
2026-02-01 23:12:35,009 - src.scrappers.google_scraper - WARNING - CAPTCHA detectado via seletor: form#captcha-form
2026-02-01 23:12:35,010 - src.processors.async_processor - WARNING - CAPTCHA detectado para: PLAY GAMES
2026-02-01 23:12:35,031 - __main__ - WARNING - CAPTCHA: PLAY GAMES - CAPTCHA detectado! Aguardando resolução manual...
2026-02-01 23:12:35,031 - src.scrappers.google_scraper - WARNING - CAPTCHA detectado! Aguardando intervenção humana...
2026-02-01 23:12:35,031 - src.scrappers.google_scraper - WARNING - ============================================================
2026-02-01 23:12:35,036 - src.scrappers.google_scraper - WARNING - ============================================================
2026-02-01 23:12:35,036 - src.scrappers.google_scraper - WARNING - Empresa: PLAY GAMES
2026-02-01 23:12:35,037 - src.scrappers.google_scraper - WARNING - Instruções:
2026-02-01 23:12:35,037 - src.scrappers.google_scraper - WARNING - 1. Resolva o CAPTCHA manualmente na janela do navegador
2026-02-01 23:12:35,037 - src.scrappers.google_scraper - WARNING - 2. Aguarde até ver os resultados da busca aparecerem
2026-02-01 23:12:35,038 - src.scrappers.google_scraper - WARNING - 3. O script continuará automaticamente
2026-02-01 23:12:35,038 - src.scrappers.google_scraper - WARNING - ============================================================
2026-02-01 23:17:35,050 - src.scrappers.google_scraper - ERROR - Timeout aguardando resolução do CAPTCHA
2026-02-01 23:17:35,120 - src.processors.async_processor - ERROR - CAPTCHA detectado para PLAY GAMES: Timeout ao aguardar resolução manual do CAPTCHA
2026-02-01 23:17:35,140 - __main__ - ERROR - Erro em PLAY GAMES: CAPTCHA: Timeout ao aguardar resolução manual do CAPTCHA
2026-02-01 23:17:35,171 - src.processors.async_processor - WARNING - DICA: Execute novamente com headless=False para resolver CAPTCHAs manualmente
2026-02-01 23:17:35,186 - __main__ - INFO - Iniciando: FREIRE SOLUTIONS
2026-02-01 23:17:35,186 - src.processors.async_processor - INFO - [96/116] Processando: FREIRE SOLUTIONS
2026-02-01 23:17:35,262 - src.scrappers.google_scraper - INFO - Buscando: "FREIRE SOLUTIONS" Mogi Mirim
2026-02-01 23:17:38,939 - src.scrappers.google_scraper - WARNING - CAPTCHA detectado via seletor: form#captcha-form
2026-02-01 23:17:38,940 - src.processors.async_processor - WARNING - CAPTCHA detectado para: FREIRE SOLUTIONS
2026-02-01 23:17:38,954 - __main__ - WARNING - CAPTCHA: FREIRE SOLUTIONS - CAPTCHA detectado! Aguardando resolução manual...
2026-02-01 23:17:38,955 - src.scrappers.google_scraper - WARNING - CAPTCHA detectado! Aguardando intervenção humana...
2026-02-01 23:17:38,955 - src.scrappers.google_scraper - WARNING - ============================================================
2026-02-01 23:17:38,958 - src.scrappers.google_scraper - WARNING - ============================================================
2026-02-01 23:17:38,958 - src.scrappers.google_scraper - WARNING - Empresa: FREIRE SOLUTIONS
2026-02-01 23:17:38,958 - src.scrappers.google_scraper - WARNING - Instruções:
2026-02-01 23:17:38,958 - src.scrappers.google_scraper - WARNING - 1. Resolva o CAPTCHA manualmente na janela do navegador
2026-02-01 23:17:38,958 - src.scrappers.google_scraper - WARNING - 2. Aguarde até ver os resultados da busca aparecerem
2026-02-01 23:17:38,959 - src.scrappers.google_scraper - WARNING - 3. O script continuará automaticamente
2026-02-01 23:17:38,959 - src.scrappers.google_scraper - WARNING - ============================================================
2026-02-01 23:22:38,975 - src.scrappers.google_scraper - ERROR - Timeout aguardando resolução do CAPTCHA
2026-02-01 23:22:39,096 - src.processors.async_processor - ERROR - CAPTCHA detectado para FREIRE SOLUTIONS: Timeout ao aguardar resolução manual do CAPTCHA
2026-02-01 23:22:39,105 - __main__ - ERROR - Erro em FREIRE SOLUTIONS: CAPTCHA: Timeout ao aguardar resolução manual do CAPTCHA
2026-02-01 23:22:39,235 - src.processors.async_processor - WARNING - DICA: Execute novamente com headless=False para resolver CAPTCHAs manualmente
2026-02-01 23:22:39,259 - __main__ - INFO - Iniciando: HEM9
2026-02-01 23:22:39,260 - src.processors.async_processor - INFO - [97/116] Processando: HEM9
2026-02-01 23:22:39,435 - src.scrappers.google_scraper - INFO - Buscando: "HEM9" Mogi Mirim
2026-02-01 23:22:48,739 - src.scrappers.google_scraper - INFO - Dados extraídos para HEM9: {'telefone': '8997-8449', 'facebook_link': None, 'site': None}
2026-02-01 23:22:48,773 - src.processors.async_processor - INFO - Novo registro criado: HEM9
2026-02-01 23:22:55,187 - __main__ - INFO - Iniciando: QUINTAL BAMBINI
2026-02-01 23:22:55,195 - src.processors.async_processor - INFO - [98/116] Processando: QUINTAL BAMBINI
2026-02-01 23:22:55,294 - src.scrappers.google_scraper - INFO - Buscando: "QUINTAL BAMBINI" Mogi Mirim
2026-02-01 23:23:04,448 - src.scrappers.google_scraper - INFO - Dados extraídos para QUINTAL BAMBINI: {'telefone': '(19) 99200-0504', 'facebook_link': 'https://www.instagram.com/quintalbambini/', 'site': 'https://grupofasitec.com.br/mogi-mirim-comemora-256-anos-uma-cidade-historica-e-inovadora-celebra-seu-aniversario-com-o-sicon-impulsionando-o-futuro/#:~:text=Hoje%2C%2022%20de%20outubro%2C%20Mogi,seus%20256%20anos%20de%20funda%C3%A7%C3%A3o!'}
2026-02-01 23:23:04,597 - src.scrappers.facebook_scraper - INFO - Acessando Facebook: https://www.instagram.com/quintalbambini/
2026-02-01 23:23:11,319 - src.scrappers.facebook_scraper - INFO - Navegou para seção Sobre
2026-02-01 23:23:13,491 - src.scrappers.facebook_scraper - INFO - WhatsApp encontrado: (19) 99452-5426
2026-02-01 23:23:13,492 - src.scrappers.facebook_scraper - INFO - Dados do Facebook extraídos: {'email': None, 'celular_whatsapp': '(19) 99452-5426'}
2026-02-01 23:23:13,509 - src.processors.async_processor - INFO - Novo registro criado: QUINTAL BAMBINI
2026-02-01 23:23:17,750 - __main__ - INFO - Iniciando: AC CORRETORA DE IMOVEIS
2026-02-01 23:23:17,760 - src.processors.async_processor - INFO - [99/116] Processando: AC CORRETORA DE IMOVEIS
2026-02-01 23:23:17,864 - src.scrappers.google_scraper - INFO - Buscando: "AC CORRETORA DE IMOVEIS" Mogi Mirim
2026-02-01 23:23:26,319 - src.scrappers.google_scraper - INFO - Dados extraídos para AC CORRETORA DE IMOVEIS: {'telefone': '(19) 3805-4159', 'facebook_link': None, 'site': 'http://www.accorretoraeconsultoria.com.br/'}
2026-02-01 23:23:26,358 - src.processors.async_processor - INFO - Novo registro criado: AC CORRETORA DE IMOVEIS
2026-02-01 23:23:29,594 - __main__ - INFO - Iniciando: STP ADMINISTRACAO E SERVICOS
2026-02-01 23:23:29,604 - src.processors.async_processor - INFO - [100/116] Processando: STP ADMINISTRACAO E SERVICOS
2026-02-01 23:23:29,705 - src.scrappers.google_scraper - INFO - Buscando: "STP ADMINISTRACAO E SERVICOS" Mogi Mirim
2026-02-01 23:23:38,173 - src.scrappers.google_scraper - INFO - Dados extraídos para STP ADMINISTRACAO E SERVICOS: {'telefone': '(19) 99740-3963', 'facebook_link': 'https://www.facebook.com/St.segdotrab', 'site': None}
2026-02-01 23:23:38,308 - src.scrappers.facebook_scraper - INFO - Acessando Facebook: https://www.facebook.com/St.segdotrab
2026-02-01 23:24:50,335 - src.scrappers.facebook_scraper - INFO - Email encontrado: ttcomercial0@gmail.com
2026-02-01 23:24:50,337 - src.scrappers.facebook_scraper - INFO - WhatsApp encontrado: (19) 99740-3963
2026-02-01 23:24:50,337 - src.scrappers.facebook_scraper - INFO - Dados do Facebook extraídos: {'email': 'ttcomercial0@gmail.com', 'celular_whatsapp': '(19) 99740-3963'}
2026-02-01 23:24:50,377 - src.processors.async_processor - INFO - Novo registro criado: STP ADMINISTRACAO E SERVICOS
2026-02-01 23:24:56,438 - __main__ - INFO - Iniciando: AMANDA CAMPANA
2026-02-01 23:24:56,445 - src.processors.async_processor - INFO - [101/116] Processando: AMANDA CAMPANA
2026-02-01 23:24:56,538 - src.scrappers.google_scraper - INFO - Buscando: "AMANDA CAMPANA" Mogi Mirim
2026-02-01 23:25:06,146 - src.scrappers.google_scraper - INFO - Dados extraídos para AMANDA CAMPANA: {'telefone': '(19) 99601-0457', 'facebook_link': 'https://www.instagram.com/fonoaudiologa_amanda_/', 'site': None}
2026-02-01 23:25:06,294 - src.scrappers.facebook_scraper - INFO - Acessando Facebook: https://www.instagram.com/fonoaudiologa_amanda_/
2026-02-01 23:25:14,374 - src.scrappers.facebook_scraper - INFO - Navegou para seção Sobre
2026-02-01 23:25:16,503 - src.scrappers.facebook_scraper - INFO - WhatsApp encontrado: (19) 99452-5426
2026-02-01 23:25:16,503 - src.scrappers.facebook_scraper - INFO - Dados do Facebook extraídos: {'email': None, 'celular_whatsapp': '(19) 99452-5426'}
2026-02-01 23:25:16,522 - src.processors.async_processor - INFO - Novo registro criado: AMANDA CAMPANA
2026-02-01 23:25:23,515 - __main__ - INFO - Iniciando: KIDSTOK MOGI MIRIM
2026-02-01 23:25:23,522 - src.processors.async_processor - INFO - [102/116] Processando: KIDSTOK MOGI MIRIM
2026-02-01 23:25:23,599 - src.scrappers.google_scraper - INFO - Buscando: "KIDSTOK MOGI MIRIM" Mogi Mirim
2026-02-01 23:25:32,936 - src.scrappers.google_scraper - INFO - Dados extraídos para KIDSTOK MOGI MIRIM: {'telefone': '(19) 99991-9625', 'facebook_link': 'https://www.instagram.com/kidstokmogimirim/', 'site': None}
2026-02-01 23:25:33,061 - src.scrappers.facebook_scraper - INFO - Acessando Facebook: https://www.instagram.com/kidstokmogimirim/
2026-02-01 23:25:40,031 - src.scrappers.facebook_scraper - INFO - Navegou para seção Sobre
2026-02-01 23:25:42,209 - src.scrappers.facebook_scraper - INFO - WhatsApp encontrado: (19) 99452-5426
2026-02-01 23:25:42,209 - src.scrappers.facebook_scraper - INFO - Dados do Facebook extraídos: {'email': None, 'celular_whatsapp': '(19) 99452-5426'}
2026-02-01 23:25:42,229 - src.processors.async_processor - INFO - Novo registro criado: KIDSTOK MOGI MIRIM
2026-02-01 23:25:47,070 - __main__ - INFO - Iniciando: LZ WEB
2026-02-01 23:25:47,071 - src.processors.async_processor - INFO - [103/116] Processando: LZ WEB
2026-02-01 23:25:47,152 - src.scrappers.google_scraper - INFO - Buscando: "LZ WEB" Mogi Mirim
2026-02-01 23:25:55,726 - src.scrappers.google_scraper - INFO - Dados extraídos para LZ WEB: {'telefone': '(19) 3806-2910', 'facebook_link': 'https://www.instagram.com/reel/DQH7vBykT9L/', 'site': None}
2026-02-01 23:25:55,844 - src.scrappers.facebook_scraper - INFO - Acessando Facebook: https://www.instagram.com/reel/DQH7vBykT9L/
2026-02-01 23:26:02,991 - src.scrappers.facebook_scraper - INFO - WhatsApp encontrado: (19) 99452-5426
2026-02-01 23:26:02,991 - src.scrappers.facebook_scraper - INFO - Dados do Facebook extraídos: {'email': None, 'celular_whatsapp': '(19) 99452-5426'}
2026-02-01 23:26:03,039 - src.processors.async_processor - INFO - Novo registro criado: LZ WEB
2026-02-01 23:26:07,219 - __main__ - INFO - Iniciando: LEV GAS
2026-02-01 23:26:07,230 - src.processors.async_processor - INFO - [104/116] Processando: LEV GAS
2026-02-01 23:26:07,321 - src.scrappers.google_scraper - INFO - Buscando: "LEV GAS" Mogi Mirim
2026-02-01 23:26:16,934 - src.scrappers.google_scraper - INFO - Dados extraídos para LEV GAS: {'telefone': '(19) 9178-5560', 'facebook_link': 'https://www.instagram.com/levgasmogimirim/', 'site': 'https://linktr.ee/LevGasmogimirim'}
2026-02-01 23:26:17,089 - src.scrappers.facebook_scraper - INFO - Acessando Facebook: https://www.instagram.com/levgasmogimirim/
2026-02-01 23:26:23,858 - src.scrappers.facebook_scraper - INFO - Navegou para seção Sobre
2026-02-01 23:26:25,997 - src.scrappers.facebook_scraper - INFO - WhatsApp encontrado: (19) 99452-5426
2026-02-01 23:26:25,997 - src.scrappers.facebook_scraper - INFO - Dados do Facebook extraídos: {'email': None, 'celular_whatsapp': '(19) 99452-5426'}
2026-02-01 23:26:26,013 - src.processors.async_processor - INFO - Novo registro criado: LEV GAS
2026-02-01 23:26:30,796 - __main__ - INFO - Iniciando: CAFE E SORVETERIA JH
2026-02-01 23:26:30,825 - src.processors.async_processor - INFO - [105/116] Processando: CAFE E SORVETERIA JH
2026-02-01 23:26:30,907 - src.scrappers.google_scraper - INFO - Buscando: "CAFE E SORVETERIA JH" Mogi Mirim
2026-02-01 23:26:39,931 - src.scrappers.google_scraper - INFO - Dados extraídos para CAFE E SORVETERIA JH: {'telefone': '8997-8449', 'facebook_link': None, 'site': None}
2026-02-01 23:26:39,970 - src.processors.async_processor - INFO - Novo registro criado: CAFE E SORVETERIA JH
2026-02-01 23:26:46,640 - __main__ - INFO - Iniciando: LE VIE PLANEJADOS
2026-02-01 23:26:46,644 - src.processors.async_processor - INFO - [106/116] Processando: LE VIE PLANEJADOS
2026-02-01 23:26:46,730 - src.scrappers.google_scraper - INFO - Buscando: "LE VIE PLANEJADOS" Mogi Mirim
2026-02-01 23:26:55,966 - src.scrappers.google_scraper - INFO - Dados extraídos para LE VIE PLANEJADOS: {'telefone': '(19) 99314-8272', 'facebook_link': 'https://www.instagram.com/levieplanejados/', 'site': None}
2026-02-01 23:26:56,126 - src.scrappers.facebook_scraper - INFO - Acessando Facebook: https://www.instagram.com/levieplanejados/
2026-02-01 23:27:02,989 - src.scrappers.facebook_scraper - INFO - Navegou para seção Sobre
2026-02-01 23:27:05,133 - src.scrappers.facebook_scraper - INFO - WhatsApp encontrado: (19) 99452-5426
2026-02-01 23:27:05,134 - src.scrappers.facebook_scraper - INFO - Dados do Facebook extraídos: {'email': None, 'celular_whatsapp': '(19) 99452-5426'}
2026-02-01 23:27:05,150 - src.processors.async_processor - INFO - Novo registro criado: LE VIE PLANEJADOS
2026-02-01 23:27:12,031 - __main__ - INFO - Iniciando: ETRES SOCIAL
2026-02-01 23:27:12,039 - src.processors.async_processor - INFO - [107/116] Processando: ETRES SOCIAL
2026-02-01 23:27:12,157 - src.scrappers.google_scraper - INFO - Buscando: "ETRES SOCIAL" Mogi Mirim
2026-02-01 23:27:20,635 - src.scrappers.google_scraper - INFO - Dados extraídos para ETRES SOCIAL: {'telefone': '8997-8449', 'facebook_link': None, 'site': 'https://empresas.serasaexperian.com.br/consulta-gratis/ETRES-CONSULTORIA-E-ASSESSORIA-LTDA-ME-53854476000156'}
2026-02-01 23:27:20,673 - src.processors.async_processor - INFO - Novo registro criado: ETRES SOCIAL
2026-02-01 23:27:25,203 - __main__ - INFO - Iniciando: SHOPONLINE_IMPORTS
2026-02-01 23:27:25,208 - src.processors.async_processor - INFO - [108/116] Processando: SHOPONLINE_IMPORTS
2026-02-01 23:27:25,322 - src.scrappers.google_scraper - INFO - Buscando: "SHOPONLINE_IMPORTS" Mogi Mirim
2026-02-01 23:27:34,075 - src.scrappers.google_scraper - INFO - Dados extraídos para SHOPONLINE_IMPORTS: {'telefone': '(19) 9619-2408', 'facebook_link': 'https://www.facebook.com/importsmogi/', 'site': None}
2026-02-01 23:27:34,368 - src.scrappers.facebook_scraper - INFO - Acessando Facebook: https://www.facebook.com/importsmogi/
2026-02-01 23:28:46,844 - src.scrappers.facebook_scraper - INFO - Email encontrado: brunogjanuario@hotmail.com
2026-02-01 23:28:46,846 - src.scrappers.facebook_scraper - INFO - WhatsApp encontrado: (19) 99873-0470
2026-02-01 23:28:46,846 - src.scrappers.facebook_scraper - INFO - Dados do Facebook extraídos: {'email': 'brunogjanuario@hotmail.com', 'celular_whatsapp': '(19) 99873-0470'}
2026-02-01 23:28:46,887 - src.processors.async_processor - INFO - Novo registro criado: SHOPONLINE_IMPORTS
2026-02-01 23:28:50,703 - __main__ - INFO - Iniciando: LORA BABY
2026-02-01 23:28:50,710 - src.processors.async_processor - INFO - [109/116] Processando: LORA BABY
2026-02-01 23:28:50,947 - src.scrappers.google_scraper - INFO - Buscando: "LORA BABY" Mogi Mirim
2026-02-01 23:29:00,066 - src.scrappers.google_scraper - INFO - Dados extraídos para LORA BABY: {'telefone': '(19) 3549-8708', 'facebook_link': 'https://www.instagram.com/lorababy.com.br/', 'site': 'https://www.lorababy.com.br/'}
2026-02-01 23:29:00,218 - src.scrappers.facebook_scraper - INFO - Acessando Facebook: https://www.instagram.com/lorababy.com.br/
2026-02-01 23:29:07,200 - src.scrappers.facebook_scraper - INFO - Navegou para seção Sobre
2026-02-01 23:29:09,381 - src.scrappers.facebook_scraper - INFO - WhatsApp encontrado: (19) 95847-6188
2026-02-01 23:29:09,382 - src.scrappers.facebook_scraper - INFO - Dados do Facebook extraídos: {'email': None, 'celular_whatsapp': '(19) 95847-6188'}
2026-02-01 23:29:09,401 - src.processors.async_processor - INFO - Novo registro criado: LORA BABY
2026-02-01 23:29:15,766 - __main__ - INFO - Iniciando: ***
2026-02-01 23:29:15,772 - src.processors.async_processor - INFO - [110/116] Processando: ***
2026-02-01 23:29:15,862 - src.scrappers.google_scraper - INFO - Buscando: "***" Mogi Mirim
2026-02-01 23:29:24,748 - src.scrappers.google_scraper - INFO - Dados extraídos para ***: {'telefone': '8997-8449', 'facebook_link': 'https://www.instagram.com/prefeiturademogimirim/', 'site': 'http://www.siteantigomogi.sp.gov.br/'}
2026-02-01 23:29:24,910 - src.scrappers.facebook_scraper - INFO - Acessando Facebook: https://www.instagram.com/prefeiturademogimirim/
2026-02-01 23:29:31,599 - src.scrappers.facebook_scraper - INFO - Navegou para seção Sobre
2026-02-01 23:29:33,761 - src.scrappers.facebook_scraper - INFO - WhatsApp encontrado: (19) 99452-5426
2026-02-01 23:29:33,761 - src.scrappers.facebook_scraper - INFO - Dados do Facebook extraídos: {'email': None, 'celular_whatsapp': '(19) 99452-5426'}
2026-02-01 23:29:33,779 - src.processors.async_processor - INFO - Registro atualizado: ***
2026-02-01 23:29:40,468 - __main__ - INFO - Iniciando: UNIAO BRASIL
2026-02-01 23:29:40,473 - src.processors.async_processor - INFO - [111/116] Processando: UNIAO BRASIL
2026-02-01 23:29:40,573 - src.scrappers.google_scraper - INFO - Buscando: "UNIAO BRASIL" Mogi Mirim
2026-02-01 23:29:48,971 - src.scrappers.google_scraper - INFO - Dados extraídos para UNIAO BRASIL: {'telefone': '8997-8449', 'facebook_link': 'https://www.facebook.com/UniaoBrasil44MogiMirim/', 'site': None}
2026-02-01 23:29:49,113 - src.scrappers.facebook_scraper - INFO - Acessando Facebook: https://www.facebook.com/UniaoBrasil44MogiMirim/
2026-02-01 23:31:00,378 - src.scrappers.facebook_scraper - INFO - WhatsApp encontrado: (19) 99452-5426
2026-02-01 23:31:00,378 - src.scrappers.facebook_scraper - INFO - Dados do Facebook extraídos: {'email': None, 'celular_whatsapp': '(19) 99452-5426'}
2026-02-01 23:31:00,420 - src.processors.async_processor - INFO - Novo registro criado: UNIAO BRASIL
2026-02-01 23:31:07,314 - __main__ - INFO - Iniciando: JARDIM BATISTTELLA EMPREENDIMENTO IMOBILIARIO
2026-02-01 23:31:07,340 - src.processors.async_processor - INFO - [112/116] Processando: JARDIM BATISTTELLA EMPREENDIMENTO IMOBILIARIO
2026-02-01 23:31:07,437 - src.scrappers.google_scraper - INFO - Buscando: "JARDIM BATISTTELLA EMPREENDIMENTO IMOBILIARIO" Mogi Mirim
2026-02-01 23:31:16,298 - src.scrappers.google_scraper - INFO - Dados extraídos para JARDIM BATISTTELLA EMPREENDIMENTO IMOBILIARIO: {'telefone': '(19) 4933-1089', 'facebook_link': None, 'site': None}
2026-02-01 23:31:16,336 - src.processors.async_processor - INFO - Novo registro criado: JARDIM BATISTTELLA EMPREENDIMENTO IMOBILIARIO
2026-02-01 23:31:22,578 - __main__ - INFO - Iniciando: FRANCYS FISIOTERAPIA MOVIMENTO E VIDA
2026-02-01 23:31:22,588 - src.processors.async_processor - INFO - [113/116] Processando: FRANCYS FISIOTERAPIA MOVIMENTO E VIDA
2026-02-01 23:31:22,705 - src.scrappers.google_scraper - INFO - Buscando: "FRANCYS FISIOTERAPIA MOVIMENTO E VIDA" Mogi Mirim
2026-02-01 23:31:31,149 - src.scrappers.google_scraper - INFO - Dados extraídos para FRANCYS FISIOTERAPIA MOVIMENTO E VIDA: {'telefone': '8997-8449', 'facebook_link': None, 'site': None}
2026-02-01 23:31:31,183 - src.processors.async_processor - INFO - Novo registro criado: FRANCYS FISIOTERAPIA MOVIMENTO E VIDA
2026-02-01 23:31:37,694 - __main__ - INFO - Iniciando: SALGADOS LILY
2026-02-01 23:31:37,697 - src.processors.async_processor - INFO - [114/116] Processando: SALGADOS LILY
2026-02-01 23:31:37,776 - src.scrappers.google_scraper - INFO - Buscando: "SALGADOS LILY" Mogi Mirim
2026-02-01 23:31:46,724 - src.scrappers.google_scraper - INFO - Dados extraídos para SALGADOS LILY: {'telefone': '8997-8449', 'facebook_link': 'https://www.instagram.com/reel/C1PVDFjgjAb/', 'site': None}
2026-02-01 23:31:46,863 - src.scrappers.facebook_scraper - INFO - Acessando Facebook: https://www.instagram.com/reel/C1PVDFjgjAb/
2026-02-01 23:31:54,504 - src.scrappers.facebook_scraper - INFO - WhatsApp encontrado: (19) 99452-5426
2026-02-01 23:31:54,504 - src.scrappers.facebook_scraper - INFO - Dados do Facebook extraídos: {'email': None, 'celular_whatsapp': '(19) 99452-5426'}
2026-02-01 23:31:54,555 - src.processors.async_processor - INFO - Novo registro criado: SALGADOS LILY
2026-02-01 23:32:00,407 - __main__ - INFO - Iniciando: LA SANTOS
2026-02-01 23:32:00,414 - src.processors.async_processor - INFO - [115/116] Processando: LA SANTOS
2026-02-01 23:32:00,509 - src.scrappers.google_scraper - INFO - Buscando: "LA SANTOS" Mogi Mirim
2026-02-01 23:32:09,431 - src.scrappers.google_scraper - INFO - Dados extraídos para LA SANTOS: {'telefone': '8997-8449', 'facebook_link': 'https://www.instagram.com/reel/DL80nJJOKr5/', 'site': None}
2026-02-01 23:32:09,546 - src.scrappers.facebook_scraper - INFO - Acessando Facebook: https://www.instagram.com/reel/DL80nJJOKr5/
2026-02-01 23:32:16,942 - src.scrappers.facebook_scraper - INFO - WhatsApp encontrado: (19) 99929-7075
2026-02-01 23:32:16,942 - src.scrappers.facebook_scraper - INFO - Dados do Facebook extraídos: {'email': None, 'celular_whatsapp': '(19) 99929-7075'}
2026-02-01 23:32:16,988 - src.processors.async_processor - INFO - Novo registro criado: LA SANTOS
2026-02-01 23:32:22,655 - __main__ - INFO - Iniciando: VERONICA SERVICOS DE PSICOLOGIA LTDA
2026-02-01 23:32:22,661 - src.processors.async_processor - INFO - [116/116] Processando: VERONICA SERVICOS DE PSICOLOGIA LTDA
2026-02-01 23:32:22,765 - src.scrappers.google_scraper - INFO - Buscando: "VERONICA SERVICOS DE PSICOLOGIA LTDA" Mogi Mirim
2026-02-01 23:32:31,611 - src.scrappers.google_scraper - INFO - Dados extraídos para VERONICA SERVICOS DE PSICOLOGIA LTDA: {'telefone': '8997-8449', 'facebook_link': None, 'site': None}
2026-02-01 23:32:31,652 - src.processors.async_processor - INFO - Novo registro criado: VERONICA SERVICOS DE PSICOLOGIA LTDA
2026-02-01 23:32:40,679 - src.processors.async_processor - INFO - Processamento concluído: {'total': 116, 'processadas': 114, 'com_dados': 114, 'sem_dados': 0, 'erros': 0, 'captchas': 2}
2026-02-01 23:32:40,693 - __main__ - INFO - Processamento finalizado: {'total': 116, 'processadas': 114, 'com_dados': 114, 'sem_dados': 0, 'erros': 0, 'captchas': 2}
2026-02-01 23:32:54,425 - src.exporters.data_exporter - INFO - Exportação concluída: 216 empresas exportadas para exports\extractmogi_export_20260201_233254.csv
2026-02-01 23:32:54,426 - __main__ - INFO - Exportação realizada: exports\extractmogi_export_20260201_233254.csv
2026-02-08 17:59:43,802 - __main__ - INFO - Iniciando ExtractMogi
2026-02-08 17:59:44,528 - __main__ - INFO - Banco de dados inicializado
2026-02-08 18:02:42,729 - __main__ - INFO - Iniciando ExtractMogi
2026-02-08 18:02:42,748 - __main__ - INFO - Banco de dados inicializado
2026-02-08 18:02:58,982 - src.processors.async_processor - INFO - CSV lido com sucesso: 484 empresas encontradas
2026-02-08 18:02:58,983 - __main__ - INFO - CSV carregado: 20260207_024946_busca_mogi_perfil.csv com 484 empresas
2026-02-08 18:03:05,711 - __main__ - INFO - Iniciando processamento de empresas
2026-02-08 18:03:05,725 - src.processors.async_processor - INFO - CSV lido com sucesso: 484 empresas encontradas
2026-02-08 18:03:05,726 - src.processors.async_processor - INFO - Iniciando processamento assíncrono de 484 empresas
2026-02-08 18:03:27,048 - __main__ - INFO - Iniciando: VERONICA SERVICOS DE PSICOLOGIA LTDA
2026-02-08 18:03:27,052 - src.processors.async_processor - INFO - [1/484] Processando: VERONICA SERVICOS DE PSICOLOGIA LTDA
2026-02-08 18:03:34,571 - src.scrappers.google_scraper - INFO - Buscando: "VERONICA SERVICOS DE PSICOLOGIA LTDA" Mogi Mirim
2026-02-08 18:03:45,164 - src.scrappers.google_scraper - INFO - Dados extraídos para VERONICA SERVICOS DE PSICOLOGIA LTDA: {'telefone': '8997-8449', 'facebook_link': None, 'site': None}
2026-02-08 18:03:45,271 - src.processors.async_processor - INFO - Registro atualizado: VERONICA SERVICOS DE PSICOLOGIA LTDA
2026-02-08 18:03:51,056 - __main__ - INFO - Iniciando: TERMO SERVICOS E TECNOLOGIA
2026-02-08 18:03:51,072 - src.processors.async_processor - INFO - [2/484] Processando: TERMO SERVICOS E TECNOLOGIA
2026-02-08 18:03:51,212 - src.scrappers.google_scraper - INFO - Buscando: "TERMO SERVICOS E TECNOLOGIA" Mogi Mirim
2026-02-08 18:04:01,407 - src.scrappers.google_scraper - INFO - Dados extraídos para TERMO SERVICOS E TECNOLOGIA: {'telefone': '(19) 3552-0492', 'facebook_link': None, 'site': 'http://www.termotecmogi.com.br/'}
2026-02-08 18:04:01,429 - src.processors.async_processor - INFO - Novo registro criado: TERMO SERVICOS E TECNOLOGIA
2026-02-08 18:04:08,499 - __main__ - INFO - Iniciando: BORDIGNON TECH
2026-02-08 18:04:08,502 - src.processors.async_processor - INFO - [3/484] Processando: BORDIGNON TECH
2026-02-08 18:04:08,666 - src.scrappers.google_scraper - INFO - Buscando: "BORDIGNON TECH" Mogi Mirim
2026-02-08 18:04:17,638 - src.scrappers.google_scraper - INFO - Dados extraídos para BORDIGNON TECH: {'telefone': '(19) 10532-2713', 'facebook_link': None, 'site': None}
2026-02-08 18:04:17,660 - src.processors.async_processor - INFO - Novo registro criado: BORDIGNON TECH
2026-02-08 18:04:22,064 - __main__ - INFO - Iniciando: FELISBINO REPRESENTACAO LTDA
2026-02-08 18:04:22,068 - src.processors.async_processor - INFO - [4/484] Processando: FELISBINO REPRESENTACAO LTDA
2026-02-08 18:04:22,221 - src.scrappers.google_scraper - INFO - Buscando: "FELISBINO REPRESENTACAO LTDA" Mogi Mirim
2026-02-08 18:04:32,419 - src.scrappers.google_scraper - INFO - Dados extraídos para FELISBINO REPRESENTACAO LTDA: {'telefone': '(19) 3806-3984', 'facebook_link': None, 'site': None}
2026-02-08 18:04:32,440 - src.processors.async_processor - INFO - Novo registro criado: FELISBINO REPRESENTACAO LTDA
2026-02-08 18:04:37,018 - __main__ - INFO - Iniciando: DESTRI PAVAN SERVICOS VETERINARIOS
2026-02-08 18:04:37,022 - src.processors.async_processor - INFO - [5/484] Processando: DESTRI PAVAN SERVICOS VETERINARIOS
2026-02-08 18:04:37,194 - src.scrappers.google_scraper - INFO - Buscando: "DESTRI PAVAN SERVICOS VETERINARIOS" Mogi Mirim
2026-02-08 18:04:47,918 - src.scrappers.google_scraper - INFO - Dados extraídos para DESTRI PAVAN SERVICOS VETERINARIOS: {'telefone': '(19) 3549-3203', 'facebook_link': None, 'site': None}
2026-02-08 18:04:47,938 - src.processors.async_processor - INFO - Novo registro criado: DESTRI PAVAN SERVICOS VETERINARIOS
2026-02-08 18:04:53,299 - __main__ - INFO - Iniciando: TAROSSI ENGENHARIA
2026-02-08 18:04:53,304 - src.processors.async_processor - INFO - [6/484] Processando: TAROSSI ENGENHARIA
2026-02-08 18:04:53,480 - src.scrappers.google_scraper - INFO - Buscando: "TAROSSI ENGENHARIA" Mogi Mirim
2026-02-08 18:05:02,453 - src.scrappers.google_scraper - INFO - Dados extraídos para TAROSSI ENGENHARIA: {'telefone': '(19) 07777-5073', 'facebook_link': 'https://www.facebook.com/TarossiEngenharia/', 'site': 'https://grupofasitec.com.br/mogi-mirim-comemora-256-anos-uma-cidade-historica-e-inovadora-celebra-seu-aniversario-com-o-sicon-impulsionando-o-futuro/#:~:text=Hoje%2C%2022%20de%20outubro%2C%20Mogi,seus%20256%20anos%20de%20funda%C3%A7%C3%A3o!'}
2026-02-08 18:05:02,644 - src.scrappers.facebook_scraper - INFO - Acessando Facebook: https://www.facebook.com/TarossiEngenharia/
2026-02-08 18:06:14,229 - src.scrappers.facebook_scraper - INFO - Email encontrado: bruno.tarossi@hotmail.com.br
2026-02-08 18:06:14,230 - src.scrappers.facebook_scraper - INFO - WhatsApp encontrado: (19) 99929-6679
2026-02-08 18:06:14,231 - src.scrappers.facebook_scraper - INFO - Dados do Facebook extraídos: {'email': 'bruno.tarossi@hotmail.com.br', 'celular_whatsapp': '(19) 99929-6679'}
2026-02-08 18:06:14,252 - src.processors.async_processor - INFO - Novo registro criado: TAROSSI ENGENHARIA
2026-02-08 18:06:20,861 - __main__ - INFO - Iniciando: RG MARMITARIA
2026-02-08 18:06:20,865 - src.processors.async_processor - INFO - [7/484] Processando: RG MARMITARIA
2026-02-08 18:06:21,038 - src.scrappers.google_scraper - INFO - Buscando: "RG MARMITARIA" Mogi Mirim
2026-02-08 18:06:30,355 - src.scrappers.google_scraper - INFO - Dados extraídos para RG MARMITARIA: {'telefone': '(19) 9226-0669', 'facebook_link': None, 'site': None}
2026-02-08 18:06:30,373 - src.processors.async_processor - INFO - Novo registro criado: RG MARMITARIA
2026-02-08 18:06:35,174 - __main__ - INFO - Iniciando: PULVIRENTI DISTRIBUIDORA
2026-02-08 18:06:35,178 - src.processors.async_processor - INFO - [8/484] Processando: PULVIRENTI DISTRIBUIDORA
2026-02-08 18:06:35,331 - src.scrappers.google_scraper - INFO - Buscando: "PULVIRENTI DISTRIBUIDORA" Mogi Mirim
2026-02-08 18:06:45,231 - src.scrappers.google_scraper - INFO - Dados extraídos para PULVIRENTI DISTRIBUIDORA: {'telefone': '(19) 98814-6909', 'facebook_link': None, 'site': 'https://prats.com.br/'}
2026-02-08 18:06:45,255 - src.processors.async_processor - INFO - Novo registro criado: PULVIRENTI DISTRIBUIDORA
2026-02-08 18:06:49,524 - __main__ - INFO - Iniciando: RESPIRAR FISIOTERAPIA
2026-02-08 18:06:49,539 - src.processors.async_processor - INFO - [9/484] Processando: RESPIRAR FISIOTERAPIA
2026-02-08 18:06:49,686 - src.scrappers.google_scraper - INFO - Buscando: "RESPIRAR FISIOTERAPIA" Mogi Mirim
2026-02-08 18:06:59,143 - src.scrappers.google_scraper - INFO - Dados extraídos para RESPIRAR FISIOTERAPIA: {'telefone': '(19) 3549-8825', 'facebook_link': 'https://www.instagram.com/respirarfisioterapia_/', 'site': None}
2026-02-08 18:06:59,354 - src.scrappers.facebook_scraper - INFO - Acessando Facebook: https://www.instagram.com/respirarfisioterapia_/
2026-02-08 18:07:06,579 - src.scrappers.facebook_scraper - INFO - Navegou para seção Sobre
2026-02-08 18:07:08,742 - src.scrappers.facebook_scraper - INFO - WhatsApp encontrado: (19) 99452-5426
2026-02-08 18:07:08,742 - src.scrappers.facebook_scraper - INFO - Dados do Facebook extraídos: {'email': None, 'celular_whatsapp': '(19) 99452-5426'}
2026-02-08 18:07:08,765 - src.processors.async_processor - INFO - Novo registro criado: RESPIRAR FISIOTERAPIA
2026-02-08 18:07:12,221 - __main__ - INFO - Iniciando: GARAGEM CAR
2026-02-08 18:07:12,225 - src.processors.async_processor - INFO - [10/484] Processando: GARAGEM CAR
2026-02-08 18:07:12,335 - src.scrappers.google_scraper - INFO - Buscando: "GARAGEM CAR" Mogi Mirim
2026-02-08 18:07:22,003 - src.scrappers.google_scraper - INFO - Dados extraídos para GARAGEM CAR: {'telefone': '(19) 99985-0055', 'facebook_link': None, 'site': None}
2026-02-08 18:07:22,034 - src.processors.async_processor - INFO - Novo registro criado: GARAGEM CAR
2026-02-08 18:07:29,007 - __main__ - INFO - Iniciando: LL COMERCIAL TEXTIL
2026-02-08 18:07:29,014 - src.processors.async_processor - INFO - [11/484] Processando: LL COMERCIAL TEXTIL
2026-02-08 18:07:29,079 - src.scrappers.google_scraper - INFO - Buscando: "LL COMERCIAL TEXTIL" Mogi Mirim
2026-02-08 18:07:38,567 - src.scrappers.google_scraper - INFO - Dados extraídos para LL COMERCIAL TEXTIL: {'telefone': '8997-8449', 'facebook_link': 'https://m.facebook.com/drpaulomogimirim/photos/mais-uma-ind%C3%BAstria-chegando-em-mogi-mirim-ll-comercial-t%C3%AAxtil-empresa-de-confec%C3%A7/1085233020274045/', 'site': None}
2026-02-08 18:07:38,664 - src.scrappers.facebook_scraper - INFO - Acessando Facebook: https://m.facebook.com/drpaulomogimirim/photos/mais-uma-ind%C3%BAstria-chegando-em-mogi-mirim-ll-comercial-t%C3%AAxtil-empresa-de-confec%C3%A7/1085233020274045/
2026-02-08 18:07:46,757 - src.scrappers.facebook_scraper - INFO - WhatsApp encontrado: (19) 99452-5426
2026-02-08 18:07:46,757 - src.scrappers.facebook_scraper - INFO - Dados do Facebook extraídos: {'email': None, 'celular_whatsapp': '(19) 99452-5426'}
2026-02-08 18:07:46,792 - src.processors.async_processor - INFO - Novo registro criado: LL COMERCIAL TEXTIL
2026-02-08 18:07:51,095 - __main__ - INFO - Iniciando: L C BEER E MERCEARIA
2026-02-08 18:07:51,099 - src.processors.async_processor - INFO - [12/484] Processando: L C BEER E MERCEARIA
2026-02-08 18:07:51,203 - src.scrappers.google_scraper - INFO - Buscando: "L C BEER E MERCEARIA" Mogi Mirim
2026-02-08 18:08:01,413 - src.scrappers.google_scraper - INFO - Dados extraídos para L C BEER E MERCEARIA: {'telefone': '(19) 61231-5502', 'facebook_link': None, 'site': None}
2026-02-08 18:08:01,446 - src.processors.async_processor - INFO - Novo registro criado: L C BEER E MERCEARIA
2026-02-08 18:08:07,392 - __main__ - INFO - Iniciando: MANTOVANI PLANO DE ASSISTENCIA FUNERAL FAMILIAR
2026-02-08 18:08:07,396 - src.processors.async_processor - INFO - [13/484] Processando: MANTOVANI PLANO DE ASSISTENCIA FUNERAL FAMILIAR
2026-02-08 18:08:07,486 - src.scrappers.google_scraper - INFO - Buscando: "MANTOVANI PLANO DE ASSISTENCIA FUNERAL FAMILIAR" Mogi Mirim
2026-02-08 18:08:16,661 - src.scrappers.google_scraper - INFO - Dados extraídos para MANTOVANI PLANO DE ASSISTENCIA FUNERAL FAMILIAR: {'telefone': '(19) 3804-3979', 'facebook_link': 'https://www.instagram.com/planosmantovani/', 'site': 'http://funerariamogiana.com.br/'}
2026-02-08 18:08:16,765 - src.scrappers.facebook_scraper - INFO - Acessando Facebook: https://www.instagram.com/planosmantovani/
2026-02-08 18:08:23,757 - src.scrappers.facebook_scraper - INFO - Navegou para seção Sobre
2026-02-08 18:08:25,889 - src.scrappers.facebook_scraper - INFO - WhatsApp encontrado: (19) 90323-4550
2026-02-08 18:08:25,889 - src.scrappers.facebook_scraper - INFO - Dados do Facebook extraídos: {'email': None, 'celular_whatsapp': '(19) 90323-4550'}
2026-02-08 18:08:25,910 - src.processors.async_processor - INFO - Novo registro criado: MANTOVANI PLANO DE ASSISTENCIA FUNERAL FAMILIAR
2026-02-08 18:08:31,204 - __main__ - INFO - Iniciando: LG BORIM
2026-02-08 18:08:31,209 - src.processors.async_processor - INFO - [14/484] Processando: LG BORIM
2026-02-08 18:08:31,317 - src.scrappers.google_scraper - INFO - Buscando: "LG BORIM" Mogi Mirim
2026-02-08 18:08:40,113 - src.scrappers.google_scraper - INFO - Dados extraídos para LG BORIM: {'telefone': '(19) 3805-3125', 'facebook_link': None, 'site': None}
2026-02-08 18:08:40,145 - src.processors.async_processor - INFO - Novo registro criado: LG BORIM
2026-02-08 18:08:45,618 - __main__ - INFO - Iniciando: EMPREITEIRA J PORTO
2026-02-08 18:08:45,633 - src.processors.async_processor - INFO - [15/484] Processando: EMPREITEIRA J PORTO
2026-02-08 18:08:45,721 - src.scrappers.google_scraper - INFO - Buscando: "EMPREITEIRA J PORTO" Mogi Mirim
2026-02-08 18:08:56,013 - src.scrappers.google_scraper - INFO - Dados extraídos para EMPREITEIRA J PORTO: {'telefone': '8997-8449', 'facebook_link': None, 'site': None}
2026-02-08 18:08:56,044 - src.processors.async_processor - INFO - Novo registro criado: EMPREITEIRA J PORTO
2026-02-08 18:09:01,986 - __main__ - INFO - Iniciando: SABOR NATURAL DAS UVAS
2026-02-08 18:09:01,990 - src.processors.async_processor - INFO - [16/484] Processando: SABOR NATURAL DAS UVAS
2026-02-08 18:09:02,088 - src.scrappers.google_scraper - INFO - Buscando: "SABOR NATURAL DAS UVAS" Mogi Mirim
2026-02-08 18:09:12,566 - src.scrappers.google_scraper - INFO - Dados extraídos para SABOR NATURAL DAS UVAS: {'telefone': '8997-8449', 'facebook_link': None, 'site': None}
2026-02-08 18:09:12,606 - src.processors.async_processor - INFO - Novo registro criado: SABOR NATURAL DAS UVAS
2026-02-08 18:09:19,741 - __main__ - INFO - Iniciando: HOFFDORP
2026-02-08 18:09:19,746 - src.processors.async_processor - INFO - [17/484] Processando: HOFFDORP
2026-02-08 18:09:19,812 - src.scrappers.google_scraper - INFO - Buscando: "HOFFDORP" Mogi Mirim
2026-02-08 18:09:29,760 - src.scrappers.google_scraper - INFO - Dados extraídos para HOFFDORP: {'telefone': '8997-8449', 'facebook_link': None, 'site': 'https://agpo.homologacao.prodemge.gov.br/diairias-viagens/viagens/estado_viagens-pesquisa-avancada'}
2026-02-08 18:09:29,800 - src.processors.async_processor - INFO - Novo registro criado: HOFFDORP
2026-02-08 18:09:34,879 - __main__ - INFO - Iniciando: TDFARIA REPRESENTACOES
2026-02-08 18:09:34,884 - src.processors.async_processor - INFO - [18/484] Processando: TDFARIA REPRESENTACOES
2026-02-08 18:09:35,012 - src.scrappers.google_scraper - INFO - Buscando: "TDFARIA REPRESENTACOES" Mogi Mirim
2026-02-08 18:09:44,152 - src.scrappers.google_scraper - INFO - Dados extraídos para TDFARIA REPRESENTACOES: {'telefone': '(19) 19667-8745', 'facebook_link': None, 'site': 'https://www.gov.br/pt-br'}
2026-02-08 18:09:44,187 - src.processors.async_processor - INFO - Novo registro criado: TDFARIA REPRESENTACOES
2026-02-08 18:09:50,220 - __main__ - INFO - Iniciando: LAUDO FRANCO
2026-02-08 18:09:50,224 - src.processors.async_processor - INFO - [19/484] Processando: LAUDO FRANCO
2026-02-08 18:09:50,329 - src.scrappers.google_scraper - INFO - Buscando: "LAUDO FRANCO" Mogi Mirim
2026-02-08 18:09:59,350 - src.scrappers.google_scraper - INFO - Dados extraídos para LAUDO FRANCO: {'telefone': '8997-8449', 'facebook_link': None, 'site': None}
2026-02-08 18:09:59,383 - src.processors.async_processor - INFO - Novo registro criado: LAUDO FRANCO
2026-02-08 18:10:06,242 - __main__ - INFO - Iniciando: ELENION SUPORTE E TECNOLOGIA
2026-02-08 18:10:06,256 - src.processors.async_processor - INFO - [20/484] Processando: ELENION SUPORTE E TECNOLOGIA
2026-02-08 18:10:06,385 - src.scrappers.google_scraper - INFO - Buscando: "ELENION SUPORTE E TECNOLOGIA" Mogi Mirim
2026-02-08 18:10:15,188 - src.scrappers.google_scraper - INFO - Dados extraídos para ELENION SUPORTE E TECNOLOGIA: {'telefone': '8997-8449', 'facebook_link': None, 'site': None}
2026-02-08 18:10:15,221 - src.processors.async_processor - INFO - Novo registro criado: ELENION SUPORTE E TECNOLOGIA
2026-02-08 18:10:20,532 - __main__ - INFO - Iniciando: CARINA MORAES PSICOLOGIA
2026-02-08 18:10:20,536 - src.processors.async_processor - INFO - [21/484] Processando: CARINA MORAES PSICOLOGIA
2026-02-08 18:10:20,653 - src.scrappers.google_scraper - INFO - Buscando: "CARINA MORAES PSICOLOGIA" Mogi Mirim
2026-02-08 18:10:29,249 - src.scrappers.google_scraper - INFO - Dados extraídos para CARINA MORAES PSICOLOGIA: {'telefone': '(19) 93300-5344', 'facebook_link': 'https://instagram.com/psicarinacassi', 'site': 'https://br.mundopsicologos.com/consultorios/maria-eduarda-de-moraes?schedule&utm_source=gmb&utm_medium=actionscenter&utm_campaign=405947&source=cat&campaign=actionscenter-405947&hl=pt-BR&gei=vPuIaYLgDra15OUPnqmUSA&rwg_token=AFd1xnEZ9031lk_8QAHzV45xWkX-a0VB-6G_SVx-uaPY2jlwl5XrDp1ikmUJP4vKRHW3wSsaxR0GqhNXvBhuAxfJVKSyZDAd2g%3D%3D'}
2026-02-08 18:10:29,366 - src.scrappers.facebook_scraper - INFO - Acessando Facebook: https://instagram.com/psicarinacassi
2026-02-08 18:10:36,571 - src.scrappers.facebook_scraper - INFO - Navegou para seção Sobre
2026-02-08 18:10:38,811 - src.scrappers.facebook_scraper - INFO - WhatsApp encontrado: (19) 99452-5426
2026-02-08 18:10:38,812 - src.scrappers.facebook_scraper - INFO - Dados do Facebook extraídos: {'email': None, 'celular_whatsapp': '(19) 99452-5426'}
2026-02-08 18:10:38,831 - src.processors.async_processor - INFO - Novo registro criado: CARINA MORAES PSICOLOGIA
2026-02-08 18:10:44,053 - __main__ - INFO - Iniciando: LM CONSULTORIA
2026-02-08 18:10:44,057 - src.processors.async_processor - INFO - [22/484] Processando: LM CONSULTORIA
2026-02-08 18:10:44,171 - src.scrappers.google_scraper - INFO - Buscando: "LM CONSULTORIA" Mogi Mirim
2026-02-08 18:10:53,577 - src.scrappers.google_scraper - INFO - Dados extraídos para LM CONSULTORIA: {'telefone': '(19) 3805-2242', 'facebook_link': 'https://www.instagram.com/lmcapconsultoria/', 'site': None}
2026-02-08 18:10:53,695 - src.scrappers.facebook_scraper - INFO - Acessando Facebook: https://www.instagram.com/lmcapconsultoria/
2026-02-08 18:11:00,622 - src.scrappers.facebook_scraper - INFO - Navegou para seção Sobre
2026-02-08 18:11:02,770 - src.scrappers.facebook_scraper - INFO - WhatsApp encontrado: (19) 99452-5426
2026-02-08 18:11:02,771 - src.scrappers.facebook_scraper - INFO - Dados do Facebook extraídos: {'email': None, 'celular_whatsapp': '(19) 99452-5426'}
2026-02-08 18:11:02,795 - src.processors.async_processor - INFO - Novo registro criado: LM CONSULTORIA
2026-02-08 18:11:06,283 - __main__ - INFO - Iniciando: COUTO AMBIENTAL ENGENHARIA
2026-02-08 18:11:06,287 - src.processors.async_processor - INFO - [23/484] Processando: COUTO AMBIENTAL ENGENHARIA
2026-02-08 18:11:06,372 - src.scrappers.google_scraper - INFO - Buscando: "COUTO AMBIENTAL ENGENHARIA" Mogi Mirim
2026-02-08 18:11:16,500 - src.scrappers.google_scraper - INFO - Dados extraídos para COUTO AMBIENTAL ENGENHARIA: {'telefone': '(19) 3591-1572', 'facebook_link': 'https://www.instagram.com/coutoambiental.eng/', 'site': 'https://guiafacil.com/site/couto-ambiental-engenharia-e-projetos/mogi-mirim/sp/1935911572'}
2026-02-08 18:11:16,627 - src.scrappers.facebook_scraper - INFO - Acessando Facebook: https://www.instagram.com/coutoambiental.eng/
2026-02-08 18:11:23,376 - src.scrappers.facebook_scraper - INFO - Navegou para seção Sobre
2026-02-08 18:11:25,545 - src.scrappers.facebook_scraper - INFO - WhatsApp encontrado: (19) 99452-5426
2026-02-08 18:11:25,546 - src.scrappers.facebook_scraper - INFO - Dados do Facebook extraídos: {'email': None, 'celular_whatsapp': '(19) 99452-5426'}
2026-02-08 18:11:25,562 - src.processors.async_processor - INFO - Novo registro criado: COUTO AMBIENTAL ENGENHARIA
2026-02-08 18:11:32,095 - __main__ - INFO - Iniciando: FMTER-MM
2026-02-08 18:11:32,099 - src.processors.async_processor - INFO - [24/484] Processando: FMTER-MM
2026-02-08 18:11:32,210 - src.scrappers.google_scraper - INFO - Buscando: "FMTER-MM" Mogi Mirim
2026-02-08 18:11:42,680 - src.scrappers.google_scraper - INFO - Dados extraídos para FMTER-MM: {'telefone': '(19) 99051-6914', 'facebook_link': 'https://www.instagram.com/bandfmmogi/', 'site': 'https://pt.slideshare.net/slideshow/tse-listadadosemissorassitedestaque210820144/38252778'}
2026-02-08 18:11:42,795 - src.scrappers.facebook_scraper - INFO - Acessando Facebook: https://www.instagram.com/bandfmmogi/
2026-02-08 18:11:49,550 - src.scrappers.facebook_scraper - INFO - Navegou para seção Sobre
2026-02-08 18:11:51,716 - src.scrappers.facebook_scraper - INFO - WhatsApp encontrado: (19) 99452-5426
2026-02-08 18:11:51,716 - src.scrappers.facebook_scraper - INFO - Dados do Facebook extraídos: {'email': None, 'celular_whatsapp': '(19) 99452-5426'}
2026-02-08 18:11:51,732 - src.processors.async_processor - INFO - Novo registro criado: FMTER-MM
2026-02-08 18:11:55,283 - __main__ - INFO - Iniciando: GRUPO CORTE
2026-02-08 18:11:55,288 - src.processors.async_processor - INFO - [25/484] Processando: GRUPO CORTE
2026-02-08 18:11:55,412 - src.scrappers.google_scraper - INFO - Buscando: "GRUPO CORTE" Mogi Mirim
2026-02-08 18:12:04,546 - src.scrappers.google_scraper - INFO - Dados extraídos para GRUPO CORTE: {'telefone': '8997-8449', 'facebook_link': None, 'site': None}
2026-02-08 18:12:04,586 - src.processors.async_processor - INFO - Novo registro criado: GRUPO CORTE
2026-02-08 18:12:10,784 - __main__ - INFO - Iniciando: OLR ENGENHARIA
2026-02-08 18:12:10,789 - src.processors.async_processor - INFO - [26/484] Processando: OLR ENGENHARIA
2026-02-08 18:12:10,897 - src.scrappers.google_scraper - INFO - Buscando: "OLR ENGENHARIA" Mogi Mirim
2026-02-08 18:12:20,596 - src.scrappers.google_scraper - INFO - Dados extraídos para OLR ENGENHARIA: {'telefone': '(19) 99693-0743', 'facebook_link': 'https://www.facebook.com/rodolfo.rossetto.3/', 'site': None}
2026-02-08 18:12:20,718 - src.scrappers.facebook_scraper - INFO - Acessando Facebook: https://www.facebook.com/rodolfo.rossetto.3/
2026-02-08 18:12:28,919 - src.scrappers.facebook_scraper - INFO - WhatsApp encontrado: (19) 99452-5426
2026-02-08 18:12:28,920 - src.scrappers.facebook_scraper - INFO - Dados do Facebook extraídos: {'email': None, 'celular_whatsapp': '(19) 99452-5426'}
2026-02-08 18:12:28,954 - src.processors.async_processor - INFO - Novo registro criado: OLR ENGENHARIA
2026-02-08 18:12:35,064 - __main__ - INFO - Iniciando: SALUSTIANO MULTIMARCAS
2026-02-08 18:12:35,068 - src.processors.async_processor - INFO - [27/484] Processando: SALUSTIANO MULTIMARCAS
2026-02-08 18:12:35,176 - src.scrappers.google_scraper - INFO - Buscando: "SALUSTIANO MULTIMARCAS" Mogi Mirim
2026-02-08 18:12:44,522 - src.scrappers.google_scraper - INFO - Dados extraídos para SALUSTIANO MULTIMARCAS: {'telefone': '(19) 99940-0140', 'facebook_link': 'https://www.instagram.com/salustiano_multimarcas/', 'site': None}
2026-02-08 18:12:44,636 - src.scrappers.facebook_scraper - INFO - Acessando Facebook: https://www.instagram.com/salustiano_multimarcas/
2026-02-08 18:12:51,559 - src.scrappers.facebook_scraper - INFO - Navegou para seção Sobre
2026-02-08 18:12:53,738 - src.scrappers.facebook_scraper - INFO - WhatsApp encontrado: (19) 99452-5426
2026-02-08 18:12:53,738 - src.scrappers.facebook_scraper - INFO - Dados do Facebook extraídos: {'email': None, 'celular_whatsapp': '(19) 99452-5426'}
2026-02-08 18:12:53,755 - src.processors.async_processor - INFO - Novo registro criado: SALUSTIANO MULTIMARCAS
2026-02-08 18:12:57,236 - __main__ - INFO - Iniciando: NORDESTE VIAGENS
2026-02-08 18:12:57,240 - src.processors.async_processor - INFO - [28/484] Processando: NORDESTE VIAGENS
2026-02-08 18:12:57,370 - src.scrappers.google_scraper - INFO - Buscando: "NORDESTE VIAGENS" Mogi Mirim
2026-02-08 18:13:06,907 - src.scrappers.google_scraper - INFO - Dados extraídos para NORDESTE VIAGENS: {'telefone': '8997-8449', 'facebook_link': None, 'site': 'https://www.melhoresdestinos.com.br/viagens-baratas-brasil.html#:~:text=1.,paladar%20e%20o%20bolso%20agradecem.'}
2026-02-08 18:13:06,943 - src.processors.async_processor - INFO - Novo registro criado: NORDESTE VIAGENS
2026-02-08 18:13:13,554 - __main__ - INFO - Iniciando: TURISMO SANTA LUZIA
2026-02-08 18:13:13,564 - src.processors.async_processor - INFO - [29/484] Processando: TURISMO SANTA LUZIA
2026-02-08 18:13:13,643 - src.scrappers.google_scraper - INFO - Buscando: "TURISMO SANTA LUZIA" Mogi Mirim
2026-02-08 18:13:22,955 - src.scrappers.google_scraper - INFO - Dados extraídos para TURISMO SANTA LUZIA: {'telefone': '(19) 3862-1815', 'facebook_link': None, 'site': None}
2026-02-08 18:13:22,994 - src.processors.async_processor - INFO - Novo registro criado: TURISMO SANTA LUZIA
2026-02-08 18:13:29,173 - __main__ - INFO - Iniciando: PAES E DOCES SAMAMBAIA
2026-02-08 18:13:29,178 - src.processors.async_processor - INFO - [30/484] Processando: PAES E DOCES SAMAMBAIA
2026-02-08 18:13:29,294 - src.scrappers.google_scraper - INFO - Buscando: "PAES E DOCES SAMAMBAIA" Mogi Mirim
2026-02-08 18:13:37,626 - src.scrappers.google_scraper - INFO - Dados extraídos para PAES E DOCES SAMAMBAIA: {'telefone': '(19) 42734-0001', 'facebook_link': 'https://www.instagram.com/reel/DQH7vBykT9L/', 'site': 'https://grupofasitec.com.br/mogi-mirim-comemora-256-anos-uma-cidade-historica-e-inovadora-celebra-seu-aniversario-com-o-sicon-impulsionando-o-futuro/#:~:text=Hoje%2C%2022%20de%20outubro%2C%20Mogi,marco%20de%20resili%C3%AAncia%20e%20progresso.'}
2026-02-08 18:13:37,737 - src.scrappers.facebook_scraper - INFO - Acessando Facebook: https://www.instagram.com/reel/DQH7vBykT9L/
2026-02-08 18:14:49,065 - src.scrappers.facebook_scraper - INFO - WhatsApp encontrado: (19) 99452-5426
2026-02-08 18:14:49,066 - src.scrappers.facebook_scraper - INFO - Dados do Facebook extraídos: {'email': None, 'celular_whatsapp': '(19) 99452-5426'}
2026-02-08 18:14:49,104 - src.processors.async_processor - INFO - Novo registro criado: PAES E DOCES SAMAMBAIA
2026-02-08 18:14:54,481 - __main__ - INFO - Iniciando: VILA RICA ARTESANATOS
2026-02-08 18:14:54,482 - src.processors.async_processor - INFO - [31/484] Processando: VILA RICA ARTESANATOS
2026-02-08 18:14:54,550 - src.scrappers.google_scraper - INFO - Buscando: "VILA RICA ARTESANATOS" Mogi Mirim
2026-02-08 18:15:04,385 - src.scrappers.google_scraper - INFO - Dados extraídos para VILA RICA ARTESANATOS: {'telefone': '(19) 3861-5187', 'facebook_link': 'https://www.instagram.com/reel/DQH7vBykT9L/', 'site': 'https://grupofasitec.com.br/mogi-mirim-comemora-256-anos-uma-cidade-historica-e-inovadora-celebra-seu-aniversario-com-o-sicon-impulsionando-o-futuro/#:~:text=Hoje%2C%2022%20de%20outubro%2C%20Mogi,seus%20256%20anos%20de%20funda%C3%A7%C3%A3o!'}
2026-02-08 18:15:04,523 - src.scrappers.facebook_scraper - INFO - Acessando Facebook: https://www.instagram.com/reel/DQH7vBykT9L/
2026-02-08 18:16:15,827 - src.scrappers.facebook_scraper - INFO - WhatsApp encontrado: (19) 99452-5426
2026-02-08 18:16:15,828 - src.scrappers.facebook_scraper - INFO - Dados do Facebook extraídos: {'email': None, 'celular_whatsapp': '(19) 99452-5426'}
2026-02-08 18:16:15,865 - src.processors.async_processor - INFO - Novo registro criado: VILA RICA ARTESANATOS
2026-02-08 18:16:20,118 - __main__ - INFO - Iniciando: BIA
2026-02-08 18:16:20,133 - src.processors.async_processor - INFO - [32/484] Processando: BIA
2026-02-08 18:16:20,227 - src.scrappers.google_scraper - INFO - Buscando: "BIA" Mogi Mirim
2026-02-08 18:17:01,210 - src.scrappers.google_scraper - INFO - Dados extraídos para BIA: {'telefone': '(19) 98811-2471', 'facebook_link': 'https://www.instagram.com/biaeuquero/', 'site': None}
2026-02-08 18:17:01,498 - src.scrappers.facebook_scraper - INFO - Acessando Facebook: https://www.instagram.com/biaeuquero/
2026-02-08 18:17:10,396 - src.scrappers.facebook_scraper - INFO - Navegou para seção Sobre
2026-02-08 18:17:12,920 - src.scrappers.facebook_scraper - INFO - WhatsApp encontrado: (19) 99452-5426
2026-02-08 18:17:12,920 - src.scrappers.facebook_scraper - INFO - Dados do Facebook extraídos: {'email': None, 'celular_whatsapp': '(19) 99452-5426'}
2026-02-08 18:17:13,842 - src.processors.async_processor - INFO - Novo registro criado: BIA
2026-02-08 18:17:17,726 - __main__ - INFO - Iniciando: MALUKINHA BRINQUEDOS
2026-02-08 18:17:17,732 - src.processors.async_processor - INFO - [33/484] Processando: MALUKINHA BRINQUEDOS
2026-02-08 18:17:17,827 - src.scrappers.google_scraper - INFO - Buscando: "MALUKINHA BRINQUEDOS" Mogi Mirim
2026-02-08 18:17:26,297 - src.scrappers.google_scraper - INFO - Dados extraídos para MALUKINHA BRINQUEDOS: {'telefone': '(19) 98305-8229', 'facebook_link': None, 'site': None}
2026-02-08 18:17:26,327 - src.processors.async_processor - INFO - Novo registro criado: MALUKINHA BRINQUEDOS
2026-02-08 18:17:32,180 - __main__ - INFO - Iniciando: MHS TRANSPORTES
2026-02-08 18:17:32,197 - src.processors.async_processor - INFO - [34/484] Processando: MHS TRANSPORTES
2026-02-08 18:17:32,341 - src.scrappers.google_scraper - INFO - Buscando: "MHS TRANSPORTES" Mogi Mirim
2026-02-08 18:17:42,712 - src.scrappers.google_scraper - INFO - Dados extraídos para MHS TRANSPORTES: {'telefone': '(19) 74887-0001', 'facebook_link': None, 'site': None}
2026-02-08 18:17:42,749 - src.processors.async_processor - INFO - Novo registro criado: MHS TRANSPORTES
2026-02-08 18:17:48,025 - __main__ - INFO - Iniciando: TAYENNE-FLORES
2026-02-08 18:17:48,040 - src.processors.async_processor - INFO - [35/484] Processando: TAYENNE-FLORES
2026-02-08 18:17:48,149 - src.scrappers.google_scraper - INFO - Buscando: "TAYENNE-FLORES" Mogi Mirim
2026-02-08 18:17:57,002 - src.scrappers.google_scraper - INFO - Dados extraídos para TAYENNE-FLORES: {'telefone': '(19) 99295-6125', 'facebook_link': None, 'site': None}
2026-02-08 18:17:57,032 - src.processors.async_processor - INFO - Novo registro criado: TAYENNE-FLORES
2026-02-08 18:18:01,736 - __main__ - INFO - Iniciando: CEVISKO
2026-02-08 18:18:01,740 - src.processors.async_processor - INFO - [36/484] Processando: CEVISKO
2026-02-08 18:18:01,843 - src.scrappers.google_scraper - INFO - Buscando: "CEVISKO" Mogi Mirim
2026-02-08 18:18:10,948 - src.scrappers.google_scraper - INFO - Dados extraídos para CEVISKO: {'telefone': '(19) 3806-3840', 'facebook_link': 'https://www.instagram.com/cevisko_alimentos/', 'site': 'http://cevisko.com.br/'}
2026-02-08 18:18:11,088 - src.scrappers.facebook_scraper - INFO - Acessando Facebook: https://www.instagram.com/cevisko_alimentos/
2026-02-08 18:18:17,928 - src.scrappers.facebook_scraper - INFO - Navegou para seção Sobre
2026-02-08 18:18:20,063 - src.scrappers.facebook_scraper - INFO - Email encontrado: cevisko.cadastrado@gmail.com
2026-02-08 18:18:20,064 - src.scrappers.facebook_scraper - INFO - WhatsApp encontrado: (19) 99452-5426
2026-02-08 18:18:20,065 - src.scrappers.facebook_scraper - INFO - Dados do Facebook extraídos: {'email': 'cevisko.cadastrado@gmail.com', 'celular_whatsapp': '(19) 99452-5426'}
2026-02-08 18:18:20,080 - src.processors.async_processor - INFO - Novo registro criado: CEVISKO
2026-02-08 18:18:26,323 - __main__ - INFO - Iniciando: BABY USA IMPORTACAO E EXPORTACAO
2026-02-08 18:18:26,325 - src.processors.async_processor - INFO - [37/484] Processando: BABY USA IMPORTACAO E EXPORTACAO
2026-02-08 18:18:26,393 - src.scrappers.google_scraper - INFO - Buscando: "BABY USA IMPORTACAO E EXPORTACAO" Mogi Mirim
2026-02-08 18:18:35,447 - src.scrappers.google_scraper - INFO - Dados extraídos para BABY USA IMPORTACAO E EXPORTACAO: {'telefone': '(19) 98868-3450', 'facebook_link': None, 'site': None}
2026-02-08 18:18:35,476 - src.processors.async_processor - INFO - Novo registro criado: BABY USA IMPORTACAO E EXPORTACAO
2026-02-08 18:18:41,510 - __main__ - INFO - Iniciando: ZANETTI MOTOS
2026-02-08 18:18:41,515 - src.processors.async_processor - INFO - [38/484] Processando: ZANETTI MOTOS
2026-02-08 18:18:41,619 - src.scrappers.google_scraper - INFO - Buscando: "ZANETTI MOTOS" Mogi Mirim
2026-02-08 18:18:51,011 - src.scrappers.google_scraper - INFO - Dados extraídos para ZANETTI MOTOS: {'telefone': '(19) 3862-1572', 'facebook_link': None, 'site': 'https://paginaamarela.com.br/empresa/zanetti-motos/mogi-mirim/sp/10245132'}
2026-02-08 18:18:51,042 - src.processors.async_processor - INFO - Novo registro criado: ZANETTI MOTOS
2026-02-08 18:18:57,098 - __main__ - INFO - Iniciando: AGENCIA MOGI MIRIM SP
2026-02-08 18:18:57,103 - src.processors.async_processor - INFO - [39/484] Processando: AGENCIA MOGI MIRIM SP
2026-02-08 18:18:57,214 - src.scrappers.google_scraper - INFO - Buscando: "AGENCIA MOGI MIRIM SP" Mogi Mirim
2026-02-08 18:19:07,239 - src.scrappers.google_scraper - INFO - Dados extraídos para AGENCIA MOGI MIRIM SP: {'telefone': '(19) 4003-3001', 'facebook_link': None, 'site': 'http://www.bb.com.br/'}
2026-02-08 18:19:07,288 - src.processors.async_processor - INFO - Novo registro criado: AGENCIA MOGI MIRIM SP
2026-02-08 18:19:12,913 - __main__ - INFO - Iniciando: ELETRO CHAVEIRO BONATTI
2026-02-08 18:19:12,923 - src.processors.async_processor - INFO - [40/484] Processando: ELETRO CHAVEIRO BONATTI
2026-02-08 18:19:13,019 - src.scrappers.google_scraper - INFO - Buscando: "ELETRO CHAVEIRO BONATTI" Mogi Mirim
2026-02-08 18:19:21,069 - src.scrappers.google_scraper - INFO - Dados extraídos para ELETRO CHAVEIRO BONATTI: {'telefone': '(19) 3862-4561', 'facebook_link': 'https://www.facebook.com/EletroChaveiroBorim/', 'site': None}
2026-02-08 18:19:21,191 - src.scrappers.facebook_scraper - INFO - Acessando Facebook: https://www.facebook.com/EletroChaveiroBorim/
2026-02-08 18:20:33,208 - src.scrappers.facebook_scraper - INFO - Email encontrado: borimcarimbos@uol.com.br
2026-02-08 18:20:33,211 - src.scrappers.facebook_scraper - INFO - WhatsApp encontrado: (19) 98128-1144
2026-02-08 18:20:33,211 - src.scrappers.facebook_scraper - INFO - Dados do Facebook extraídos: {'email': 'borimcarimbos@uol.com.br', 'celular_whatsapp': '(19) 98128-1144'}
2026-02-08 18:20:33,245 - src.processors.async_processor - INFO - Novo registro criado: ELETRO CHAVEIRO BONATTI
2026-02-08 18:20:38,131 - __main__ - INFO - Iniciando: SORVETERIA TROPICAL
2026-02-08 18:20:38,140 - src.processors.async_processor - INFO - [41/484] Processando: SORVETERIA TROPICAL
2026-02-08 18:20:38,228 - src.scrappers.google_scraper - INFO - Buscando: "SORVETERIA TROPICAL" Mogi Mirim
2026-02-08 18:20:42,491 - src.scrappers.google_scraper - WARNING - CAPTCHA detectado via seletor: form#captcha-form
2026-02-08 18:20:42,493 - src.processors.async_processor - WARNING - CAPTCHA detectado para: SORVETERIA TROPICAL
2026-02-08 18:20:42,498 - __main__ - WARNING - CAPTCHA: SORVETERIA TROPICAL - CAPTCHA detectado! Aguardando resolução manual...
2026-02-08 18:20:42,499 - src.scrappers.google_scraper - WARNING - CAPTCHA detectado! Aguardando intervenção humana...
2026-02-08 18:20:42,499 - src.scrappers.google_scraper - WARNING - ============================================================
2026-02-08 18:20:42,502 - src.scrappers.google_scraper - WARNING - ============================================================
2026-02-08 18:20:42,502 - src.scrappers.google_scraper - WARNING - Empresa: SORVETERIA TROPICAL
2026-02-08 18:20:42,502 - src.scrappers.google_scraper - WARNING - Instruções:
2026-02-08 18:20:42,503 - src.scrappers.google_scraper - WARNING - 1. Resolva o CAPTCHA manualmente na janela do navegador
2026-02-08 18:20:42,503 - src.scrappers.google_scraper - WARNING - 2. Aguarde até ver os resultados da busca aparecerem
2026-02-08 18:20:42,503 - src.scrappers.google_scraper - WARNING - 3. O script continuará automaticamente
2026-02-08 18:20:42,503 - src.scrappers.google_scraper - WARNING - ============================================================
2026-02-08 18:25:42,525 - src.scrappers.google_scraper - ERROR - Timeout aguardando resolução do CAPTCHA
2026-02-08 18:25:42,645 - src.processors.async_processor - ERROR - CAPTCHA detectado para SORVETERIA TROPICAL: Timeout ao aguardar resolução manual do CAPTCHA
2026-02-08 18:25:42,665 - __main__ - ERROR - Erro em SORVETERIA TROPICAL: CAPTCHA: Timeout ao aguardar resolução manual do CAPTCHA
2026-02-08 18:25:42,680 - src.processors.async_processor - WARNING - DICA: Execute novamente com headless=False para resolver CAPTCHAs manualmente
2026-02-08 18:25:42,710 - __main__ - INFO - Iniciando: E.M.E.I. LAPIS DE COR
2026-02-08 18:25:42,710 - src.processors.async_processor - INFO - [42/484] Processando: E.M.E.I. LAPIS DE COR
2026-02-08 18:25:42,782 - src.scrappers.google_scraper - INFO - Buscando: "E.M.E.I. LAPIS DE COR" Mogi Mirim
2026-02-08 18:25:46,906 - src.scrappers.google_scraper - WARNING - CAPTCHA detectado via seletor: form#captcha-form
2026-02-08 18:25:46,906 - src.processors.async_processor - WARNING - CAPTCHA detectado para: E.M.E.I. LAPIS DE COR
2026-02-08 18:25:46,916 - __main__ - WARNING - CAPTCHA: E.M.E.I. LAPIS DE COR - CAPTCHA detectado! Aguardando resolução manual...
2026-02-08 18:25:46,916 - src.scrappers.google_scraper - WARNING - CAPTCHA detectado! Aguardando intervenção humana...
2026-02-08 18:25:46,916 - src.scrappers.google_scraper - WARNING - ============================================================
2026-02-08 18:25:46,921 - src.scrappers.google_scraper - WARNING - ============================================================
2026-02-08 18:25:46,921 - src.scrappers.google_scraper - WARNING - Empresa: E.M.E.I. LAPIS DE COR
2026-02-08 18:25:46,921 - src.scrappers.google_scraper - WARNING - Instruções:
2026-02-08 18:25:46,921 - src.scrappers.google_scraper - WARNING - 1. Resolva o CAPTCHA manualmente na janela do navegador
2026-02-08 18:25:46,921 - src.scrappers.google_scraper - WARNING - 2. Aguarde até ver os resultados da busca aparecerem
2026-02-08 18:25:46,922 - src.scrappers.google_scraper - WARNING - 3. O script continuará automaticamente
2026-02-08 18:25:46,922 - src.scrappers.google_scraper - WARNING - ============================================================
2026-02-08 18:30:46,932 - src.scrappers.google_scraper - ERROR - Timeout aguardando resolução do CAPTCHA
2026-02-08 18:30:46,991 - src.processors.async_processor - ERROR - CAPTCHA detectado para E.M.E.I. LAPIS DE COR: Timeout ao aguardar resolução manual do CAPTCHA
2026-02-08 18:30:47,013 - __main__ - ERROR - Erro em E.M.E.I. LAPIS DE COR: CAPTCHA: Timeout ao aguardar resolução manual do CAPTCHA
2026-02-08 18:30:47,030 - src.processors.async_processor - WARNING - DICA: Execute novamente com headless=False para resolver CAPTCHAs manualmente
2026-02-08 18:30:47,048 - __main__ - INFO - Iniciando: AQUARIUM AGRICOLA
2026-02-08 18:30:47,049 - src.processors.async_processor - INFO - [43/484] Processando: AQUARIUM AGRICOLA
2026-02-08 18:30:47,124 - src.scrappers.google_scraper - INFO - Buscando: "AQUARIUM AGRICOLA" Mogi Mirim
2026-02-08 18:30:51,424 - src.scrappers.google_scraper - WARNING - CAPTCHA detectado via seletor: form#captcha-form
2026-02-08 18:30:51,424 - src.processors.async_processor - WARNING - CAPTCHA detectado para: AQUARIUM AGRICOLA
2026-02-08 18:30:51,433 - __main__ - WARNING - CAPTCHA: AQUARIUM AGRICOLA - CAPTCHA detectado! Aguardando resolução manual...
2026-02-08 18:30:51,434 - src.scrappers.google_scraper - WARNING - CAPTCHA detectado! Aguardando intervenção humana...
2026-02-08 18:30:51,434 - src.scrappers.google_scraper - WARNING - ============================================================
2026-02-08 18:30:51,437 - src.scrappers.google_scraper - WARNING - ============================================================
2026-02-08 18:30:51,437 - src.scrappers.google_scraper - WARNING - Empresa: AQUARIUM AGRICOLA
2026-02-08 18:30:51,437 - src.scrappers.google_scraper - WARNING - Instruções:
2026-02-08 18:30:51,438 - src.scrappers.google_scraper - WARNING - 1. Resolva o CAPTCHA manualmente na janela do navegador
2026-02-08 18:30:51,438 - src.scrappers.google_scraper - WARNING - 2. Aguarde até ver os resultados da busca aparecerem
2026-02-08 18:30:51,438 - src.scrappers.google_scraper - WARNING - 3. O script continuará automaticamente
2026-02-08 18:30:51,438 - src.scrappers.google_scraper - WARNING - ============================================================
2026-02-08 18:35:51,447 - src.scrappers.google_scraper - ERROR - Timeout aguardando resolução do CAPTCHA
2026-02-08 18:35:51,516 - src.processors.async_processor - ERROR - CAPTCHA detectado para AQUARIUM AGRICOLA: Timeout ao aguardar resolução manual do CAPTCHA
2026-02-08 18:35:51,518 - __main__ - ERROR - Erro em AQUARIUM AGRICOLA: CAPTCHA: Timeout ao aguardar resolução manual do CAPTCHA
2026-02-08 18:35:51,558 - src.processors.async_processor - WARNING - DICA: Execute novamente com headless=False para resolver CAPTCHAs manualmente
2026-02-08 18:35:51,578 - __main__ - INFO - Iniciando: BAR E LANCHONETE PARADA OBRIGATORIA
2026-02-08 18:35:51,579 - src.processors.async_processor - INFO - [44/484] Processando: BAR E LANCHONETE PARADA OBRIGATORIA
2026-02-08 18:35:51,649 - src.scrappers.google_scraper - INFO - Buscando: "BAR E LANCHONETE PARADA OBRIGATORIA" Mogi Mirim
2026-02-08 18:36:01,594 - src.scrappers.google_scraper - INFO - Dados extraídos para BAR E LANCHONETE PARADA OBRIGATORIA: {'telefone': '(19) 99450-3008', 'facebook_link': 'https://www.instagram.com/parada.opastel/', 'site': None}
2026-02-08 18:36:01,718 - src.scrappers.facebook_scraper - INFO - Acessando Facebook: https://www.instagram.com/parada.opastel/
2026-02-08 18:37:12,795 - src.scrappers.facebook_scraper - INFO - WhatsApp encontrado: (19) 99302-5670
2026-02-08 18:37:12,795 - src.scrappers.facebook_scraper - INFO - Dados do Facebook extraídos: {'email': None, 'celular_whatsapp': '(19) 99302-5670'}
2026-02-08 18:37:12,833 - src.processors.async_processor - INFO - Novo registro criado: BAR E LANCHONETE PARADA OBRIGATORIA
2026-02-08 18:37:19,383 - __main__ - INFO - Iniciando: HSBC
2026-02-08 18:37:19,401 - src.processors.async_processor - INFO - [45/484] Processando: HSBC
2026-02-08 18:37:19,485 - src.scrappers.google_scraper - INFO - Buscando: "HSBC" Mogi Mirim
2026-02-08 18:37:30,581 - src.scrappers.google_scraper - INFO - Dados extraídos para HSBC: {'telefone': '(19) 3804-9103', 'facebook_link': None, 'site': 'https://guiafacil.com/site/hsbc-bank-brasil-s-a-banco-multiplo/mogi-mirim/sp/1938043535'}
2026-02-08 18:37:30,627 - src.processors.async_processor - INFO - Novo registro criado: HSBC
2026-02-08 18:37:37,306 - __main__ - INFO - Iniciando: NOVAMUNK LOCACOES
2026-02-08 18:37:37,323 - src.processors.async_processor - INFO - [46/484] Processando: NOVAMUNK LOCACOES
2026-02-08 18:37:37,435 - src.scrappers.google_scraper - INFO - Buscando: "NOVAMUNK LOCACOES" Mogi Mirim
2026-02-08 18:37:45,861 - src.scrappers.google_scraper - INFO - Dados extraídos para NOVAMUNK LOCACOES: {'telefone': '(19) 3862-5592', 'facebook_link': 'https://www.instagram.com/locmogi/', 'site': None}
2026-02-08 18:37:45,992 - src.scrappers.facebook_scraper - INFO - Acessando Facebook: https://www.instagram.com/locmogi/
2026-02-08 18:38:56,976 - src.scrappers.facebook_scraper - INFO - WhatsApp encontrado: (19) 97163-7117
2026-02-08 18:38:56,976 - src.scrappers.facebook_scraper - INFO - Dados do Facebook extraídos: {'email': None, 'celular_whatsapp': '(19) 97163-7117'}
2026-02-08 18:38:57,013 - src.processors.async_processor - INFO - Novo registro criado: NOVAMUNK LOCACOES
2026-02-08 18:39:02,366 - __main__ - INFO - Iniciando: BAZAR BAHIA
2026-02-08 18:39:02,372 - src.processors.async_processor - INFO - [47/484] Processando: BAZAR BAHIA
2026-02-08 18:39:02,439 - src.scrappers.google_scraper - INFO - Buscando: "BAZAR BAHIA" Mogi Mirim
2026-02-08 18:39:10,904 - src.scrappers.google_scraper - INFO - Dados extraídos para BAZAR BAHIA: {'telefone': '(19) 3105-0501', 'facebook_link': None, 'site': None}
2026-02-08 18:39:10,936 - src.processors.async_processor - INFO - Novo registro criado: BAZAR BAHIA
2026-02-08 18:39:16,084 - __main__ - INFO - Iniciando: RENOVIAS CONCESSIONARIA S/A
2026-02-08 18:39:16,092 - src.processors.async_processor - INFO - [48/484] Processando: RENOVIAS CONCESSIONARIA S/A
2026-02-08 18:39:16,201 - src.scrappers.google_scraper - INFO - Buscando: "RENOVIAS CONCESSIONARIA S/A" Mogi Mirim
2026-02-08 18:39:25,597 - src.scrappers.google_scraper - INFO - Dados extraídos para RENOVIAS CONCESSIONARIA S/A: {'telefone': '(19) 3814-2000', 'facebook_link': None, 'site': 'https://renovias.com.br/wp-content/uploads/2022/05/Lei-no14.952-Pro-Memoria-Lucro-por-praca-2021.pdf'}
2026-02-08 18:39:25,720 - src.processors.async_processor - INFO - Novo registro criado: RENOVIAS CONCESSIONARIA S/A
2026-02-08 18:39:31,477 - src.processors.async_processor - ERROR - Erro ao processar ESTACIONAMENTO SKINA: App is not running
2026-02-08 18:39:35,583 - __main__ - ERROR - Erro durante processamento: App is not running
2026-02-09 13:22:59,939 - __main__ - INFO - Iniciando ExtractMogi
2026-02-09 13:23:00,503 - __main__ - INFO - Banco de dados inicializado
2026-02-09 13:23:02,653 - __main__ - INFO - Tabela de dados limpa
2026-02-09 13:40:17,103 - __main__ - INFO - Iniciando ExtractMogi
2026-02-09 13:40:17,232 - __main__ - INFO - Banco de dados inicializado
2026-02-09 13:40:30,878 - src.processors.async_processor - INFO - CSV lido com sucesso: 484 empresas encontradas
2026-02-09 13:40:30,880 - __main__ - INFO - CSV carregado: 20260207_024946_busca_mogi_perfil.csv com 484 empresas
2026-02-09 13:40:32,733 - __main__ - INFO - Iniciando processamento de empresas
2026-02-09 13:40:32,743 - src.processors.async_processor - INFO - CSV lido com sucesso: 484 empresas encontradas
2026-02-09 13:40:32,744 - src.processors.async_processor - INFO - Iniciando processamento assíncrono de 484 empresas
2026-02-09 13:40:51,978 - __main__ - INFO - Iniciando: VERONICA SERVICOS DE PSICOLOGIA LTDA
2026-02-09 13:40:51,979 - src.processors.async_processor - INFO - [1/484] Processando: VERONICA SERVICOS DE PSICOLOGIA LTDA
2026-02-09 13:41:00,856 - src.scrappers.google_scraper - INFO - Buscando: "VERONICA SERVICOS DE PSICOLOGIA LTDA" Mogi Mirim
2026-02-09 13:41:14,364 - src.scrappers.google_scraper - INFO - Dados extraídos para VERONICA SERVICOS DE PSICOLOGIA LTDA: {'telefone': '8997-8449', 'facebook_link': None, 'site': None}
2026-02-09 13:41:14,485 - src.processors.async_processor - INFO - Novo registro criado: VERONICA SERVICOS DE PSICOLOGIA LTDA
2026-02-09 13:41:19,830 - __main__ - INFO - Iniciando: TERMO SERVICOS E TECNOLOGIA
2026-02-09 13:41:19,835 - src.processors.async_processor - INFO - [2/484] Processando: TERMO SERVICOS E TECNOLOGIA
2026-02-09 13:41:20,003 - src.scrappers.google_scraper - INFO - Buscando: "TERMO SERVICOS E TECNOLOGIA" Mogi Mirim
2026-02-09 13:41:28,632 - src.scrappers.google_scraper - INFO - Dados extraídos para TERMO SERVICOS E TECNOLOGIA: {'telefone': '(19) 3552-0492', 'facebook_link': None, 'site': 'http://www.termotecmogi.com.br/'}
2026-02-09 13:41:28,672 - src.processors.async_processor - INFO - Novo registro criado: TERMO SERVICOS E TECNOLOGIA
2026-02-09 13:41:32,328 - __main__ - INFO - Iniciando: BORDIGNON TECH
2026-02-09 13:41:32,334 - src.processors.async_processor - INFO - [3/484] Processando: BORDIGNON TECH
2026-02-09 13:41:32,496 - src.scrappers.google_scraper - INFO - Buscando: "BORDIGNON TECH" Mogi Mirim
2026-02-09 13:41:40,908 - src.scrappers.google_scraper - INFO - Dados extraídos para BORDIGNON TECH: {'telefone': '(19) 3862-0823', 'facebook_link': None, 'site': 'http://www.bordignonestofados.com.br/'}
2026-02-09 13:41:40,930 - src.processors.async_processor - INFO - Novo registro criado: BORDIGNON TECH
2026-02-09 13:41:44,204 - __main__ - INFO - Iniciando: FELISBINO REPRESENTACAO LTDA
2026-02-09 13:41:44,210 - src.processors.async_processor - INFO - [4/484] Processando: FELISBINO REPRESENTACAO LTDA
2026-02-09 13:41:44,357 - src.scrappers.google_scraper - INFO - Buscando: "FELISBINO REPRESENTACAO LTDA" Mogi Mirim
2026-02-09 13:41:53,269 - src.scrappers.google_scraper - INFO - Dados extraídos para FELISBINO REPRESENTACAO LTDA: {'telefone': '(19) 3814-1004', 'facebook_link': None, 'site': None}
2026-02-09 13:41:53,293 - src.processors.async_processor - INFO - Novo registro criado: FELISBINO REPRESENTACAO LTDA
2026-02-09 13:41:57,828 - __main__ - INFO - Iniciando: DESTRI PAVAN SERVICOS VETERINARIOS
2026-02-09 13:41:57,833 - src.processors.async_processor - INFO - [5/484] Processando: DESTRI PAVAN SERVICOS VETERINARIOS
2026-02-09 13:41:57,982 - src.scrappers.google_scraper - INFO - Buscando: "DESTRI PAVAN SERVICOS VETERINARIOS" Mogi Mirim
2026-02-09 13:42:07,099 - src.scrappers.google_scraper - INFO - Dados extraídos para DESTRI PAVAN SERVICOS VETERINARIOS: {'telefone': '(19) 3804-3967', 'facebook_link': None, 'site': None}
2026-02-09 13:42:07,119 - src.processors.async_processor - INFO - Novo registro criado: DESTRI PAVAN SERVICOS VETERINARIOS
2026-02-09 13:42:12,227 - __main__ - INFO - Iniciando: TAROSSI ENGENHARIA
2026-02-09 13:42:12,230 - src.processors.async_processor - INFO - [6/484] Processando: TAROSSI ENGENHARIA
2026-02-09 13:42:12,362 - src.scrappers.google_scraper - INFO - Buscando: "TAROSSI ENGENHARIA" Mogi Mirim
2026-02-09 13:42:21,168 - src.scrappers.google_scraper - INFO - Dados extraídos para TAROSSI ENGENHARIA: {'telefone': '(19) 07777-5073', 'facebook_link': 'https://www.facebook.com/TarossiEngenharia/', 'site': 'https://grupofasitec.com.br/mogi-mirim-comemora-256-anos-uma-cidade-historica-e-inovadora-celebra-seu-aniversario-com-o-sicon-impulsionando-o-futuro/#:~:text=Hoje%2C%2022%20de%20outubro%2C%20Mogi%20Mirim%2C%20no,paulista%2C%20celebra%20seus%20256%20anos%20de%20funda%C3%A7%C3%A3o!'}
2026-02-09 13:42:21,383 - src.scrappers.facebook_scraper - INFO - Acessando Facebook: https://www.facebook.com/TarossiEngenharia/
2026-02-09 13:43:33,062 - src.scrappers.facebook_scraper - INFO - Email encontrado: bruno.tarossi@hotmail.com.br
2026-02-09 13:43:33,063 - src.scrappers.facebook_scraper - INFO - WhatsApp encontrado: (19) 99929-6679
2026-02-09 13:43:33,063 - src.scrappers.facebook_scraper - INFO - Dados do Facebook extraídos: {'email': 'bruno.tarossi@hotmail.com.br', 'celular_whatsapp': '(19) 99929-6679'}
2026-02-09 13:43:33,087 - src.processors.async_processor - INFO - Novo registro criado: TAROSSI ENGENHARIA
2026-02-09 13:43:37,994 - __main__ - INFO - Iniciando: RG MARMITARIA
2026-02-09 13:43:37,996 - src.processors.async_processor - INFO - [7/484] Processando: RG MARMITARIA
2026-02-09 13:43:38,115 - src.scrappers.google_scraper - INFO - Buscando: "RG MARMITARIA" Mogi Mirim
2026-02-09 13:43:47,088 - src.scrappers.google_scraper - INFO - Dados extraídos para RG MARMITARIA: {'telefone': '(19) 9226-0669', 'facebook_link': None, 'site': None}
2026-02-09 13:43:47,107 - src.processors.async_processor - INFO - Novo registro criado: RG MARMITARIA
2026-02-09 13:43:53,501 - __main__ - INFO - Iniciando: PULVIRENTI DISTRIBUIDORA
2026-02-09 13:43:53,506 - src.processors.async_processor - INFO - [8/484] Processando: PULVIRENTI DISTRIBUIDORA
2026-02-09 13:43:53,667 - src.scrappers.google_scraper - INFO - Buscando: "PULVIRENTI DISTRIBUIDORA" Mogi Mirim
2026-02-09 13:44:03,085 - src.scrappers.google_scraper - INFO - Dados extraídos para PULVIRENTI DISTRIBUIDORA: {'telefone': '(19) 98814-6909', 'facebook_link': None, 'site': None}
2026-02-09 13:44:03,110 - src.processors.async_processor - INFO - Novo registro criado: PULVIRENTI DISTRIBUIDORA
2026-02-09 13:44:08,877 - __main__ - INFO - Iniciando: RESPIRAR FISIOTERAPIA
2026-02-09 13:44:08,882 - src.processors.async_processor - INFO - [9/484] Processando: RESPIRAR FISIOTERAPIA
2026-02-09 13:44:09,034 - src.scrappers.google_scraper - INFO - Buscando: "RESPIRAR FISIOTERAPIA" Mogi Mirim
2026-02-09 13:44:17,914 - src.scrappers.google_scraper - INFO - Dados extraídos para RESPIRAR FISIOTERAPIA: {'telefone': '(19) 3841-5642', 'facebook_link': 'https://www.instagram.com/respirarfisioterapia_/', 'site': None}
2026-02-09 13:44:18,110 - src.scrappers.facebook_scraper - INFO - Acessando Facebook: https://www.instagram.com/respirarfisioterapia_/
2026-02-09 13:45:29,413 - src.scrappers.facebook_scraper - INFO - WhatsApp encontrado: (19) 99452-5426
2026-02-09 13:45:29,414 - src.scrappers.facebook_scraper - INFO - Dados do Facebook extraídos: {'email': None, 'celular_whatsapp': '(19) 99452-5426'}
2026-02-09 13:45:29,435 - src.processors.async_processor - INFO - Novo registro criado: RESPIRAR FISIOTERAPIA
2026-02-09 13:45:34,643 - __main__ - INFO - Iniciando: GARAGEM CAR
2026-02-09 13:45:34,648 - src.processors.async_processor - INFO - [10/484] Processando: GARAGEM CAR
2026-02-09 13:45:34,789 - src.scrappers.google_scraper - INFO - Buscando: "GARAGEM CAR" Mogi Mirim
2026-02-09 13:45:43,908 - src.scrappers.google_scraper - INFO - Dados extraídos para GARAGEM CAR: {'telefone': '(19) 99568-4586', 'facebook_link': None, 'site': None}
2026-02-09 13:45:43,928 - src.processors.async_processor - INFO - Novo registro criado: GARAGEM CAR
2026-02-09 13:45:48,973 - __main__ - INFO - Iniciando: LL COMERCIAL TEXTIL
2026-02-09 13:45:48,978 - src.processors.async_processor - INFO - [11/484] Processando: LL COMERCIAL TEXTIL
2026-02-09 13:45:49,110 - src.scrappers.google_scraper - INFO - Buscando: "LL COMERCIAL TEXTIL" Mogi Mirim
2026-02-09 13:46:02,696 - src.scrappers.google_scraper - INFO - Dados extraídos para LL COMERCIAL TEXTIL: {'telefone': '(19) 4796-6061', 'facebook_link': None, 'site': None}
2026-02-09 13:46:02,718 - src.processors.async_processor - INFO - Novo registro criado: LL COMERCIAL TEXTIL
2026-02-09 13:46:06,266 - __main__ - INFO - Iniciando: L C BEER E MERCEARIA
2026-02-09 13:46:06,270 - src.processors.async_processor - INFO - [12/484] Processando: L C BEER E MERCEARIA
2026-02-09 13:46:06,420 - src.scrappers.google_scraper - INFO - Buscando: "L C BEER E MERCEARIA" Mogi Mirim
2026-02-09 13:46:16,251 - src.scrappers.google_scraper - INFO - Dados extraídos para L C BEER E MERCEARIA: {'telefone': '(19) 61231-5502', 'facebook_link': None, 'site': None}
2026-02-09 13:46:16,278 - src.processors.async_processor - INFO - Novo registro criado: L C BEER E MERCEARIA
2026-02-09 13:46:23,237 - __main__ - INFO - Iniciando: MANTOVANI PLANO DE ASSISTENCIA FUNERAL FAMILIAR
2026-02-09 13:46:23,241 - src.processors.async_processor - INFO - [13/484] Processando: MANTOVANI PLANO DE ASSISTENCIA FUNERAL FAMILIAR
2026-02-09 13:46:23,401 - src.scrappers.google_scraper - INFO - Buscando: "MANTOVANI PLANO DE ASSISTENCIA FUNERAL FAMILIAR" Mogi Mirim
2026-02-09 13:46:32,198 - src.scrappers.google_scraper - INFO - Dados extraídos para MANTOVANI PLANO DE ASSISTENCIA FUNERAL FAMILIAR: {'telefone': '(19) 3804-3979', 'facebook_link': 'https://www.instagram.com/planosmantovani/', 'site': None}
2026-02-09 13:46:32,380 - src.scrappers.facebook_scraper - INFO - Acessando Facebook: https://www.instagram.com/planosmantovani/
2026-02-09 13:47:43,479 - src.scrappers.facebook_scraper - INFO - WhatsApp encontrado: (19) 99407-9865
2026-02-09 13:47:43,480 - src.scrappers.facebook_scraper - INFO - Dados do Facebook extraídos: {'email': None, 'celular_whatsapp': '(19) 99407-9865'}
2026-02-09 13:47:43,500 - src.processors.async_processor - INFO - Novo registro criado: MANTOVANI PLANO DE ASSISTENCIA FUNERAL FAMILIAR
2026-02-09 13:47:50,018 - __main__ - INFO - Iniciando: LG BORIM
2026-02-09 13:47:50,022 - src.processors.async_processor - INFO - [14/484] Processando: LG BORIM
2026-02-09 13:47:50,187 - src.scrappers.google_scraper - INFO - Buscando: "LG BORIM" Mogi Mirim
2026-02-09 13:48:00,095 - src.scrappers.google_scraper - INFO - Dados extraídos para LG BORIM: {'telefone': '(19) 3814-1004', 'facebook_link': None, 'site': None}
2026-02-09 13:48:00,118 - src.processors.async_processor - INFO - Novo registro criado: LG BORIM
2026-02-09 13:48:05,859 - __main__ - INFO - Iniciando: EMPREITEIRA J PORTO
2026-02-09 13:48:05,865 - src.processors.async_processor - INFO - [15/484] Processando: EMPREITEIRA J PORTO
2026-02-09 13:48:06,035 - src.scrappers.google_scraper - INFO - Buscando: "EMPREITEIRA J PORTO" Mogi Mirim
2026-02-09 13:48:17,092 - src.scrappers.google_scraper - INFO - Dados extraídos para EMPREITEIRA J PORTO: {'telefone': '8997-8449', 'facebook_link': None, 'site': None}
2026-02-09 13:48:17,113 - src.processors.async_processor - INFO - Novo registro criado: EMPREITEIRA J PORTO
2026-02-09 13:48:20,860 - __main__ - INFO - Iniciando: SABOR NATURAL DAS UVAS
2026-02-09 13:48:20,864 - src.processors.async_processor - INFO - [16/484] Processando: SABOR NATURAL DAS UVAS
2026-02-09 13:48:21,035 - src.scrappers.google_scraper - INFO - Buscando: "SABOR NATURAL DAS UVAS" Mogi Mirim
2026-02-09 13:48:30,777 - src.scrappers.google_scraper - INFO - Dados extraídos para SABOR NATURAL DAS UVAS: {'telefone': '8997-8449', 'facebook_link': None, 'site': None}
2026-02-09 13:48:30,803 - src.processors.async_processor - INFO - Novo registro criado: SABOR NATURAL DAS UVAS
2026-02-09 13:48:35,884 - __main__ - INFO - Iniciando: HOFFDORP
2026-02-09 13:48:35,886 - src.processors.async_processor - INFO - [17/484] Processando: HOFFDORP
2026-02-09 13:48:36,032 - src.scrappers.google_scraper - INFO - Buscando: "HOFFDORP" Mogi Mirim
2026-02-09 13:48:47,405 - src.scrappers.google_scraper - INFO - Dados extraídos para HOFFDORP: {'telefone': '8997-8449', 'facebook_link': None, 'site': 'https://prp.unicamp.br/wp-content/uploads/sites/4/2022/09/faepex_relatorios_2005_projetoscontratados.pdf'}
2026-02-09 13:48:47,435 - src.processors.async_processor - INFO - Novo registro criado: HOFFDORP
2026-02-09 13:48:52,927 - __main__ - INFO - Iniciando: TDFARIA REPRESENTACOES
2026-02-09 13:48:52,945 - src.processors.async_processor - INFO - [18/484] Processando: TDFARIA REPRESENTACOES
2026-02-09 13:48:53,097 - src.scrappers.google_scraper - INFO - Buscando: "TDFARIA REPRESENTACOES" Mogi Mirim
2026-02-09 13:49:02,410 - src.scrappers.google_scraper - INFO - Dados extraídos para TDFARIA REPRESENTACOES: {'telefone': '8997-8449', 'facebook_link': None, 'site': None}
2026-02-09 13:49:02,436 - src.processors.async_processor - INFO - Novo registro criado: TDFARIA REPRESENTACOES
2026-02-09 13:49:07,186 - __main__ - INFO - Iniciando: LAUDO FRANCO
2026-02-09 13:49:07,191 - src.processors.async_processor - INFO - [19/484] Processando: LAUDO FRANCO
2026-02-09 13:49:07,342 - src.scrappers.google_scraper - INFO - Buscando: "LAUDO FRANCO" Mogi Mirim
2026-02-09 13:49:16,523 - src.scrappers.google_scraper - INFO - Dados extraídos para LAUDO FRANCO: {'telefone': '8997-8449', 'facebook_link': None, 'site': None}
2026-02-09 13:49:16,547 - src.processors.async_processor - INFO - Novo registro criado: LAUDO FRANCO
2026-02-09 13:49:20,624 - __main__ - INFO - Iniciando: ELENION SUPORTE E TECNOLOGIA
2026-02-09 13:49:20,629 - src.processors.async_processor - INFO - [20/484] Processando: ELENION SUPORTE E TECNOLOGIA
2026-02-09 13:49:20,791 - src.scrappers.google_scraper - INFO - Buscando: "ELENION SUPORTE E TECNOLOGIA" Mogi Mirim
2026-02-09 13:49:29,540 - src.scrappers.google_scraper - INFO - Dados extraídos para ELENION SUPORTE E TECNOLOGIA: {'telefone': '(19) 3814-1004', 'facebook_link': None, 'site': None}
2026-02-09 13:49:29,572 - src.processors.async_processor - INFO - Novo registro criado: ELENION SUPORTE E TECNOLOGIA
2026-02-09 13:49:35,750 - __main__ - INFO - Iniciando: CARINA MORAES PSICOLOGIA
2026-02-09 13:49:35,755 - src.processors.async_processor - INFO - [21/484] Processando: CARINA MORAES PSICOLOGIA
2026-02-09 13:49:35,931 - src.scrappers.google_scraper - INFO - Buscando: "CARINA MORAES PSICOLOGIA" Mogi Mirim
2026-02-09 13:49:44,559 - src.scrappers.google_scraper - INFO - Dados extraídos para CARINA MORAES PSICOLOGIA: {'telefone': '8997-8449', 'facebook_link': None, 'site': None}
2026-02-09 13:49:44,579 - src.processors.async_processor - INFO - Novo registro criado: CARINA MORAES PSICOLOGIA
2026-02-09 13:49:49,109 - __main__ - INFO - Iniciando: LM CONSULTORIA
2026-02-09 13:49:49,113 - src.processors.async_processor - INFO - [22/484] Processando: LM CONSULTORIA
2026-02-09 13:49:49,250 - src.scrappers.google_scraper - INFO - Buscando: "LM CONSULTORIA" Mogi Mirim
2026-02-09 13:49:58,972 - src.scrappers.google_scraper - INFO - Dados extraídos para LM CONSULTORIA: {'telefone': '(19) 3805-2242', 'facebook_link': 'https://www.instagram.com/lmcapconsultoria/', 'site': None}
2026-02-09 13:49:59,198 - src.scrappers.facebook_scraper - INFO - Acessando Facebook: https://www.instagram.com/lmcapconsultoria/
2026-02-09 13:51:10,222 - src.scrappers.facebook_scraper - INFO - Email encontrado: elizio@lmcap.com.br
2026-02-09 13:51:10,224 - src.scrappers.facebook_scraper - INFO - WhatsApp encontrado: (19) 99452-5426
2026-02-09 13:51:10,225 - src.scrappers.facebook_scraper - INFO - Dados do Facebook extraídos: {'email': 'elizio@lmcap.com.br', 'celular_whatsapp': '(19) 99452-5426'}
2026-02-09 13:51:10,247 - src.processors.async_processor - INFO - Novo registro criado: LM CONSULTORIA
2026-02-09 13:51:14,190 - __main__ - INFO - Iniciando: COUTO AMBIENTAL ENGENHARIA
2026-02-09 13:51:14,195 - src.processors.async_processor - INFO - [23/484] Processando: COUTO AMBIENTAL ENGENHARIA
2026-02-09 13:51:14,351 - src.scrappers.google_scraper - INFO - Buscando: "COUTO AMBIENTAL ENGENHARIA" Mogi Mirim
2026-02-09 13:51:23,320 - src.scrappers.google_scraper - INFO - Dados extraídos para COUTO AMBIENTAL ENGENHARIA: {'telefone': '(19) 99483-3417', 'facebook_link': 'https://www.instagram.com/coutoambiental.eng/', 'site': 'http://www.coutoambiental.com.br/'}
2026-02-09 13:51:23,530 - src.scrappers.facebook_scraper - INFO - Acessando Facebook: https://www.instagram.com/coutoambiental.eng/
2026-02-09 13:52:34,862 - src.scrappers.facebook_scraper - INFO - Email encontrado: taynara@coutoambiental.com.br
2026-02-09 13:52:34,865 - src.scrappers.facebook_scraper - INFO - WhatsApp encontrado: (19) 99452-5426
2026-02-09 13:52:34,865 - src.scrappers.facebook_scraper - INFO - Dados do Facebook extraídos: {'email': 'taynara@coutoambiental.com.br', 'celular_whatsapp': '(19) 99452-5426'}
2026-02-09 13:52:34,887 - src.processors.async_processor - INFO - Novo registro criado: COUTO AMBIENTAL ENGENHARIA
2026-02-09 13:52:39,065 - __main__ - INFO - Iniciando: FMTER-MM
2026-02-09 13:52:39,070 - src.processors.async_processor - INFO - [24/484] Processando: FMTER-MM
2026-02-09 13:52:39,293 - src.scrappers.google_scraper - INFO - Buscando: "FMTER-MM" Mogi Mirim
2026-02-09 13:52:48,542 - src.scrappers.google_scraper - INFO - Dados extraídos para FMTER-MM: {'telefone': '(19) 3814-2119', 'facebook_link': 'https://www.instagram.com/radiomogimixfm/', 'site': 'https://pt.slideshare.net/slideshow/tse-listadadosemissorassitedestaque210820144/38252778'}
2026-02-09 13:52:48,755 - src.scrappers.facebook_scraper - INFO - Acessando Facebook: https://www.instagram.com/radiomogimixfm/
2026-02-09 13:54:00,195 - src.scrappers.facebook_scraper - INFO - WhatsApp encontrado: (19) 97151-0718
2026-02-09 13:54:00,195 - src.scrappers.facebook_scraper - INFO - Dados do Facebook extraídos: {'email': None, 'celular_whatsapp': '(19) 97151-0718'}
2026-02-09 13:54:00,217 - src.processors.async_processor - INFO - Novo registro criado: FMTER-MM
2026-02-09 13:54:03,780 - __main__ - INFO - Iniciando: GRUPO CORTE
2026-02-09 13:54:03,785 - src.processors.async_processor - INFO - [25/484] Processando: GRUPO CORTE
2026-02-09 13:54:03,913 - src.scrappers.google_scraper - INFO - Buscando: "GRUPO CORTE" Mogi Mirim
2026-02-09 13:54:12,994 - src.scrappers.google_scraper - INFO - Dados extraídos para GRUPO CORTE: {'telefone': '(19) 3552-5470', 'facebook_link': 'https://www.facebook.com/miuralaser/', 'site': None}
2026-02-09 13:54:13,196 - src.scrappers.facebook_scraper - INFO - Acessando Facebook: https://www.facebook.com/miuralaser/
2026-02-09 13:55:25,177 - src.scrappers.facebook_scraper - INFO - Email encontrado: miuralaser@gmail.com
2026-02-09 13:55:25,178 - src.scrappers.facebook_scraper - INFO - WhatsApp encontrado: (19) 99629-8126
2026-02-09 13:55:25,178 - src.scrappers.facebook_scraper - INFO - Dados do Facebook extraídos: {'email': 'miuralaser@gmail.com', 'celular_whatsapp': '(19) 99629-8126'}
2026-02-09 13:55:25,202 - src.processors.async_processor - INFO - Novo registro criado: GRUPO CORTE
2026-02-09 13:55:31,241 - __main__ - INFO - Iniciando: OLR ENGENHARIA
2026-02-09 13:55:31,268 - src.processors.async_processor - INFO - [26/484] Processando: OLR ENGENHARIA
2026-02-09 13:55:31,411 - src.scrappers.google_scraper - INFO - Buscando: "OLR ENGENHARIA" Mogi Mirim
2026-02-09 13:55:43,138 - src.scrappers.google_scraper - INFO - Dados extraídos para OLR ENGENHARIA: {'telefone': '(19) 99693-0743', 'facebook_link': 'https://www.facebook.com/rodolfo.rossetto.3/', 'site': 'https://www.contabilizei.com.br/contabilizei-responde/como-consultar-socios-de-um-cnpj/#:~:text=A%20maneira%20mais%20simples%20para%20consultar%20s%C3%B3cios,e%20apenas%20com%20o%20n%C3%BAmero%20do%20CNPJ.'}
2026-02-09 13:55:43,349 - src.scrappers.facebook_scraper - INFO - Acessando Facebook: https://www.facebook.com/rodolfo.rossetto.3/
2026-02-09 13:55:50,685 - src.scrappers.facebook_scraper - INFO - WhatsApp encontrado: (19) 99452-5426
2026-02-09 13:55:50,685 - src.scrappers.facebook_scraper - INFO - Dados do Facebook extraídos: {'email': None, 'celular_whatsapp': '(19) 99452-5426'}
2026-02-09 13:55:50,710 - src.processors.async_processor - INFO - Novo registro criado: OLR ENGENHARIA
2026-02-09 13:55:55,719 - __main__ - INFO - Iniciando: SALUSTIANO MULTIMARCAS
2026-02-09 13:55:55,722 - src.processors.async_processor - INFO - [27/484] Processando: SALUSTIANO MULTIMARCAS
2026-02-09 13:55:55,909 - src.scrappers.google_scraper - INFO - Buscando: "SALUSTIANO MULTIMARCAS" Mogi Mirim
2026-02-09 13:56:04,549 - src.scrappers.google_scraper - INFO - Dados extraídos para SALUSTIANO MULTIMARCAS: {'telefone': '(19) 99940-0140', 'facebook_link': 'https://www.instagram.com/salustiano_multimarcas/', 'site': None}
2026-02-09 13:56:04,750 - src.scrappers.facebook_scraper - INFO - Acessando Facebook: https://www.instagram.com/salustiano_multimarcas/
2026-02-09 13:56:11,551 - src.scrappers.facebook_scraper - INFO - Navegou para seção Sobre
2026-02-09 13:56:13,746 - src.scrappers.facebook_scraper - INFO - WhatsApp encontrado: (19) 99452-5426
2026-02-09 13:56:13,747 - src.scrappers.facebook_scraper - INFO - Dados do Facebook extraídos: {'email': None, 'celular_whatsapp': '(19) 99452-5426'}
2026-02-09 13:56:13,786 - src.processors.async_processor - INFO - Novo registro criado: SALUSTIANO MULTIMARCAS
2026-02-09 13:56:19,819 - __main__ - INFO - Iniciando: NORDESTE VIAGENS
2026-02-09 13:56:19,838 - src.processors.async_processor - INFO - [28/484] Processando: NORDESTE VIAGENS
2026-02-09 13:56:19,935 - src.scrappers.google_scraper - INFO - Buscando: "NORDESTE VIAGENS" Mogi Mirim
2026-02-09 13:56:28,942 - src.scrappers.google_scraper - INFO - Dados extraídos para NORDESTE VIAGENS: {'telefone': '8997-8449', 'facebook_link': 'https://www.facebook.com/tournorthturismo/videos/excurs%C3%A3o-mini-nordeste-2026-salvador-aracaju-macei%C3%B3-cmaragogi-recife-cporto-de-g/1397991674781516/', 'site': 'https://tokdehistoria.com.br/tag/brasil/page/5/'}
2026-02-09 13:56:29,051 - src.scrappers.facebook_scraper - INFO - Acessando Facebook: https://www.facebook.com/tournorthturismo/videos/excurs%C3%A3o-mini-nordeste-2026-salvador-aracaju-macei%C3%B3-cmaragogi-recife-cporto-de-g/1397991674781516/
2026-02-09 13:56:38,324 - src.scrappers.facebook_scraper - INFO - WhatsApp encontrado: (19) 99452-5426
2026-02-09 13:56:38,325 - src.scrappers.facebook_scraper - INFO - Dados do Facebook extraídos: {'email': None, 'celular_whatsapp': '(19) 99452-5426'}
2026-02-09 13:56:38,363 - src.processors.async_processor - INFO - Novo registro criado: NORDESTE VIAGENS
2026-02-09 13:56:45,158 - __main__ - INFO - Iniciando: TURISMO SANTA LUZIA
2026-02-09 13:56:45,162 - src.processors.async_processor - INFO - [29/484] Processando: TURISMO SANTA LUZIA
2026-02-09 13:56:45,263 - src.scrappers.google_scraper - INFO - Buscando: "TURISMO SANTA LUZIA" Mogi Mirim
2026-02-09 13:56:53,938 - src.scrappers.google_scraper - INFO - Dados extraídos para TURISMO SANTA LUZIA: {'telefone': '(19) 3862-1815', 'facebook_link': None, 'site': None}
2026-02-09 13:56:53,970 - src.processors.async_processor - INFO - Novo registro criado: TURISMO SANTA LUZIA
2026-02-09 13:57:00,937 - __main__ - INFO - Iniciando: PAES E DOCES SAMAMBAIA
2026-02-09 13:57:00,941 - src.processors.async_processor - INFO - [30/484] Processando: PAES E DOCES SAMAMBAIA
2026-02-09 13:57:01,051 - src.scrappers.google_scraper - INFO - Buscando: "PAES E DOCES SAMAMBAIA" Mogi Mirim
2026-02-09 13:57:09,326 - src.scrappers.google_scraper - INFO - Dados extraídos para PAES E DOCES SAMAMBAIA: {'telefone': '(19) 99853-6025', 'facebook_link': 'https://www.instagram.com/reel/DQH7vBykT9L/', 'site': 'https://grupofasitec.com.br/mogi-mirim-comemora-256-anos-uma-cidade-historica-e-inovadora-celebra-seu-aniversario-com-o-sicon-impulsionando-o-futuro/#:~:text=Hoje%2C%2022%20de%20outubro%2C%20Mogi%20Mirim%2C%20no,paulista%2C%20celebra%20seus%20256%20anos%20de%20funda%C3%A7%C3%A3o!'}
2026-02-09 13:57:09,449 - src.scrappers.facebook_scraper - INFO - Acessando Facebook: https://www.instagram.com/reel/DQH7vBykT9L/
2026-02-09 13:58:21,672 - src.scrappers.facebook_scraper - INFO - WhatsApp encontrado: (19) 99452-5426
2026-02-09 13:58:21,673 - src.scrappers.facebook_scraper - INFO - Dados do Facebook extraídos: {'email': None, 'celular_whatsapp': '(19) 99452-5426'}
2026-02-09 13:58:21,703 - src.processors.async_processor - INFO - Novo registro criado: PAES E DOCES SAMAMBAIA
2026-02-09 13:58:27,655 - __main__ - INFO - Iniciando: VILA RICA ARTESANATOS
2026-02-09 13:58:27,661 - src.processors.async_processor - INFO - [31/484] Processando: VILA RICA ARTESANATOS
2026-02-09 13:58:27,771 - src.scrappers.google_scraper - INFO - Buscando: "VILA RICA ARTESANATOS" Mogi Mirim
2026-02-09 13:58:35,625 - src.scrappers.google_scraper - INFO - Dados extraídos para VILA RICA ARTESANATOS: {'telefone': '(19) 7900-0111', 'facebook_link': 'https://www.instagram.com/reel/DQH7vBykT9L/', 'site': 'https://grupofasitec.com.br/mogi-mirim-comemora-256-anos-uma-cidade-historica-e-inovadora-celebra-seu-aniversario-com-o-sicon-impulsionando-o-futuro/#:~:text=Hoje%2C%2022%20de%20outubro%2C%20Mogi%20Mirim%2C%20no,paulista%2C%20celebra%20seus%20256%20anos%20de%20funda%C3%A7%C3%A3o!'}
2026-02-09 13:58:35,798 - src.scrappers.facebook_scraper - INFO - Acessando Facebook: https://www.instagram.com/reel/DQH7vBykT9L/
2026-02-09 13:59:48,357 - src.scrappers.facebook_scraper - INFO - WhatsApp encontrado: (19) 99452-5426
2026-02-09 13:59:48,357 - src.scrappers.facebook_scraper - INFO - Dados do Facebook extraídos: {'email': None, 'celular_whatsapp': '(19) 99452-5426'}
2026-02-09 13:59:48,388 - src.processors.async_processor - INFO - Novo registro criado: VILA RICA ARTESANATOS
2026-02-09 13:59:53,108 - __main__ - INFO - Iniciando: BIA
2026-02-09 13:59:53,112 - src.processors.async_processor - INFO - [32/484] Processando: BIA
2026-02-09 13:59:53,228 - src.scrappers.google_scraper - INFO - Buscando: "BIA" Mogi Mirim
2026-02-09 14:00:02,205 - src.scrappers.google_scraper - INFO - Dados extraídos para BIA: {'telefone': '(19) 98811-2471', 'facebook_link': 'https://www.instagram.com/biaeuquero/', 'site': None}
2026-02-09 14:00:02,320 - src.scrappers.facebook_scraper - INFO - Acessando Facebook: https://www.instagram.com/biaeuquero/
2026-02-09 14:00:08,993 - src.scrappers.facebook_scraper - INFO - Navegou para seção Sobre
2026-02-09 14:00:11,209 - src.scrappers.facebook_scraper - INFO - WhatsApp encontrado: (19) 99452-5426
2026-02-09 14:00:11,209 - src.scrappers.facebook_scraper - INFO - Dados do Facebook extraídos: {'email': None, 'celular_whatsapp': '(19) 99452-5426'}
2026-02-09 14:00:11,228 - src.processors.async_processor - INFO - Novo registro criado: BIA
2026-02-09 14:00:16,635 - __main__ - INFO - Iniciando: MALUKINHA BRINQUEDOS
2026-02-09 14:00:16,637 - src.processors.async_processor - INFO - [33/484] Processando: MALUKINHA BRINQUEDOS
2026-02-09 14:00:16,732 - src.scrappers.google_scraper - INFO - Buscando: "MALUKINHA BRINQUEDOS" Mogi Mirim
2026-02-09 14:00:25,262 - src.scrappers.google_scraper - INFO - Dados extraídos para MALUKINHA BRINQUEDOS: {'telefone': '(19) 98120-0970', 'facebook_link': None, 'site': None}
2026-02-09 14:00:25,291 - src.processors.async_processor - INFO - Novo registro criado: MALUKINHA BRINQUEDOS
2026-02-09 14:00:30,061 - __main__ - INFO - Iniciando: MHS TRANSPORTES
2026-02-09 14:00:30,066 - src.processors.async_processor - INFO - [34/484] Processando: MHS TRANSPORTES
2026-02-09 14:00:30,164 - src.scrappers.google_scraper - INFO - Buscando: "MHS TRANSPORTES" Mogi Mirim
2026-02-09 14:00:38,506 - src.scrappers.google_scraper - INFO - Dados extraídos para MHS TRANSPORTES: {'telefone': '(19) 99494-8498', 'facebook_link': None, 'site': None}
2026-02-09 14:00:38,539 - src.processors.async_processor - INFO - Novo registro criado: MHS TRANSPORTES
2026-02-09 14:00:42,707 - __main__ - INFO - Iniciando: TAYENNE-FLORES
2026-02-09 14:00:42,711 - src.processors.async_processor - INFO - [35/484] Processando: TAYENNE-FLORES
2026-02-09 14:00:42,808 - src.scrappers.google_scraper - INFO - Buscando: "TAYENNE-FLORES" Mogi Mirim
2026-02-09 14:00:51,036 - src.scrappers.google_scraper - INFO - Dados extraídos para TAYENNE-FLORES: {'telefone': '8997-8449', 'facebook_link': None, 'site': None}
2026-02-09 14:00:51,060 - src.processors.async_processor - INFO - Novo registro criado: TAYENNE-FLORES
2026-02-09 14:00:51,156 - src.processors.async_processor - ERROR - Erro ao processar TAYENNE-FLORES: App is not running
2026-02-09 14:00:51,904 - __main__ - ERROR - Erro durante processamento: App is not running
2026-02-09 14:00:59,460 - __main__ - INFO - Iniciando ExtractMogi
2026-02-09 14:00:59,479 - __main__ - INFO - Banco de dados inicializado
2026-02-09 14:01:01,200 - src.exporters.data_exporter - INFO - Exportação concluída: 16 empresas exportadas para exports\extractmogi_export_20260209_140101.csv
2026-02-09 14:01:01,202 - __main__ - INFO - Exportação realizada: exports\extractmogi_export_20260209_140101.csv
2026-02-10 01:06:52,259 - __main__ - INFO - Iniciando ExtractMogi
2026-02-10 01:06:52,770 - __main__ - INFO - Banco de dados inicializado
2026-02-10 01:07:13,409 - src.processors.async_processor - INFO - CSV lido com sucesso: 449 empresas encontradas
2026-02-10 01:07:13,410 - __main__ - INFO - CSV carregado: 20260207_024946_busca_mogi_perfil.csv com 449 empresas
2026-02-10 01:07:23,346 - __main__ - INFO - Iniciando processamento de empresas
2026-02-10 01:07:23,355 - src.processors.async_processor - INFO - CSV lido com sucesso: 449 empresas encontradas
2026-02-10 01:07:23,356 - src.processors.async_processor - INFO - Iniciando processamento assíncrono de 449 empresas
2026-02-10 01:07:52,561 - __main__ - INFO - Iniciando: CEVISKO
2026-02-10 01:07:52,568 - src.processors.async_processor - INFO - [1/449] Processando: CEVISKO
2026-02-10 01:08:00,799 - src.scrappers.google_scraper - INFO - Buscando: "CEVISKO" Mogi Mirim
2026-02-10 01:08:11,649 - src.scrappers.google_scraper - INFO - Dados extraídos para CEVISKO: {'telefone': '(19) 3806-3840', 'facebook_link': 'https://www.instagram.com/cevisko_alimentos/', 'site': 'http://cevisko.com.br/'}
2026-02-10 01:08:11,889 - src.scrappers.facebook_scraper - INFO - Acessando Facebook: https://www.instagram.com/cevisko_alimentos/
2026-02-10 01:09:23,755 - src.scrappers.facebook_scraper - INFO - Email encontrado: cevisko.cadastrado@gmail.com
2026-02-10 01:09:23,758 - src.scrappers.facebook_scraper - INFO - WhatsApp encontrado: (19) 98686-0715
2026-02-10 01:09:23,759 - src.scrappers.facebook_scraper - INFO - Dados do Facebook extraídos: {'email': 'cevisko.cadastrado@gmail.com', 'celular_whatsapp': '(19) 98686-0715'}
2026-02-10 01:09:23,824 - src.processors.async_processor - INFO - Novo registro criado: CEVISKO
2026-02-10 01:09:30,997 - __main__ - INFO - Iniciando: BABY USA IMPORTACAO E EXPORTACAO
2026-02-10 01:09:31,000 - src.processors.async_processor - INFO - [2/449] Processando: BABY USA IMPORTACAO E EXPORTACAO
2026-02-10 01:09:31,116 - src.scrappers.google_scraper - INFO - Buscando: "BABY USA IMPORTACAO E EXPORTACAO" Mogi Mirim
2026-02-10 01:09:39,809 - src.scrappers.google_scraper - INFO - Dados extraídos para BABY USA IMPORTACAO E EXPORTACAO: {'telefone': '(19) 98868-3450', 'facebook_link': None, 'site': None}
2026-02-10 01:09:39,828 - src.processors.async_processor - INFO - Novo registro criado: BABY USA IMPORTACAO E EXPORTACAO
2026-02-10 01:09:44,459 - __main__ - INFO - Iniciando: ZANETTI MOTOS
2026-02-10 01:09:44,462 - src.processors.async_processor - INFO - [3/449] Processando: ZANETTI MOTOS
2026-02-10 01:09:44,621 - src.scrappers.google_scraper - INFO - Buscando: "ZANETTI MOTOS" Mogi Mirim
2026-02-10 01:09:53,902 - src.scrappers.google_scraper - INFO - Dados extraídos para ZANETTI MOTOS: {'telefone': '(19) 3862-1572', 'facebook_link': None, 'site': None}
2026-02-10 01:09:53,929 - src.processors.async_processor - INFO - Novo registro criado: ZANETTI MOTOS
2026-02-10 01:10:00,938 - __main__ - INFO - Iniciando: AGENCIA MOGI MIRIM SP
2026-02-10 01:10:00,955 - src.processors.async_processor - INFO - [4/449] Processando: AGENCIA MOGI MIRIM SP
2026-02-10 01:10:01,131 - src.scrappers.google_scraper - INFO - Buscando: "AGENCIA MOGI MIRIM SP" Mogi Mirim
2026-02-10 01:10:09,922 - src.scrappers.google_scraper - INFO - Dados extraídos para AGENCIA MOGI MIRIM SP: {'telefone': '(19) 4003-3001', 'facebook_link': None, 'site': 'http://www.itau.com.br/'}
2026-02-10 01:10:09,944 - src.processors.async_processor - INFO - Novo registro criado: AGENCIA MOGI MIRIM SP
2026-02-10 01:10:14,382 - __main__ - INFO - Iniciando: ELETRO CHAVEIRO BONATTI
2026-02-10 01:10:14,385 - src.processors.async_processor - INFO - [5/449] Processando: ELETRO CHAVEIRO BONATTI
2026-02-10 01:10:14,550 - src.scrappers.google_scraper - INFO - Buscando: "ELETRO CHAVEIRO BONATTI" Mogi Mirim
2026-02-10 01:10:22,790 - src.scrappers.google_scraper - INFO - Dados extraídos para ELETRO CHAVEIRO BONATTI: {'telefone': '(19) 3862-4561', 'facebook_link': 'https://www.facebook.com/EletroChaveiroBorim/', 'site': None}
2026-02-10 01:10:23,004 - src.scrappers.facebook_scraper - INFO - Acessando Facebook: https://www.facebook.com/EletroChaveiroBorim/
2026-02-10 01:11:34,646 - src.scrappers.facebook_scraper - INFO - Email encontrado: borimcarimbos@uol.com.br
2026-02-10 01:11:34,649 - src.scrappers.facebook_scraper - INFO - WhatsApp encontrado: (19) 98128-1144
2026-02-10 01:11:34,649 - src.scrappers.facebook_scraper - INFO - Dados do Facebook extraídos: {'email': 'borimcarimbos@uol.com.br', 'celular_whatsapp': '(19) 98128-1144'}
2026-02-10 01:11:34,680 - src.processors.async_processor - INFO - Novo registro criado: ELETRO CHAVEIRO BONATTI
2026-02-10 01:11:38,799 - __main__ - INFO - Iniciando: SORVETERIA TROPICAL
2026-02-10 01:11:38,801 - src.processors.async_processor - INFO - [6/449] Processando: SORVETERIA TROPICAL
2026-02-10 01:11:38,927 - src.scrappers.google_scraper - INFO - Buscando: "SORVETERIA TROPICAL" Mogi Mirim
2026-02-10 01:11:49,393 - src.scrappers.google_scraper - INFO - Dados extraídos para SORVETERIA TROPICAL: {'telefone': '(19) 3806-6771', 'facebook_link': 'https://www.instagram.com/reel/DM0bd7vOgiA/', 'site': None}
2026-02-10 01:11:49,587 - src.scrappers.facebook_scraper - INFO - Acessando Facebook: https://www.instagram.com/reel/DM0bd7vOgiA/
2026-02-10 01:13:01,358 - src.scrappers.facebook_scraper - INFO - WhatsApp encontrado: (19) 99452-5426
2026-02-10 01:13:01,358 - src.scrappers.facebook_scraper - INFO - Dados do Facebook extraídos: {'email': None, 'celular_whatsapp': '(19) 99452-5426'}
2026-02-10 01:13:01,379 - src.processors.async_processor - INFO - Novo registro criado: SORVETERIA TROPICAL
2026-02-10 01:13:06,069 - __main__ - INFO - Iniciando: E.M.E.I. LAPIS DE COR
2026-02-10 01:13:06,073 - src.processors.async_processor - INFO - [7/449] Processando: E.M.E.I. LAPIS DE COR
2026-02-10 01:13:06,252 - src.scrappers.google_scraper - INFO - Buscando: "E.M.E.I. LAPIS DE COR" Mogi Mirim
2026-02-10 01:13:17,459 - src.scrappers.google_scraper - INFO - Dados extraídos para E.M.E.I. LAPIS DE COR: {'telefone': '(19) 98274-1681', 'facebook_link': 'https://www.instagram.com/escola_lapismagico/', 'site': 'https://demogidascruzes.educacao.sp.gov.br/escolas-estaduais/'}
2026-02-10 01:13:17,681 - src.scrappers.facebook_scraper - INFO - Acessando Facebook: https://www.instagram.com/escola_lapismagico/
2026-02-10 01:14:28,798 - src.scrappers.facebook_scraper - INFO - Email encontrado: lapis-magico@hotmail.com
2026-02-10 01:14:28,800 - src.scrappers.facebook_scraper - INFO - WhatsApp encontrado: (19) 98274-1681
2026-02-10 01:14:28,800 - src.scrappers.facebook_scraper - INFO - Dados do Facebook extraídos: {'email': 'lapis-magico@hotmail.com', 'celular_whatsapp': '(19) 98274-1681'}
2026-02-10 01:14:28,839 - src.processors.async_processor - INFO - Novo registro criado: E.M.E.I. LAPIS DE COR
2026-02-10 01:14:32,823 - __main__ - INFO - Iniciando: AQUARIUM AGRICOLA
2026-02-10 01:14:32,827 - src.processors.async_processor - INFO - [8/449] Processando: AQUARIUM AGRICOLA
2026-02-10 01:14:32,978 - src.scrappers.google_scraper - INFO - Buscando: "AQUARIUM AGRICOLA" Mogi Mirim
2026-02-10 01:14:41,842 - src.scrappers.google_scraper - INFO - Dados extraídos para AQUARIUM AGRICOLA: {'telefone': '(19) 3814-5122', 'facebook_link': None, 'site': None}
2026-02-10 01:14:41,861 - src.processors.async_processor - INFO - Novo registro criado: AQUARIUM AGRICOLA
2026-02-10 01:14:48,027 - __main__ - INFO - Iniciando: BAR E LANCHONETE PARADA OBRIGATORIA
2026-02-10 01:14:48,030 - src.processors.async_processor - INFO - [9/449] Processando: BAR E LANCHONETE PARADA OBRIGATORIA
2026-02-10 01:14:48,186 - src.scrappers.google_scraper - INFO - Buscando: "BAR E LANCHONETE PARADA OBRIGATORIA" Mogi Mirim
2026-02-10 01:14:57,651 - src.scrappers.google_scraper - INFO - Dados extraídos para BAR E LANCHONETE PARADA OBRIGATORIA: {'telefone': '(19) 3805-3125', 'facebook_link': None, 'site': None}
2026-02-10 01:14:57,672 - src.processors.async_processor - INFO - Novo registro criado: BAR E LANCHONETE PARADA OBRIGATORIA
2026-02-10 01:15:04,135 - __main__ - INFO - Iniciando: HSBC
2026-02-10 01:15:04,139 - src.processors.async_processor - INFO - [10/449] Processando: HSBC
2026-02-10 01:15:04,284 - src.scrappers.google_scraper - INFO - Buscando: "HSBC" Mogi Mirim
2026-02-10 01:15:14,829 - src.scrappers.google_scraper - INFO - Dados extraídos para HSBC: {'telefone': '(19) 3804-9103', 'facebook_link': None, 'site': 'https://guiafacil.com/site/hsbc-bank-brasil-s-a-banco-multiplo/mogi-mirim/sp/1938043535'}
2026-02-10 01:15:14,859 - src.processors.async_processor - INFO - Novo registro criado: HSBC
2026-02-10 01:15:18,688 - __main__ - INFO - Iniciando: NOVAMUNK LOCACOES
2026-02-10 01:15:18,689 - src.processors.async_processor - INFO - [11/449] Processando: NOVAMUNK LOCACOES
2026-02-10 01:15:18,818 - src.scrappers.google_scraper - INFO - Buscando: "NOVAMUNK LOCACOES" Mogi Mirim
2026-02-10 01:15:27,227 - src.scrappers.google_scraper - INFO - Dados extraídos para NOVAMUNK LOCACOES: {'telefone': '(19) 97163-7117', 'facebook_link': None, 'site': 'https://alemaobrinquedos.com.br/'}
2026-02-10 01:15:27,248 - src.processors.async_processor - INFO - Novo registro criado: NOVAMUNK LOCACOES
2026-02-10 01:15:30,891 - __main__ - INFO - Iniciando: BAZAR BAHIA
2026-02-10 01:15:30,895 - src.processors.async_processor - INFO - [12/449] Processando: BAZAR BAHIA
2026-02-10 01:15:31,061 - src.scrappers.google_scraper - INFO - Buscando: "BAZAR BAHIA" Mogi Mirim
2026-02-10 01:15:39,822 - src.scrappers.google_scraper - INFO - Dados extraídos para BAZAR BAHIA: {'telefone': '(19) 3105-0501', 'facebook_link': None, 'site': None}
2026-02-10 01:15:39,843 - src.processors.async_processor - INFO - Novo registro criado: BAZAR BAHIA
2026-02-10 01:15:45,587 - __main__ - INFO - Iniciando: RENOVIAS CONCESSIONARIA S/A
2026-02-10 01:15:45,590 - src.processors.async_processor - INFO - [13/449] Processando: RENOVIAS CONCESSIONARIA S/A
2026-02-10 01:15:45,758 - src.scrappers.google_scraper - INFO - Buscando: "RENOVIAS CONCESSIONARIA S/A" Mogi Mirim
2026-02-10 01:15:55,538 - src.scrappers.google_scraper - INFO - Dados extraídos para RENOVIAS CONCESSIONARIA S/A: {'telefone': '(19) 3814-2000', 'facebook_link': None, 'site': 'http://www.renovias.com.br/'}
2026-02-10 01:15:55,567 - src.processors.async_processor - INFO - Novo registro criado: RENOVIAS CONCESSIONARIA S/A
2026-02-10 01:15:59,852 - __main__ - INFO - Iniciando: ESTACIONAMENTO SKINA
2026-02-10 01:15:59,856 - src.processors.async_processor - INFO - [14/449] Processando: ESTACIONAMENTO SKINA
2026-02-10 01:16:00,006 - src.scrappers.google_scraper - INFO - Buscando: "ESTACIONAMENTO SKINA" Mogi Mirim
2026-02-10 01:16:09,007 - src.scrappers.google_scraper - INFO - Dados extraídos para ESTACIONAMENTO SKINA: {'telefone': '(19) 3862-0153', 'facebook_link': None, 'site': 'https://paginaamarela.com.br/empresa/estacionamento-skina/mogi-mirim/sp/10374176'}
2026-02-10 01:16:09,031 - src.processors.async_processor - INFO - Novo registro criado: ESTACIONAMENTO SKINA
2026-02-10 01:16:15,257 - __main__ - INFO - Iniciando: LUTHILINE CONFECCOES
2026-02-10 01:16:15,259 - src.processors.async_processor - INFO - [15/449] Processando: LUTHILINE CONFECCOES
2026-02-10 01:16:15,406 - src.scrappers.google_scraper - INFO - Buscando: "LUTHILINE CONFECCOES" Mogi Mirim
2026-02-10 01:16:23,994 - src.scrappers.google_scraper - INFO - Dados extraídos para LUTHILINE CONFECCOES: {'telefone': '(19) 3862-1625', 'facebook_link': None, 'site': None}
2026-02-10 01:16:24,014 - src.processors.async_processor - INFO - Novo registro criado: LUTHILINE CONFECCOES
2026-02-10 01:16:30,841 - __main__ - INFO - Iniciando: TRANSPORTES MOGI
2026-02-10 01:16:30,844 - src.processors.async_processor - INFO - [16/449] Processando: TRANSPORTES MOGI
2026-02-10 01:16:30,977 - src.scrappers.google_scraper - INFO - Buscando: "TRANSPORTES MOGI" Mogi Mirim
2026-02-10 01:16:39,226 - src.scrappers.google_scraper - INFO - Dados extraídos para TRANSPORTES MOGI: {'telefone': '(19) 3549-5101', 'facebook_link': 'https://www.facebook.com/edsontransportesmogi/', 'site': 'http://www.transmogi.com.br/'}
2026-02-10 01:16:39,436 - src.scrappers.facebook_scraper - INFO - Acessando Facebook: https://www.facebook.com/edsontransportesmogi/
2026-02-10 01:17:51,542 - src.scrappers.facebook_scraper - INFO - Email encontrado: contato@edsontransportes.com
2026-02-10 01:17:51,544 - src.scrappers.facebook_scraper - INFO - WhatsApp encontrado: (19) 99158-6141
2026-02-10 01:17:51,544 - src.scrappers.facebook_scraper - INFO - Dados do Facebook extraídos: {'email': 'contato@edsontransportes.com', 'celular_whatsapp': '(19) 99158-6141'}
2026-02-10 01:17:51,562 - src.processors.async_processor - INFO - Novo registro criado: TRANSPORTES MOGI
2026-02-10 01:17:57,822 - __main__ - INFO - Iniciando: INGENPLAC
2026-02-10 01:17:57,826 - src.processors.async_processor - INFO - [17/449] Processando: INGENPLAC
2026-02-10 01:17:57,966 - src.scrappers.google_scraper - INFO - Buscando: "INGENPLAC" Mogi Mirim
2026-02-10 01:18:06,081 - src.scrappers.google_scraper - INFO - Dados extraídos para INGENPLAC: {'telefone': '(19) 3814-4553', 'facebook_link': None, 'site': 'http://www.enaplic.com.br/'}
2026-02-10 01:18:06,102 - src.processors.async_processor - INFO - Novo registro criado: INGENPLAC
2026-02-10 01:18:12,199 - __main__ - INFO - Iniciando: BAR DOS AMIGOS
2026-02-10 01:18:12,203 - src.processors.async_processor - INFO - [18/449] Processando: BAR DOS AMIGOS
2026-02-10 01:18:12,360 - src.scrappers.google_scraper - INFO - Buscando: "BAR DOS AMIGOS" Mogi Mirim
2026-02-10 01:18:20,652 - src.scrappers.google_scraper - INFO - Dados extraídos para BAR DOS AMIGOS: {'telefone': '(19) 8174-6628', 'facebook_link': 'https://www.facebook.com/bardosamigosmm/', 'site': None}
2026-02-10 01:18:20,848 - src.scrappers.facebook_scraper - INFO - Acessando Facebook: https://www.facebook.com/bardosamigosmm/
2026-02-10 01:19:33,261 - src.scrappers.facebook_scraper - INFO - Email encontrado: gabriel_ferreira00@hotmail.com
2026-02-10 01:19:33,262 - src.scrappers.facebook_scraper - INFO - WhatsApp encontrado: (19) 99499-5493
2026-02-10 01:19:33,263 - src.scrappers.facebook_scraper - INFO - Dados do Facebook extraídos: {'email': 'gabriel_ferreira00@hotmail.com', 'celular_whatsapp': '(19) 99499-5493'}
2026-02-10 01:19:33,283 - src.processors.async_processor - INFO - Novo registro criado: BAR DOS AMIGOS
2026-02-10 01:19:38,000 - __main__ - INFO - Iniciando: TINA 2 CHOPP
2026-02-10 01:19:38,002 - src.processors.async_processor - INFO - [19/449] Processando: TINA 2 CHOPP
2026-02-10 01:19:38,132 - src.scrappers.google_scraper - INFO - Buscando: "TINA 2 CHOPP" Mogi Mirim
2026-02-10 01:19:46,835 - src.scrappers.google_scraper - INFO - Dados extraídos para TINA 2 CHOPP: {'telefone': '(19) 3862-5972', 'facebook_link': 'https://www.instagram.com/bardotinamogi/', 'site': 'https://linktr.ee/bardotinamogi'}
2026-02-10 01:19:47,026 - src.scrappers.facebook_scraper - INFO - Acessando Facebook: https://www.instagram.com/bardotinamogi/
2026-02-10 01:20:58,307 - src.scrappers.facebook_scraper - INFO - WhatsApp encontrado: (19) 99929-7075
2026-02-10 01:20:58,307 - src.scrappers.facebook_scraper - INFO - Dados do Facebook extraídos: {'email': None, 'celular_whatsapp': '(19) 99929-7075'}
2026-02-10 01:20:58,328 - src.processors.async_processor - INFO - Novo registro criado: TINA 2 CHOPP
2026-02-10 01:21:04,226 - __main__ - INFO - Iniciando: CASA DE REPOUSO SAO JOSE
2026-02-10 01:21:04,229 - src.processors.async_processor - INFO - [20/449] Processando: CASA DE REPOUSO SAO JOSE
2026-02-10 01:21:04,392 - src.scrappers.google_scraper - INFO - Buscando: "CASA DE REPOUSO SAO JOSE" Mogi Mirim
2026-02-10 01:21:13,524 - src.scrappers.google_scraper - INFO - Dados extraídos para CASA DE REPOUSO SAO JOSE: {'telefone': '(19) 3022-1666', 'facebook_link': None, 'site': 'https://tercadaserra.com.br/unidade/mogi-mirim/'}
2026-02-10 01:21:13,546 - src.processors.async_processor - INFO - Novo registro criado: CASA DE REPOUSO SAO JOSE
2026-02-10 01:21:17,866 - __main__ - INFO - Iniciando: FEIRINHA BOA
2026-02-10 01:21:17,869 - src.processors.async_processor - INFO - [21/449] Processando: FEIRINHA BOA
2026-02-10 01:21:18,021 - src.scrappers.google_scraper - INFO - Buscando: "FEIRINHA BOA" Mogi Mirim
2026-02-10 01:21:26,889 - src.scrappers.google_scraper - INFO - Dados extraídos para FEIRINHA BOA: {'telefone': '(19) 3862-4117', 'facebook_link': 'https://www.facebook.com/stocksupermercado.mogimirim/photos/-ter%C3%A7a-e-quarta-%C3%A9-dia-de-feira-no-stock-frutas-legumes-e-verduras-sempre-fresqui/1470861505047329/', 'site': 'https://www.mogimirim.sp.gov.br/turismo/view/19/espaco-cidadao'}
2026-02-10 01:21:27,098 - src.scrappers.facebook_scraper - INFO - Acessando Facebook: https://www.facebook.com/stocksupermercado.mogimirim/photos/-ter%C3%A7a-e-quarta-%C3%A9-dia-de-feira-no-stock-frutas-legumes-e-verduras-sempre-fresqui/1470861505047329/
2026-02-10 01:21:34,640 - src.scrappers.facebook_scraper - INFO - WhatsApp encontrado: (19) 99452-5426
2026-02-10 01:21:34,640 - src.scrappers.facebook_scraper - INFO - Dados do Facebook extraídos: {'email': None, 'celular_whatsapp': '(19) 99452-5426'}
2026-02-10 01:21:34,670 - src.processors.async_processor - INFO - Novo registro criado: FEIRINHA BOA
2026-02-10 01:21:41,025 - __main__ - INFO - Iniciando: POLLIART
2026-02-10 01:21:41,028 - src.processors.async_processor - INFO - [22/449] Processando: POLLIART
2026-02-10 01:21:41,171 - src.scrappers.google_scraper - INFO - Buscando: "POLLIART" Mogi Mirim
2026-02-10 01:21:49,406 - src.scrappers.google_scraper - INFO - Dados extraídos para POLLIART: {'telefone': '(19) 99169-9072', 'facebook_link': 'https://www.instagram.com/poliart_gr/', 'site': 'https://grscore.com.br/site/pesquisaAtletas'}
2026-02-10 01:21:49,633 - src.scrappers.facebook_scraper - INFO - Acessando Facebook: https://www.instagram.com/poliart_gr/
2026-02-10 01:23:00,892 - src.scrappers.facebook_scraper - INFO - WhatsApp encontrado: (19) 99169-9072
2026-02-10 01:23:00,892 - src.scrappers.facebook_scraper - INFO - Dados do Facebook extraídos: {'email': None, 'celular_whatsapp': '(19) 99169-9072'}
2026-02-10 01:23:00,912 - src.processors.async_processor - INFO - Novo registro criado: POLLIART
2026-02-10 01:23:05,243 - __main__ - INFO - Iniciando: MINI-MERCADO IMPRENSA
2026-02-10 01:23:05,247 - src.processors.async_processor - INFO - [23/449] Processando: MINI-MERCADO IMPRENSA
2026-02-10 01:23:05,441 - src.scrappers.google_scraper - INFO - Buscando: "MINI-MERCADO IMPRENSA" Mogi Mirim
2026-02-10 01:23:13,953 - src.scrappers.google_scraper - INFO - Dados extraídos para MINI-MERCADO IMPRENSA: {'telefone': '(19) 3805-2005', 'facebook_link': None, 'site': None}
2026-02-10 01:23:13,974 - src.processors.async_processor - INFO - Novo registro criado: MINI-MERCADO IMPRENSA
2026-02-10 01:23:18,787 - __main__ - INFO - Iniciando: ALTAS HORAS
2026-02-10 01:23:18,790 - src.processors.async_processor - INFO - [24/449] Processando: ALTAS HORAS
2026-02-10 01:23:18,940 - src.scrappers.google_scraper - INFO - Buscando: "ALTAS HORAS" Mogi Mirim
2026-02-10 01:23:28,658 - src.scrappers.google_scraper - INFO - Dados extraídos para ALTAS HORAS: {'telefone': '(19) 3831-1512', 'facebook_link': 'https://www.instagram.com/reel/DULGc04kugU/', 'site': 'http://www.altashorasbeer.com.br/'}
2026-02-10 01:23:28,861 - src.scrappers.facebook_scraper - INFO - Acessando Facebook: https://www.instagram.com/reel/DULGc04kugU/
2026-02-10 01:24:41,274 - src.scrappers.facebook_scraper - INFO - WhatsApp encontrado: (19) 99452-5426
2026-02-10 01:24:41,275 - src.scrappers.facebook_scraper - INFO - Dados do Facebook extraídos: {'email': None, 'celular_whatsapp': '(19) 99452-5426'}
2026-02-10 01:24:41,297 - src.processors.async_processor - INFO - Novo registro criado: ALTAS HORAS
2026-02-10 01:24:47,178 - __main__ - INFO - Iniciando: IGREJA EVANGELICA ASSEMBLEIA DE DEUS MINISTERIO BELEM
2026-02-10 01:24:47,180 - src.processors.async_processor - INFO - [25/449] Processando: IGREJA EVANGELICA ASSEMBLEIA DE DEUS MINISTERIO BELEM
2026-02-10 01:24:47,365 - src.scrappers.google_scraper - INFO - Buscando: "IGREJA EVANGELICA ASSEMBLEIA DE DEUS MINISTERIO BELEM" Mogi Mirim
2026-02-10 01:24:56,939 - src.scrappers.google_scraper - INFO - Dados extraídos para IGREJA EVANGELICA ASSEMBLEIA DE DEUS MINISTERIO BELEM: {'telefone': '(19) 3804-1066', 'facebook_link': 'https://instagram.com/adbelemlaranjeiras1', 'site': None}
2026-02-10 01:24:57,161 - src.scrappers.facebook_scraper - INFO - Acessando Facebook: https://instagram.com/adbelemlaranjeiras1
2026-02-10 01:25:04,570 - src.scrappers.facebook_scraper - INFO - WhatsApp encontrado: (19) 99452-5426
2026-02-10 01:25:04,570 - src.scrappers.facebook_scraper - INFO - Dados do Facebook extraídos: {'email': None, 'celular_whatsapp': '(19) 99452-5426'}
2026-02-10 01:25:04,593 - src.processors.async_processor - INFO - Novo registro criado: IGREJA EVANGELICA ASSEMBLEIA DE DEUS MINISTERIO BELEM
2026-02-10 01:25:09,653 - __main__ - INFO - Iniciando: MIL MIDIAS ENTRETENIMENTO
2026-02-10 01:25:09,667 - src.processors.async_processor - INFO - [26/449] Processando: MIL MIDIAS ENTRETENIMENTO
2026-02-10 01:25:09,817 - src.scrappers.google_scraper - INFO - Buscando: "MIL MIDIAS ENTRETENIMENTO" Mogi Mirim
2026-02-10 01:25:18,019 - src.scrappers.google_scraper - INFO - Dados extraídos para MIL MIDIAS ENTRETENIMENTO: {'telefone': '8997-8449', 'facebook_link': None, 'site': None}
2026-02-10 01:25:18,043 - src.processors.async_processor - INFO - Novo registro criado: MIL MIDIAS ENTRETENIMENTO
2026-02-10 01:25:22,428 - __main__ - INFO - Iniciando: PJ TINTAS
2026-02-10 01:25:22,432 - src.processors.async_processor - INFO - [27/449] Processando: PJ TINTAS
2026-02-10 01:25:22,592 - src.scrappers.google_scraper - INFO - Buscando: "PJ TINTAS" Mogi Mirim
2026-02-10 01:25:30,716 - src.scrappers.google_scraper - INFO - Dados extraídos para PJ TINTAS: {'telefone': '(19) 3806-3000', 'facebook_link': 'https://www.facebook.com/depieri/', 'site': None}
2026-02-10 01:25:30,896 - src.scrappers.facebook_scraper - INFO - Acessando Facebook: https://www.facebook.com/depieri/
2026-02-10 01:26:43,563 - src.scrappers.facebook_scraper - INFO - Email encontrado: contato@depieri.com.br
2026-02-10 01:26:43,566 - src.scrappers.facebook_scraper - INFO - WhatsApp encontrado: (19) 92406-1943
2026-02-10 01:26:43,566 - src.scrappers.facebook_scraper - INFO - Dados do Facebook extraídos: {'email': 'contato@depieri.com.br', 'celular_whatsapp': '(19) 92406-1943'}
2026-02-10 01:26:43,588 - src.processors.async_processor - INFO - Novo registro criado: PJ TINTAS
2026-02-10 01:26:47,163 - __main__ - INFO - Iniciando: AGATHA BAZAR
2026-02-10 01:26:47,166 - src.processors.async_processor - INFO - [28/449] Processando: AGATHA BAZAR
2026-02-10 01:26:47,323 - src.scrappers.google_scraper - INFO - Buscando: "AGATHA BAZAR" Mogi Mirim
2026-02-10 01:26:55,047 - src.scrappers.google_scraper - INFO - Dados extraídos para AGATHA BAZAR: {'telefone': '8997-8449', 'facebook_link': None, 'site': None}
2026-02-10 01:26:55,067 - src.processors.async_processor - INFO - Novo registro criado: AGATHA BAZAR
2026-02-10 01:27:01,030 - __main__ - INFO - Iniciando: TOK - LAR
2026-02-10 01:27:01,034 - src.processors.async_processor - INFO - [29/449] Processando: TOK - LAR
2026-02-10 01:27:01,216 - src.scrappers.google_scraper - INFO - Buscando: "TOK - LAR" Mogi Mirim
2026-02-10 01:27:09,631 - src.scrappers.google_scraper - INFO - Dados extraídos para TOK - LAR: {'telefone': '(19) 3862-4500', 'facebook_link': 'https://www.instagram.com/tintastoklar/reels/', 'site': None}
2026-02-10 01:27:09,833 - src.scrappers.facebook_scraper - INFO - Acessando Facebook: https://www.instagram.com/tintastoklar/reels/
2026-02-10 01:28:21,122 - src.scrappers.facebook_scraper - INFO - WhatsApp encontrado: (19) 99452-5426
2026-02-10 01:28:21,122 - src.scrappers.facebook_scraper - INFO - Dados do Facebook extraídos: {'email': None, 'celular_whatsapp': '(19) 99452-5426'}
2026-02-10 01:28:21,143 - src.processors.async_processor - INFO - Novo registro criado: TOK - LAR
2026-02-10 01:28:24,423 - __main__ - INFO - Iniciando: BAR DOS AMIGOS
2026-02-10 01:28:24,424 - src.processors.async_processor - INFO - [30/449] Processando: BAR DOS AMIGOS
2026-02-10 01:28:24,555 - src.scrappers.google_scraper - INFO - Buscando: "BAR DOS AMIGOS" Mogi Mirim
2026-02-10 01:28:33,159 - src.scrappers.google_scraper - INFO - Dados extraídos para BAR DOS AMIGOS: {'telefone': '8997-8449', 'facebook_link': 'https://www.facebook.com/bardosamigosmm/', 'site': None}
2026-02-10 01:28:33,391 - src.scrappers.facebook_scraper - INFO - Acessando Facebook: https://www.facebook.com/bardosamigosmm/
2026-02-10 01:29:44,908 - src.scrappers.facebook_scraper - INFO - Email encontrado: gabriel_ferreira00@hotmail.com
2026-02-10 01:29:44,909 - src.scrappers.facebook_scraper - INFO - WhatsApp encontrado: (19) 99499-5493
2026-02-10 01:29:44,911 - src.scrappers.facebook_scraper - INFO - Dados do Facebook extraídos: {'email': 'gabriel_ferreira00@hotmail.com', 'celular_whatsapp': '(19) 99499-5493'}
2026-02-10 01:29:44,933 - src.processors.async_processor - INFO - Registro atualizado: BAR DOS AMIGOS
2026-02-10 01:29:52,289 - __main__ - INFO - Iniciando: QUISPUMA
2026-02-10 01:29:52,292 - src.processors.async_processor - INFO - [31/449] Processando: QUISPUMA
2026-02-10 01:29:52,464 - src.scrappers.google_scraper - INFO - Buscando: "QUISPUMA" Mogi Mirim
2026-02-10 01:30:00,917 - src.scrappers.google_scraper - INFO - Dados extraídos para QUISPUMA: {'telefone': '8997-8449', 'facebook_link': None, 'site': None}
2026-02-10 01:30:00,936 - src.processors.async_processor - INFO - Novo registro criado: QUISPUMA
2026-02-10 01:30:07,461 - __main__ - INFO - Iniciando: CASA DA SOGRA
2026-02-10 01:30:07,464 - src.processors.async_processor - INFO - [32/449] Processando: CASA DA SOGRA
2026-02-10 01:30:07,635 - src.scrappers.google_scraper - INFO - Buscando: "CASA DA SOGRA" Mogi Mirim
2026-02-10 01:30:15,898 - src.scrappers.google_scraper - INFO - Dados extraídos para CASA DA SOGRA: {'telefone': '(19) 3804-4034', 'facebook_link': 'https://www.instagram.com/reel/DJoo9nFNDsr/', 'site': None}
2026-02-10 01:30:16,124 - src.scrappers.facebook_scraper - INFO - Acessando Facebook: https://www.instagram.com/reel/DJoo9nFNDsr/
2026-02-10 01:31:27,765 - src.scrappers.facebook_scraper - INFO - WhatsApp encontrado: (19) 99452-5426
2026-02-10 01:31:27,765 - src.scrappers.facebook_scraper - INFO - Dados do Facebook extraídos: {'email': None, 'celular_whatsapp': '(19) 99452-5426'}
2026-02-10 01:31:27,791 - src.processors.async_processor - INFO - Novo registro criado: CASA DA SOGRA
2026-02-10 01:31:32,914 - __main__ - INFO - Iniciando: NEUROLOGIA E NEUROCIRURGIA DE MOGI MRIM
2026-02-10 01:31:32,920 - src.processors.async_processor - INFO - [33/449] Processando: NEUROLOGIA E NEUROCIRURGIA DE MOGI MRIM
2026-02-10 01:31:33,089 - src.scrappers.google_scraper - INFO - Buscando: "NEUROLOGIA E NEUROCIRURGIA DE MOGI MRIM" Mogi Mirim
2026-02-10 01:31:42,033 - src.scrappers.google_scraper - INFO - Dados extraídos para NEUROLOGIA E NEUROCIRURGIA DE MOGI MRIM: {'telefone': '(19) 3805-5007', 'facebook_link': 'https://www.instagram.com/reel/C5To1JZuCOx/', 'site': 'https://neuroh22.com.br/'}
2026-02-10 01:31:42,295 - src.scrappers.facebook_scraper - INFO - Acessando Facebook: https://www.instagram.com/reel/C5To1JZuCOx/
2026-02-10 01:32:54,031 - src.scrappers.facebook_scraper - INFO - WhatsApp encontrado: (19) 99452-5426
2026-02-10 01:32:54,031 - src.scrappers.facebook_scraper - INFO - Dados do Facebook extraídos: {'email': None, 'celular_whatsapp': '(19) 99452-5426'}
2026-02-10 01:32:54,055 - src.processors.async_processor - INFO - Novo registro criado: NEUROLOGIA E NEUROCIRURGIA DE MOGI MRIM
2026-02-10 01:32:59,365 - __main__ - INFO - Iniciando: MANANCIAL AGUA RAPIDA
2026-02-10 01:32:59,368 - src.processors.async_processor - INFO - [34/449] Processando: MANANCIAL AGUA RAPIDA
2026-02-10 01:32:59,525 - src.scrappers.google_scraper - INFO - Buscando: "MANANCIAL AGUA RAPIDA" Mogi Mirim
2026-02-10 01:33:07,257 - src.scrappers.google_scraper - INFO - Dados extraídos para MANANCIAL AGUA RAPIDA: {'telefone': '8997-8449', 'facebook_link': None, 'site': 'https://www.econodata.com.br/consulta-empresa/05980389000100-silvana-maria-coser-morari'}
2026-02-10 01:33:07,280 - src.processors.async_processor - INFO - Novo registro criado: MANANCIAL AGUA RAPIDA
2026-02-10 01:33:11,965 - __main__ - INFO - Iniciando: VISUAL FILM
2026-02-10 01:33:11,968 - src.processors.async_processor - INFO - [35/449] Processando: VISUAL FILM
2026-02-10 01:33:12,128 - src.scrappers.google_scraper - INFO - Buscando: "VISUAL FILM" Mogi Mirim
2026-02-10 01:33:21,892 - src.scrappers.google_scraper - INFO - Dados extraídos para VISUAL FILM: {'telefone': '(19) 1384-1855', 'facebook_link': None, 'site': None}
2026-02-10 01:33:21,915 - src.processors.async_processor - INFO - Novo registro criado: VISUAL FILM
2026-02-10 01:33:25,637 - __main__ - INFO - Iniciando: SUCOS & CIA
2026-02-10 01:33:25,639 - src.processors.async_processor - INFO - [36/449] Processando: SUCOS & CIA
2026-02-10 01:33:25,754 - src.scrappers.google_scraper - INFO - Buscando: "SUCOS & CIA" Mogi Mirim
2026-02-10 01:33:38,436 - src.scrappers.google_scraper - INFO - Dados extraídos para SUCOS & CIA: {'telefone': '(19) 2092-8955', 'facebook_link': 'https://www.instagram.com/reel/DRExylADu-D/', 'site': None}
2026-02-10 01:33:38,691 - src.scrappers.facebook_scraper - INFO - Acessando Facebook: https://www.instagram.com/reel/DRExylADu-D/
2026-02-10 01:34:51,048 - src.scrappers.facebook_scraper - INFO - WhatsApp encontrado: (19) 99452-5426
2026-02-10 01:34:51,049 - src.scrappers.facebook_scraper - INFO - Dados do Facebook extraídos: {'email': None, 'celular_whatsapp': '(19) 99452-5426'}
2026-02-10 01:34:51,071 - src.processors.async_processor - INFO - Novo registro criado: SUCOS & CIA
2026-02-10 01:34:54,475 - __main__ - INFO - Iniciando: BAR E LANCHONETE CACULA
2026-02-10 01:34:54,478 - src.processors.async_processor - INFO - [37/449] Processando: BAR E LANCHONETE CACULA
2026-02-10 01:34:54,632 - src.scrappers.google_scraper - INFO - Buscando: "BAR E LANCHONETE CACULA" Mogi Mirim
2026-02-10 01:35:04,373 - src.scrappers.google_scraper - INFO - Dados extraídos para BAR E LANCHONETE CACULA: {'telefone': '(19) 3805-3125', 'facebook_link': None, 'site': None}
2026-02-10 01:35:04,397 - src.processors.async_processor - INFO - Novo registro criado: BAR E LANCHONETE CACULA
2026-02-10 01:35:11,107 - __main__ - INFO - Iniciando: JOVEM BAR
2026-02-10 01:35:11,123 - src.processors.async_processor - INFO - [38/449] Processando: JOVEM BAR
2026-02-10 01:35:11,248 - src.scrappers.google_scraper - INFO - Buscando: "JOVEM BAR" Mogi Mirim
2026-02-10 01:35:19,748 - src.scrappers.google_scraper - INFO - Dados extraídos para JOVEM BAR: {'telefone': '(19) 3806-4376', 'facebook_link': 'https://www.instagram.com/adegamogi/', 'site': 'https://paginaamarela.com.br/empresa/jovem-bar/mogi-mirim/sp/10436371'}
2026-02-10 01:35:19,918 - src.scrappers.facebook_scraper - INFO - Acessando Facebook: https://www.instagram.com/adegamogi/
2026-02-10 01:36:30,971 - src.scrappers.facebook_scraper - INFO - WhatsApp encontrado: (19) 98806-8270
2026-02-10 01:36:30,971 - src.scrappers.facebook_scraper - INFO - Dados do Facebook extraídos: {'email': None, 'celular_whatsapp': '(19) 98806-8270'}
2026-02-10 01:36:30,994 - src.processors.async_processor - INFO - Novo registro criado: JOVEM BAR
2026-02-10 01:36:37,914 - __main__ - INFO - Iniciando: A&D
2026-02-10 01:36:37,919 - src.processors.async_processor - INFO - [39/449] Processando: A&D
2026-02-10 01:36:38,070 - src.scrappers.google_scraper - INFO - Buscando: "A&D" Mogi Mirim
2026-02-10 01:36:47,624 - src.scrappers.google_scraper - INFO - Dados extraídos para A&D: {'telefone': '(19) 2092-8955', 'facebook_link': 'https://www.facebook.com/hokinet.internet/videos/a-wikip%C3%A9dia-foi-criada-em-janeiro-de-2001-por-jimmy-wales-e-larry-sanger-como-um/1133465891114084/', 'site': 'https://agenciabrasil.ebc.com.br/geral/noticia/2026-01/wikipedia-chega-aos-25-anos-entre-os-10-sites-mais-acessados-do-mundo#:~:text=Armazenando%20mais%20de%2066%20milh%C3%B5es,sites%20mais%20acessados%20do%20planeta.'}
2026-02-10 01:36:47,891 - src.scrappers.facebook_scraper - INFO - Acessando Facebook: https://www.facebook.com/hokinet.internet/videos/a-wikip%C3%A9dia-foi-criada-em-janeiro-de-2001-por-jimmy-wales-e-larry-sanger-como-um/1133465891114084/
2026-02-10 01:37:28,620 - src.scrappers.facebook_scraper - INFO - WhatsApp encontrado: (19) 99452-5426
2026-02-10 01:37:28,621 - src.scrappers.facebook_scraper - INFO - Dados do Facebook extraídos: {'email': None, 'celular_whatsapp': '(19) 99452-5426'}
2026-02-10 01:37:28,653 - src.processors.async_processor - INFO - Novo registro criado: A&D
2026-02-10 01:37:35,923 - __main__ - INFO - Iniciando: LANCHONETE E PASTELARIA UNIAO
2026-02-10 01:37:35,926 - src.processors.async_processor - INFO - [40/449] Processando: LANCHONETE E PASTELARIA UNIAO
2026-02-10 01:37:36,074 - src.scrappers.google_scraper - INFO - Buscando: "LANCHONETE E PASTELARIA UNIAO" Mogi Mirim
2026-02-10 01:37:43,838 - src.scrappers.google_scraper - INFO - Dados extraídos para LANCHONETE E PASTELARIA UNIAO: {'telefone': '8997-8449', 'facebook_link': None, 'site': None}
2026-02-10 01:37:43,864 - src.processors.async_processor - INFO - Novo registro criado: LANCHONETE E PASTELARIA UNIAO
2026-02-10 01:37:47,322 - __main__ - INFO - Iniciando: CASA SILVESTRE
2026-02-10 01:37:47,327 - src.processors.async_processor - INFO - [41/449] Processando: CASA SILVESTRE
2026-02-10 01:37:47,478 - src.scrappers.google_scraper - INFO - Buscando: "CASA SILVESTRE" Mogi Mirim
2026-02-10 01:37:55,232 - src.scrappers.google_scraper - INFO - Dados extraídos para CASA SILVESTRE: {'telefone': '(19) 98183-2440', 'facebook_link': None, 'site': 'http://www.silvestrealimentos.com.br/'}
2026-02-10 01:37:55,251 - src.processors.async_processor - INFO - Novo registro criado: CASA SILVESTRE
2026-02-10 01:38:00,320 - __main__ - INFO - Iniciando: AGROPECUARIA RETORNO
2026-02-10 01:38:00,323 - src.processors.async_processor - INFO - [42/449] Processando: AGROPECUARIA RETORNO
2026-02-10 01:38:00,478 - src.scrappers.google_scraper - INFO - Buscando: "AGROPECUARIA RETORNO" Mogi Mirim
2026-02-10 01:38:08,851 - src.scrappers.google_scraper - INFO - Dados extraídos para AGROPECUARIA RETORNO: {'telefone': '(19) 3805-4282', 'facebook_link': None, 'site': 'https://paginaamarela.com.br/empresa/agropecuaria-retorno/mogi-mirim/sp/10240983'}
2026-02-10 01:38:08,875 - src.processors.async_processor - INFO - Novo registro criado: AGROPECUARIA RETORNO
2026-02-10 01:38:14,173 - __main__ - INFO - Iniciando: BAZAR TANIA
2026-02-10 01:38:14,175 - src.processors.async_processor - INFO - [43/449] Processando: BAZAR TANIA
2026-02-10 01:38:14,309 - src.scrappers.google_scraper - INFO - Buscando: "BAZAR TANIA" Mogi Mirim
2026-02-10 01:38:23,734 - src.scrappers.google_scraper - INFO - Dados extraídos para BAZAR TANIA: {'telefone': '(19) 3805-4213', 'facebook_link': 'https://www.instagram.com/bazar.das.costureiras', 'site': None}
2026-02-10 01:38:23,985 - src.scrappers.facebook_scraper - INFO - Acessando Facebook: https://www.instagram.com/bazar.das.costureiras
2026-02-10 01:39:35,370 - src.scrappers.facebook_scraper - INFO - WhatsApp encontrado: (19) 91002-3129
2026-02-10 01:39:35,370 - src.scrappers.facebook_scraper - INFO - Dados do Facebook extraídos: {'email': None, 'celular_whatsapp': '(19) 91002-3129'}
2026-02-10 01:39:35,389 - src.processors.async_processor - INFO - Novo registro criado: BAZAR TANIA
2026-02-10 01:39:42,117 - __main__ - INFO - Iniciando: PANAVIDEO
2026-02-10 01:39:42,120 - src.processors.async_processor - INFO - [44/449] Processando: PANAVIDEO
2026-02-10 01:39:42,284 - src.scrappers.google_scraper - INFO - Buscando: "PANAVIDEO" Mogi Mirim
2026-02-10 01:39:51,639 - src.scrappers.google_scraper - INFO - Dados extraídos para PANAVIDEO: {'telefone': '(19) 3806-2644', 'facebook_link': None, 'site': None}
2026-02-10 01:39:51,665 - src.processors.async_processor - INFO - Novo registro criado: PANAVIDEO
2026-02-10 01:39:58,260 - __main__ - INFO - Iniciando: COMUNIDADE TORRE FORTE
2026-02-10 01:39:58,263 - src.processors.async_processor - INFO - [45/449] Processando: COMUNIDADE TORRE FORTE
2026-02-10 01:39:58,449 - src.scrappers.google_scraper - INFO - Buscando: "COMUNIDADE TORRE FORTE" Mogi Mirim
2026-02-10 01:40:08,163 - src.scrappers.google_scraper - INFO - Dados extraídos para COMUNIDADE TORRE FORTE: {'telefone': '(19) 7738-0944', 'facebook_link': 'https://www.instagram.com/danielf.meirelles/', 'site': None}
2026-02-10 01:40:08,371 - src.scrappers.facebook_scraper - INFO - Acessando Facebook: https://www.instagram.com/danielf.meirelles/
2026-02-10 01:41:19,582 - src.scrappers.facebook_scraper - INFO - WhatsApp encontrado: (19) 99023-2539
2026-02-10 01:41:19,583 - src.scrappers.facebook_scraper - INFO - Dados do Facebook extraídos: {'email': None, 'celular_whatsapp': '(19) 99023-2539'}
2026-02-10 01:41:19,603 - src.processors.async_processor - INFO - Novo registro criado: COMUNIDADE TORRE FORTE
2026-02-10 01:41:26,413 - __main__ - INFO - Iniciando: PIC PIC
2026-02-10 01:41:26,416 - src.processors.async_processor - INFO - [46/449] Processando: PIC PIC
2026-02-10 01:41:26,589 - src.scrappers.google_scraper - INFO - Buscando: "PIC PIC" Mogi Mirim
2026-02-10 01:41:35,018 - src.scrappers.google_scraper - INFO - Dados extraídos para PIC PIC: {'telefone': '(19) 99134-1224', 'facebook_link': 'https://www.instagram.com/reel/DK22UXzO5uG/', 'site': 'https://www.reclameaqui.com.br//baloes-pic-pic-riberball/baloes-de-festa-de-ma-qualidade_vC8WG0AGPigrQ1Oh/'}
2026-02-10 01:41:35,211 - src.scrappers.facebook_scraper - INFO - Acessando Facebook: https://www.instagram.com/reel/DK22UXzO5uG/
2026-02-10 01:42:47,496 - src.scrappers.facebook_scraper - INFO - WhatsApp encontrado: (19) 99452-5426
2026-02-10 01:42:47,496 - src.scrappers.facebook_scraper - INFO - Dados do Facebook extraídos: {'email': None, 'celular_whatsapp': '(19) 99452-5426'}
2026-02-10 01:42:47,517 - src.processors.async_processor - INFO - Novo registro criado: PIC PIC
2026-02-10 01:42:52,886 - __main__ - INFO - Iniciando: MIVI
2026-02-10 01:42:52,894 - src.processors.async_processor - INFO - [47/449] Processando: MIVI
2026-02-10 01:42:53,027 - src.scrappers.google_scraper - INFO - Buscando: "MIVI" Mogi Mirim
2026-02-10 01:43:02,509 - src.scrappers.google_scraper - INFO - Dados extraídos para MIVI: {'telefone': '8997-8449', 'facebook_link': 'https://www.instagram.com/reel/DUTYn89iYcW/', 'site': None}
2026-02-10 01:43:02,721 - src.scrappers.facebook_scraper - INFO - Acessando Facebook: https://www.instagram.com/reel/DUTYn89iYcW/
2026-02-10 01:44:14,209 - src.scrappers.facebook_scraper - INFO - WhatsApp encontrado: (19) 99452-5426
2026-02-10 01:44:14,209 - src.scrappers.facebook_scraper - INFO - Dados do Facebook extraídos: {'email': None, 'celular_whatsapp': '(19) 99452-5426'}
2026-02-10 01:44:14,234 - src.processors.async_processor - INFO - Novo registro criado: MIVI
2026-02-10 01:44:20,304 - __main__ - INFO - Iniciando: PRO INSIGHT
2026-02-10 01:44:20,307 - src.processors.async_processor - INFO - [48/449] Processando: PRO INSIGHT
2026-02-10 01:44:20,465 - src.scrappers.google_scraper - INFO - Buscando: "PRO INSIGHT" Mogi Mirim
2026-02-10 01:44:29,102 - src.scrappers.google_scraper - INFO - Dados extraídos para PRO INSIGHT: {'telefone': '8997-8449', 'facebook_link': None, 'site': None}
2026-02-10 01:44:29,125 - src.processors.async_processor - INFO - Novo registro criado: PRO INSIGHT
2026-02-10 01:44:36,167 - __main__ - INFO - Iniciando: LUCIA JOIAS
2026-02-10 01:44:36,171 - src.processors.async_processor - INFO - [49/449] Processando: LUCIA JOIAS
2026-02-10 01:44:36,329 - src.scrappers.google_scraper - INFO - Buscando: "LUCIA JOIAS" Mogi Mirim
2026-02-10 01:44:45,238 - src.scrappers.google_scraper - INFO - Dados extraídos para LUCIA JOIAS: {'telefone': '(19) 3806-3492', 'facebook_link': 'https://www.instagram.com/joiascarlosdovigo/', 'site': None}
2026-02-10 01:44:45,453 - src.scrappers.facebook_scraper - INFO - Acessando Facebook: https://www.instagram.com/joiascarlosdovigo/
2026-02-10 01:44:55,209 - src.scrappers.facebook_scraper - INFO - Navegou para seção Sobre
2026-02-10 01:44:57,357 - src.scrappers.facebook_scraper - INFO - WhatsApp encontrado: (19) 99962-5069
2026-02-10 01:44:57,358 - src.scrappers.facebook_scraper - INFO - Dados do Facebook extraídos: {'email': None, 'celular_whatsapp': '(19) 99962-5069'}
2026-02-10 01:44:57,372 - src.processors.async_processor - INFO - Novo registro criado: LUCIA JOIAS
2026-02-10 01:45:02,100 - __main__ - INFO - Iniciando: FEMECAP
2026-02-10 01:45:02,104 - src.processors.async_processor - INFO - [50/449] Processando: FEMECAP
2026-02-10 01:45:02,199 - src.scrappers.google_scraper - INFO - Buscando: "FEMECAP" Mogi Mirim
2026-02-10 01:45:11,194 - src.scrappers.google_scraper - INFO - Dados extraídos para FEMECAP: {'telefone': '8997-8449', 'facebook_link': None, 'site': None}
2026-02-10 01:45:11,224 - src.processors.async_processor - INFO - Novo registro criado: FEMECAP
2026-02-10 01:45:16,652 - __main__ - INFO - Iniciando: CONCRELIX S/A ENGENHARIA DE CONCRETO
2026-02-10 01:45:16,662 - src.processors.async_processor - INFO - [51/449] Processando: CONCRELIX S/A ENGENHARIA DE CONCRETO
2026-02-10 01:45:16,745 - src.scrappers.google_scraper - INFO - Buscando: "CONCRELIX S/A ENGENHARIA DE CONCRETO" Mogi Mirim
2026-02-10 01:45:25,006 - src.scrappers.google_scraper - INFO - Dados extraídos para CONCRELIX S/A ENGENHARIA DE CONCRETO: {'telefone': '(19) 3806-3122', 'facebook_link': None, 'site': 'http://www.polimix.com.br/'}
2026-02-10 01:45:25,032 - src.processors.async_processor - INFO - Novo registro criado: CONCRELIX S/A ENGENHARIA DE CONCRETO
2026-02-10 01:45:29,097 - __main__ - INFO - Iniciando: SERRALHERIA ROBERTO
2026-02-10 01:45:29,099 - src.processors.async_processor - INFO - [52/449] Processando: SERRALHERIA ROBERTO
2026-02-10 01:45:29,192 - src.scrappers.google_scraper - INFO - Buscando: "SERRALHERIA ROBERTO" Mogi Mirim
2026-02-10 01:45:37,300 - src.scrappers.google_scraper - INFO - Dados extraídos para SERRALHERIA ROBERTO: {'telefone': '(19) 3806-2147', 'facebook_link': None, 'site': 'https://heylink.me/serralheria_rabello'}
2026-02-10 01:45:37,327 - src.processors.async_processor - INFO - Novo registro criado: SERRALHERIA ROBERTO
2026-02-10 01:45:43,588 - __main__ - INFO - Iniciando: MAE RAINHA
2026-02-10 01:45:43,591 - src.processors.async_processor - INFO - [53/449] Processando: MAE RAINHA
2026-02-10 01:45:43,680 - src.scrappers.google_scraper - INFO - Buscando: "MAE RAINHA" Mogi Mirim
2026-02-10 01:45:52,643 - src.scrappers.google_scraper - INFO - Dados extraídos para MAE RAINHA: {'telefone': '(19) 2092-8955', 'facebook_link': 'https://www.instagram.com/reel/DNxrfQmYs1i/', 'site': 'https://www.ifood.com.br/delivery/mogi-mirim-sp/pastelaria-mae-rainha-vila-universitaria/f89bcb05-7e90-48f7-9883-b88dc7b1da84?UTM_Medium=share'}
2026-02-10 01:45:52,754 - src.scrappers.facebook_scraper - INFO - Acessando Facebook: https://www.instagram.com/reel/DNxrfQmYs1i/
2026-02-10 01:47:04,100 - src.scrappers.facebook_scraper - INFO - WhatsApp encontrado: (19) 99452-5426
2026-02-10 01:47:04,101 - src.scrappers.facebook_scraper - INFO - Dados do Facebook extraídos: {'email': None, 'celular_whatsapp': '(19) 99452-5426'}
2026-02-10 01:47:04,124 - src.processors.async_processor - INFO - Novo registro criado: MAE RAINHA
2026-02-10 01:47:09,921 - __main__ - INFO - Iniciando: BAR E MERCEARIA BARBOSA
2026-02-10 01:47:09,931 - src.processors.async_processor - INFO - [54/449] Processando: BAR E MERCEARIA BARBOSA
2026-02-10 01:47:10,090 - src.scrappers.google_scraper - INFO - Buscando: "BAR E MERCEARIA BARBOSA" Mogi Mirim
2026-02-10 01:47:18,466 - src.scrappers.google_scraper - INFO - Dados extraídos para BAR E MERCEARIA BARBOSA: {'telefone': '8997-8449', 'facebook_link': None, 'site': 'https://www.consultascnpj.com/sitemap_2019/sitemap71.txt'}
2026-02-10 01:47:18,486 - src.processors.async_processor - INFO - Novo registro criado: BAR E MERCEARIA BARBOSA
2026-02-10 01:47:25,060 - __main__ - INFO - Iniciando: NEED COMPUTACAO
2026-02-10 01:47:25,076 - src.processors.async_processor - INFO - [55/449] Processando: NEED COMPUTACAO
2026-02-10 01:47:25,207 - src.scrappers.google_scraper - INFO - Buscando: "NEED COMPUTACAO" Mogi Mirim
2026-02-10 01:47:33,475 - src.scrappers.google_scraper - INFO - Dados extraídos para NEED COMPUTACAO: {'telefone': '8997-8449', 'facebook_link': None, 'site': None}
2026-02-10 01:47:33,498 - src.processors.async_processor - INFO - Novo registro criado: NEED COMPUTACAO
2026-02-10 01:47:36,856 - __main__ - INFO - Iniciando: PLAYOFF
2026-02-10 01:47:36,865 - src.processors.async_processor - INFO - [56/449] Processando: PLAYOFF
2026-02-10 01:47:37,030 - src.scrappers.google_scraper - INFO - Buscando: "PLAYOFF" Mogi Mirim
2026-02-10 01:47:45,358 - src.scrappers.google_scraper - INFO - Dados extraídos para PLAYOFF: {'telefone': '(19) 12024-0463', 'facebook_link': 'https://www.facebook.com/camizetando/photos/acabou-de-sair-em-parceria-com-a-playoff-confec%C3%A7%C3%B5esencomende-a-sua-produzimos-ta/639264792843715/', 'site': None}
2026-02-10 01:47:45,556 - src.scrappers.facebook_scraper - INFO - Acessando Facebook: https://www.facebook.com/camizetando/photos/acabou-de-sair-em-parceria-com-a-playoff-confec%C3%A7%C3%B5esencomende-a-sua-produzimos-ta/639264792843715/
2026-02-10 01:47:52,858 - src.scrappers.facebook_scraper - INFO - WhatsApp encontrado: (19) 99452-5426
2026-02-10 01:47:52,858 - src.scrappers.facebook_scraper - INFO - Dados do Facebook extraídos: {'email': None, 'celular_whatsapp': '(19) 99452-5426'}
2026-02-10 01:47:52,880 - src.processors.async_processor - INFO - Novo registro criado: PLAYOFF
2026-02-10 01:47:59,777 - __main__ - INFO - Iniciando: ARTEMCASA ARTESANATO E ARTIGOS DE PAPELARIA EM GERAL
2026-02-10 01:47:59,782 - src.processors.async_processor - INFO - [57/449] Processando: ARTEMCASA ARTESANATO E ARTIGOS DE PAPELARIA EM GERAL
2026-02-10 01:47:59,919 - src.scrappers.google_scraper - INFO - Buscando: "ARTEMCASA ARTESANATO E ARTIGOS DE PAPELARIA EM GERAL" Mogi Mirim
2026-02-10 01:48:08,856 - src.scrappers.google_scraper - INFO - Dados extraídos para ARTEMCASA ARTESANATO E ARTIGOS DE PAPELARIA EM GERAL: {'telefone': '(19) 3806-2806', 'facebook_link': None, 'site': None}
2026-02-10 01:48:08,881 - src.processors.async_processor - INFO - Novo registro criado: ARTEMCASA ARTESANATO E ARTIGOS DE PAPELARIA EM GERAL
2026-02-10 01:48:15,260 - __main__ - INFO - Iniciando: ART WINE
2026-02-10 01:48:15,263 - src.processors.async_processor - INFO - [58/449] Processando: ART WINE
2026-02-10 01:48:15,411 - src.scrappers.google_scraper - INFO - Buscando: "ART WINE" Mogi Mirim
2026-02-10 01:48:24,232 - src.scrappers.google_scraper - INFO - Dados extraídos para ART WINE: {'telefone': '(19) 3862-2627', 'facebook_link': 'https://www.instagram.com/reel/DRVcSNvkZau/', 'site': None}
2026-02-10 01:48:24,453 - src.scrappers.facebook_scraper - INFO - Acessando Facebook: https://www.instagram.com/reel/DRVcSNvkZau/
2026-02-10 01:49:36,172 - src.scrappers.facebook_scraper - INFO - WhatsApp encontrado: (19) 99452-5426
2026-02-10 01:49:36,172 - src.scrappers.facebook_scraper - INFO - Dados do Facebook extraídos: {'email': None, 'celular_whatsapp': '(19) 99452-5426'}
2026-02-10 01:49:36,193 - src.processors.async_processor - INFO - Novo registro criado: ART WINE
2026-02-10 01:49:41,418 - __main__ - INFO - Iniciando: CONSTRURIO
2026-02-10 01:49:41,433 - src.processors.async_processor - INFO - [59/449] Processando: CONSTRURIO
2026-02-10 01:49:41,568 - src.scrappers.google_scraper - INFO - Buscando: "CONSTRURIO" Mogi Mirim
2026-02-10 01:49:49,503 - src.scrappers.google_scraper - INFO - Dados extraídos para CONSTRURIO: {'telefone': '(19) 63500-0152', 'facebook_link': None, 'site': 'https://www.gov.br/pgfn/pt-br/servicos/editais-de-notificacao/editais-2024/EDITALDEABERTURADEPROCEDIMENTOADMINISTRATIVODERECONHECIMENTODERESPONSABILIDADEN179505.11.2024.pdf'}
2026-02-10 01:49:49,522 - src.processors.async_processor - INFO - Novo registro criado: CONSTRURIO
2026-02-10 01:49:54,730 - __main__ - INFO - Iniciando: BAR DA VERA
2026-02-10 01:49:54,741 - src.processors.async_processor - INFO - [60/449] Processando: BAR DA VERA
2026-02-10 01:49:54,896 - src.scrappers.google_scraper - INFO - Buscando: "BAR DA VERA" Mogi Mirim
2026-02-10 01:50:04,337 - src.scrappers.google_scraper - INFO - Dados extraídos para BAR DA VERA: {'telefone': '(19) 00003-4682', 'facebook_link': 'https://www.instagram.com/reel/DQH7vBykT9L/', 'site': None}
2026-02-10 01:50:04,584 - src.scrappers.facebook_scraper - INFO - Acessando Facebook: https://www.instagram.com/reel/DQH7vBykT9L/
2026-02-10 01:51:16,460 - src.scrappers.facebook_scraper - INFO - WhatsApp encontrado: (19) 99452-5426
2026-02-10 01:51:16,460 - src.scrappers.facebook_scraper - INFO - Dados do Facebook extraídos: {'email': None, 'celular_whatsapp': '(19) 99452-5426'}
2026-02-10 01:51:16,481 - src.processors.async_processor - INFO - Novo registro criado: BAR DA VERA
2026-02-10 01:51:22,209 - __main__ - INFO - Iniciando: BAIXINHOS BAR E LANCHONETE
2026-02-10 01:51:22,217 - src.processors.async_processor - INFO - [61/449] Processando: BAIXINHOS BAR E LANCHONETE
2026-02-10 01:51:22,358 - src.scrappers.google_scraper - INFO - Buscando: "BAIXINHOS BAR E LANCHONETE" Mogi Mirim
2026-02-10 01:51:31,554 - src.scrappers.google_scraper - INFO - Dados extraídos para BAIXINHOS BAR E LANCHONETE: {'telefone': '(19) 99503-0504', 'facebook_link': None, 'site': None}
2026-02-10 01:51:31,576 - src.processors.async_processor - INFO - Novo registro criado: BAIXINHOS BAR E LANCHONETE
2026-02-10 01:51:37,371 - __main__ - INFO - Iniciando: SUKAO LANCHES
2026-02-10 01:51:37,376 - src.processors.async_processor - INFO - [62/449] Processando: SUKAO LANCHES
2026-02-10 01:51:37,524 - src.scrappers.google_scraper - INFO - Buscando: "SUKAO LANCHES" Mogi Mirim
2026-02-10 01:51:46,028 - src.scrappers.google_scraper - INFO - Dados extraídos para SUKAO LANCHES: {'telefone': '(19) 3805-3125', 'facebook_link': 'https://www.facebook.com/VilaDiaszl/photos/', 'site': 'https://www.mbi.com.br/mbi/biblioteca/cidade/mogi-mirim-sp-br/#:~:text=Nesta%20p%C3%A1gina%20voc%C3%AA%20encontra%20a,ou%20povoado%20pertencente%20ao%20munic%C3%ADpio.'}
2026-02-10 01:51:46,209 - src.scrappers.facebook_scraper - INFO - Acessando Facebook: https://www.facebook.com/VilaDiaszl/photos/
2026-02-10 01:52:57,952 - src.scrappers.facebook_scraper - INFO - WhatsApp encontrado: (19) 99452-5426
2026-02-10 01:52:57,952 - src.scrappers.facebook_scraper - INFO - Dados do Facebook extraídos: {'email': None, 'celular_whatsapp': '(19) 99452-5426'}
2026-02-10 01:52:57,973 - src.processors.async_processor - INFO - Novo registro criado: SUKAO LANCHES
2026-02-10 01:53:04,939 - __main__ - INFO - Iniciando: ESTOF-ART
2026-02-10 01:53:04,972 - src.processors.async_processor - INFO - [63/449] Processando: ESTOF-ART
2026-02-10 01:53:05,104 - src.scrappers.google_scraper - INFO - Buscando: "ESTOF-ART" Mogi Mirim
2026-02-10 01:53:15,275 - src.scrappers.google_scraper - INFO - Dados extraídos para ESTOF-ART: {'telefone': '(19) 99615-4655', 'facebook_link': None, 'site': 'https://www.consultascnpj.com/sitemap_2019/sitemap315.txt'}
2026-02-10 01:53:15,300 - src.processors.async_processor - INFO - Novo registro criado: ESTOF-ART
2026-02-10 01:53:21,991 - __main__ - INFO - Iniciando: SUBESTACAO ELEV 13 8 138 KV
2026-02-10 01:53:21,992 - src.processors.async_processor - INFO - [64/449] Processando: SUBESTACAO ELEV 13 8 138 KV
2026-02-10 01:53:22,123 - src.scrappers.google_scraper - INFO - Buscando: "SUBESTACAO ELEV 13 8 138 KV" Mogi Mirim
2026-02-10 01:53:30,262 - src.scrappers.google_scraper - INFO - Dados extraídos para SUBESTACAO ELEV 13 8 138 KV: {'telefone': '8997-8449', 'facebook_link': None, 'site': None}
2026-02-10 01:53:30,281 - src.processors.async_processor - INFO - Novo registro criado: SUBESTACAO ELEV 13 8 138 KV
2026-02-10 01:53:33,639 - __main__ - INFO - Iniciando: MOGI LIMA E JL
2026-02-10 01:53:33,680 - src.processors.async_processor - INFO - [65/449] Processando: MOGI LIMA E JL
2026-02-10 01:53:33,819 - src.scrappers.google_scraper - INFO - Buscando: "MOGI LIMA E JL" Mogi Mirim
2026-02-10 01:53:42,282 - src.scrappers.google_scraper - INFO - Dados extraídos para MOGI LIMA E JL: {'telefone': '8997-8449', 'facebook_link': 'https://www.instagram.com/reel/DQH7vBykT9L/', 'site': None}
2026-02-10 01:53:42,476 - src.scrappers.facebook_scraper - INFO - Acessando Facebook: https://www.instagram.com/reel/DQH7vBykT9L/
2026-02-10 01:54:54,223 - src.scrappers.facebook_scraper - INFO - WhatsApp encontrado: (19) 99452-5426
2026-02-10 01:54:54,223 - src.scrappers.facebook_scraper - INFO - Dados do Facebook extraídos: {'email': None, 'celular_whatsapp': '(19) 99452-5426'}
2026-02-10 01:54:54,246 - src.processors.async_processor - INFO - Novo registro criado: MOGI LIMA E JL
2026-02-10 01:54:59,245 - __main__ - INFO - Iniciando: AGRIMAQ
2026-02-10 01:54:59,260 - src.processors.async_processor - INFO - [66/449] Processando: AGRIMAQ
2026-02-10 01:54:59,395 - src.scrappers.google_scraper - INFO - Buscando: "AGRIMAQ" Mogi Mirim
2026-02-10 01:55:08,593 - src.scrappers.google_scraper - INFO - Dados extraídos para AGRIMAQ: {'telefone': '(19) 99999-9999', 'facebook_link': None, 'site': None}
2026-02-10 01:55:08,620 - src.processors.async_processor - INFO - Novo registro criado: AGRIMAQ
2026-02-10 01:55:13,387 - __main__ - INFO - Iniciando: ESTANCIA JATOBA
2026-02-10 01:55:13,397 - src.processors.async_processor - INFO - [67/449] Processando: ESTANCIA JATOBA
2026-02-10 01:55:13,574 - src.scrappers.google_scraper - INFO - Buscando: "ESTANCIA JATOBA" Mogi Mirim
2026-02-10 01:55:22,843 - src.scrappers.google_scraper - INFO - Dados extraídos para ESTANCIA JATOBA: {'telefone': '(19) 25257-5321', 'facebook_link': None, 'site': None}
2026-02-10 01:55:22,867 - src.processors.async_processor - INFO - Novo registro criado: ESTANCIA JATOBA
2026-02-10 01:55:30,179 - __main__ - INFO - Iniciando: LOJAS TIMERMAN
2026-02-10 01:55:30,189 - src.processors.async_processor - INFO - [68/449] Processando: LOJAS TIMERMAN
2026-02-10 01:55:30,327 - src.scrappers.google_scraper - INFO - Buscando: "LOJAS TIMERMAN" Mogi Mirim
2026-02-10 01:55:39,603 - src.scrappers.google_scraper - INFO - Dados extraídos para LOJAS TIMERMAN: {'telefone': '(19) 3806-6964', 'facebook_link': None, 'site': None}
2026-02-10 01:55:39,626 - src.processors.async_processor - INFO - Novo registro criado: LOJAS TIMERMAN
2026-02-10 01:55:46,349 - __main__ - INFO - Iniciando: RACHEL COSMETICOS
2026-02-10 01:55:46,364 - src.processors.async_processor - INFO - [69/449] Processando: RACHEL COSMETICOS
2026-02-10 01:55:46,505 - src.scrappers.google_scraper - INFO - Buscando: "RACHEL COSMETICOS" Mogi Mirim
2026-02-10 01:55:55,081 - src.scrappers.google_scraper - INFO - Dados extraídos para RACHEL COSMETICOS: {'telefone': '(19) 3804-4900', 'facebook_link': 'https://www.instagram.com/daikincosmeticosmogi/', 'site': None}
2026-02-10 01:55:55,267 - src.scrappers.facebook_scraper - INFO - Acessando Facebook: https://www.instagram.com/daikincosmeticosmogi/
2026-02-10 01:56:02,237 - src.scrappers.facebook_scraper - INFO - Navegou para seção Sobre
2026-02-10 01:56:04,355 - src.scrappers.facebook_scraper - INFO - WhatsApp encontrado: (19) 99452-5426
2026-02-10 01:56:04,355 - src.scrappers.facebook_scraper - INFO - Dados do Facebook extraídos: {'email': None, 'celular_whatsapp': '(19) 99452-5426'}
2026-02-10 01:56:04,371 - src.processors.async_processor - INFO - Novo registro criado: RACHEL COSMETICOS
2026-02-10 01:56:11,292 - __main__ - INFO - Iniciando: RODRIGUES AUTO PECAS
2026-02-10 01:56:11,305 - src.processors.async_processor - INFO - [70/449] Processando: RODRIGUES AUTO PECAS
2026-02-10 01:56:11,384 - src.scrappers.google_scraper - INFO - Buscando: "RODRIGUES AUTO PECAS" Mogi Mirim
2026-02-10 01:56:20,211 - src.scrappers.google_scraper - INFO - Dados extraídos para RODRIGUES AUTO PECAS: {'telefone': '(19) 3806-3015', 'facebook_link': None, 'site': None}
2026-02-10 01:56:20,244 - src.processors.async_processor - INFO - Novo registro criado: RODRIGUES AUTO PECAS
2026-02-10 01:56:26,698 - __main__ - INFO - Iniciando: VR TRANSPORTES
2026-02-10 01:56:26,704 - src.processors.async_processor - INFO - [71/449] Processando: VR TRANSPORTES
2026-02-10 01:56:26,793 - src.scrappers.google_scraper - INFO - Buscando: "VR TRANSPORTES" Mogi Mirim
2026-02-10 01:56:35,180 - src.scrappers.google_scraper - INFO - Dados extraídos para VR TRANSPORTES: {'telefone': '8997-8449', 'facebook_link': 'https://www.instagram.com/reel/DSLuRkujCKl/', 'site': None}
2026-02-10 01:56:35,297 - src.scrappers.facebook_scraper - INFO - Acessando Facebook: https://www.instagram.com/reel/DSLuRkujCKl/
2026-02-10 01:57:46,664 - src.scrappers.facebook_scraper - INFO - WhatsApp encontrado: (19) 99452-5426
2026-02-10 01:57:46,664 - src.scrappers.facebook_scraper - INFO - Dados do Facebook extraídos: {'email': None, 'celular_whatsapp': '(19) 99452-5426'}
2026-02-10 01:57:46,691 - src.processors.async_processor - INFO - Novo registro criado: VR TRANSPORTES
2026-02-10 01:57:53,151 - __main__ - INFO - Iniciando: IRMAOS BATISTA
2026-02-10 01:57:53,159 - src.processors.async_processor - INFO - [72/449] Processando: IRMAOS BATISTA
2026-02-10 01:57:53,271 - src.scrappers.google_scraper - INFO - Buscando: "IRMAOS BATISTA" Mogi Mirim
2026-02-10 01:58:02,982 - src.scrappers.google_scraper - INFO - Dados extraídos para IRMAOS BATISTA: {'telefone': '8997-8449', 'facebook_link': 'https://www.instagram.com/reel/DIjAAz5Apy5/', 'site': None}
2026-02-10 01:58:03,107 - src.scrappers.facebook_scraper - INFO - Acessando Facebook: https://www.instagram.com/reel/DIjAAz5Apy5/
2026-02-10 01:59:14,858 - src.scrappers.facebook_scraper - INFO - WhatsApp encontrado: (19) 91149-4051
2026-02-10 01:59:14,858 - src.scrappers.facebook_scraper - INFO - Dados do Facebook extraídos: {'email': None, 'celular_whatsapp': '(19) 91149-4051'}
2026-02-10 01:59:14,887 - src.processors.async_processor - INFO - Novo registro criado: IRMAOS BATISTA
2026-02-10 01:59:20,152 - __main__ - INFO - Iniciando: CJL REPRESENTAOES COMERCIAIS
2026-02-10 01:59:20,160 - src.processors.async_processor - INFO - [73/449] Processando: CJL REPRESENTAOES COMERCIAIS
2026-02-10 01:59:20,263 - src.scrappers.google_scraper - INFO - Buscando: "CJL REPRESENTAOES COMERCIAIS" Mogi Mirim
2026-02-10 01:59:28,344 - src.scrappers.google_scraper - INFO - Dados extraídos para CJL REPRESENTAOES COMERCIAIS: {'telefone': '8997-8449', 'facebook_link': None, 'site': 'https://empresas.serasaexperian.com.br/consulta-gratis/CJL-COMERCIO-E-REPRESENTACOES-LTDA-03060361000111'}
2026-02-10 01:59:28,373 - src.processors.async_processor - INFO - Novo registro criado: CJL REPRESENTAOES COMERCIAIS
2026-02-10 01:59:34,730 - __main__ - INFO - Iniciando: RANGEL PARK
2026-02-10 01:59:34,737 - src.processors.async_processor - INFO - [74/449] Processando: RANGEL PARK
2026-02-10 01:59:34,861 - src.scrappers.google_scraper - INFO - Buscando: "RANGEL PARK" Mogi Mirim
2026-02-10 01:59:43,273 - src.scrappers.google_scraper - INFO - Dados extraídos para RANGEL PARK: {'telefone': '(19) 3861-4161', 'facebook_link': None, 'site': None}
2026-02-10 01:59:43,303 - src.processors.async_processor - INFO - Novo registro criado: RANGEL PARK
2026-02-10 01:59:49,761 - __main__ - INFO - Iniciando: CONDOMINIO EDIFICIO AMERICO D'AVILA
2026-02-10 01:59:49,768 - src.processors.async_processor - INFO - [75/449] Processando: CONDOMINIO EDIFICIO AMERICO D'AVILA
2026-02-10 01:59:49,860 - src.scrappers.google_scraper - INFO - Buscando: "CONDOMINIO EDIFICIO AMERICO D'AVILA" Mogi Mirim
2026-02-10 01:59:58,665 - src.scrappers.google_scraper - INFO - Dados extraídos para CONDOMINIO EDIFICIO AMERICO D'AVILA: {'telefone': '(19) 3862-3492', 'facebook_link': None, 'site': None}
2026-02-10 01:59:58,694 - src.processors.async_processor - INFO - Novo registro criado: CONDOMINIO EDIFICIO AMERICO D'AVILA
2026-02-10 02:00:02,271 - __main__ - INFO - Iniciando: LABORATORIO DE ANALISES CLINICAS DR.OSMAIR PERES
2026-02-10 02:00:02,273 - src.processors.async_processor - INFO - [76/449] Processando: LABORATORIO DE ANALISES CLINICAS DR.OSMAIR PERES
2026-02-10 02:00:02,352 - src.scrappers.google_scraper - INFO - Buscando: "LABORATORIO DE ANALISES CLINICAS DR.OSMAIR PERES" Mogi Mirim
2026-02-10 02:00:06,804 - src.scrappers.google_scraper - WARNING - CAPTCHA detectado via seletor: form#captcha-form
2026-02-10 02:00:06,804 - src.processors.async_processor - WARNING - CAPTCHA detectado para: LABORATORIO DE ANALISES CLINICAS DR.OSMAIR PERES
2026-02-10 02:00:06,814 - __main__ - WARNING - CAPTCHA: LABORATORIO DE ANALISES CLINICAS DR.OSMAIR PERES - CAPTCHA detectado! Aguardando resolução manual...
2026-02-10 02:00:06,815 - src.scrappers.google_scraper - WARNING - CAPTCHA detectado! Aguardando intervenção humana...
2026-02-10 02:00:06,815 - src.scrappers.google_scraper - WARNING - ============================================================
2026-02-10 02:00:06,817 - src.scrappers.google_scraper - WARNING - ============================================================
2026-02-10 02:00:06,817 - src.scrappers.google_scraper - WARNING - Empresa: LABORATORIO DE ANALISES CLINICAS DR.OSMAIR PERES
2026-02-10 02:00:06,817 - src.scrappers.google_scraper - WARNING - Instruções:
2026-02-10 02:00:06,818 - src.scrappers.google_scraper - WARNING - 1. Resolva o CAPTCHA manualmente na janela do navegador
2026-02-10 02:00:06,818 - src.scrappers.google_scraper - WARNING - 2. Aguarde até ver os resultados da busca aparecerem
2026-02-10 02:00:06,818 - src.scrappers.google_scraper - WARNING - 3. O script continuará automaticamente
2026-02-10 02:00:06,818 - src.scrappers.google_scraper - WARNING - ============================================================
2026-02-10 02:00:34,493 - src.scrappers.google_scraper - INFO - Dados extraídos para LABORATORIO DE ANALISES CLINICAS DR.OSMAIR PERES: {'telefone': '8997-8449', 'facebook_link': None, 'site': None}
2026-02-10 02:00:34,523 - src.processors.async_processor - INFO - Novo registro criado: LABORATORIO DE ANALISES CLINICAS DR.OSMAIR PERES
2026-02-10 02:00:38,370 - __main__ - INFO - Iniciando: FLASH JEANS
2026-02-10 02:00:38,377 - src.processors.async_processor - INFO - [77/449] Processando: FLASH JEANS
2026-02-10 02:00:38,493 - src.scrappers.google_scraper - INFO - Buscando: "FLASH JEANS" Mogi Mirim
2026-02-10 02:00:47,043 - src.scrappers.google_scraper - INFO - Dados extraídos para FLASH JEANS: {'telefone': '(19) 3862-1558', 'facebook_link': 'https://www.instagram.com/reel/DLAoC88MEoX/', 'site': 'https://www.consultascnpj.com/sitemap_2019/sitemap288.txt'}
2026-02-10 02:00:47,145 - src.scrappers.facebook_scraper - INFO - Acessando Facebook: https://www.instagram.com/reel/DLAoC88MEoX/
2026-02-10 02:01:59,196 - src.scrappers.facebook_scraper - INFO - WhatsApp encontrado: (19) 91547-1968
2026-02-10 02:01:59,197 - src.scrappers.facebook_scraper - INFO - Dados do Facebook extraídos: {'email': None, 'celular_whatsapp': '(19) 91547-1968'}
2026-02-10 02:01:59,230 - src.processors.async_processor - INFO - Novo registro criado: FLASH JEANS
2026-02-10 02:02:04,620 - __main__ - INFO - Iniciando: OFICINA SAO JORGE
2026-02-10 02:02:04,624 - src.processors.async_processor - INFO - [78/449] Processando: OFICINA SAO JORGE
2026-02-10 02:02:04,724 - src.scrappers.google_scraper - INFO - Buscando: "OFICINA SAO JORGE" Mogi Mirim
2026-02-10 02:02:13,883 - src.scrappers.google_scraper - INFO - Dados extraídos para OFICINA SAO JORGE: {'telefone': '(19) 99641-9443', 'facebook_link': 'https://www.facebook.com/oficinadovaldir/', 'site': None}
2026-02-10 02:02:14,011 - src.scrappers.facebook_scraper - INFO - Acessando Facebook: https://www.facebook.com/oficinadovaldir/
2026-02-10 02:02:20,859 - src.scrappers.facebook_scraper - INFO - WhatsApp encontrado: (19) 99452-5426
2026-02-10 02:02:20,859 - src.scrappers.facebook_scraper - INFO - Dados do Facebook extraídos: {'email': None, 'celular_whatsapp': '(19) 99452-5426'}
2026-02-10 02:02:20,888 - src.processors.async_processor - INFO - Novo registro criado: OFICINA SAO JORGE
2026-02-10 02:02:27,075 - __main__ - INFO - Iniciando: LOCADORA LADO A LADO
2026-02-10 02:02:27,086 - src.processors.async_processor - INFO - [79/449] Processando: LOCADORA LADO A LADO
2026-02-10 02:02:27,159 - src.scrappers.google_scraper - INFO - Buscando: "LOCADORA LADO A LADO" Mogi Mirim
2026-02-10 02:02:35,254 - src.scrappers.google_scraper - INFO - Dados extraídos para LOCADORA LADO A LADO: {'telefone': '(19) 9277-8184', 'facebook_link': None, 'site': 'http://www.maiorlocadora.com.br/'}
2026-02-10 02:02:35,289 - src.processors.async_processor - INFO - Novo registro criado: LOCADORA LADO A LADO
2026-02-10 02:02:38,745 - __main__ - INFO - Iniciando: SACOLAO NOVA ALIANCA
2026-02-10 02:02:38,753 - src.processors.async_processor - INFO - [80/449] Processando: SACOLAO NOVA ALIANCA
2026-02-10 02:02:38,847 - src.scrappers.google_scraper - INFO - Buscando: "SACOLAO NOVA ALIANCA" Mogi Mirim
2026-02-10 02:02:47,267 - src.scrappers.google_scraper - INFO - Dados extraídos para SACOLAO NOVA ALIANCA: {'telefone': '(19) 3805-3125', 'facebook_link': 'https://www.facebook.com/VilaDiaszl/photos/', 'site': 'https://www.mbi.com.br/mbi/biblioteca/cidade/mogi-mirim-sp-br/#:~:text=Nesta%20p%C3%A1gina%20voc%C3%AA%20encontra%20a,ou%20povoado%20pertencente%20ao%20munic%C3%ADpio.'}
2026-02-10 02:02:47,372 - src.scrappers.facebook_scraper - INFO - Acessando Facebook: https://www.facebook.com/VilaDiaszl/photos/
2026-02-10 02:03:58,410 - src.scrappers.facebook_scraper - INFO - WhatsApp encontrado: (19) 99452-5426
2026-02-10 02:03:58,410 - src.scrappers.facebook_scraper - INFO - Dados do Facebook extraídos: {'email': None, 'celular_whatsapp': '(19) 99452-5426'}
2026-02-10 02:03:58,443 - src.processors.async_processor - INFO - Novo registro criado: SACOLAO NOVA ALIANCA
2026-02-10 02:04:04,936 - __main__ - INFO - Iniciando: DHL INFORMATICA
2026-02-10 02:04:04,939 - src.processors.async_processor - INFO - [81/449] Processando: DHL INFORMATICA
2026-02-10 02:04:05,059 - src.scrappers.google_scraper - INFO - Buscando: "DHL INFORMATICA" Mogi Mirim
2026-02-10 02:04:13,799 - src.scrappers.google_scraper - INFO - Dados extraídos para DHL INFORMATICA: {'telefone': '(19) 98865-0001', 'facebook_link': 'https://www.instagram.com/reel/DLnnX4ApA4O/', 'site': 'https://calefiinformatica.com.br/'}
2026-02-10 02:04:13,905 - src.scrappers.facebook_scraper - INFO - Acessando Facebook: https://www.instagram.com/reel/DLnnX4ApA4O/
2026-02-10 02:05:25,390 - src.scrappers.facebook_scraper - INFO - WhatsApp encontrado: (19) 99452-5426
2026-02-10 02:05:25,390 - src.scrappers.facebook_scraper - INFO - Dados do Facebook extraídos: {'email': None, 'celular_whatsapp': '(19) 99452-5426'}
2026-02-10 02:05:25,421 - src.processors.async_processor - INFO - Novo registro criado: DHL INFORMATICA
2026-02-10 02:05:30,029 - __main__ - INFO - Iniciando: LC COM E SERVICOS
2026-02-10 02:05:30,051 - src.processors.async_processor - INFO - [82/449] Processando: LC COM E SERVICOS
2026-02-10 02:05:30,130 - src.scrappers.google_scraper - INFO - Buscando: "LC COM E SERVICOS" Mogi Mirim
2026-02-10 02:05:39,759 - src.scrappers.google_scraper - INFO - Dados extraídos para LC COM E SERVICOS: {'telefone': '(19) 93068-8381', 'facebook_link': 'https://www.instagram.com/ocamacho.luis', 'site': 'http://lcai.com.br/'}
2026-02-10 02:05:39,898 - src.scrappers.facebook_scraper - INFO - Acessando Facebook: https://www.instagram.com/ocamacho.luis
2026-02-10 02:05:46,647 - src.scrappers.facebook_scraper - INFO - Navegou para seção Sobre
2026-02-10 02:05:48,780 - src.scrappers.facebook_scraper - INFO - WhatsApp encontrado: (19) 99452-5426
2026-02-10 02:05:48,781 - src.scrappers.facebook_scraper - INFO - Dados do Facebook extraídos: {'email': None, 'celular_whatsapp': '(19) 99452-5426'}
2026-02-10 02:05:48,798 - src.processors.async_processor - INFO - Novo registro criado: LC COM E SERVICOS
2026-02-10 02:05:53,136 - __main__ - INFO - Iniciando: ENZO COLLE WINDEN
2026-02-10 02:05:53,144 - src.processors.async_processor - INFO - [83/449] Processando: ENZO COLLE WINDEN
2026-02-10 02:05:53,222 - src.scrappers.google_scraper - INFO - Buscando: "ENZO COLLE WINDEN" Mogi Mirim
2026-02-10 02:06:01,447 - src.scrappers.google_scraper - INFO - Dados extraídos para ENZO COLLE WINDEN: {'telefone': '8997-8449', 'facebook_link': None, 'site': None}
2026-02-10 02:06:01,475 - src.processors.async_processor - INFO - Novo registro criado: ENZO COLLE WINDEN
2026-02-10 02:06:05,994 - __main__ - INFO - Iniciando: PEIXARIA PONTA DA PRAIA
2026-02-10 02:06:05,997 - src.processors.async_processor - INFO - [84/449] Processando: PEIXARIA PONTA DA PRAIA
2026-02-10 02:06:06,077 - src.scrappers.google_scraper - INFO - Buscando: "PEIXARIA PONTA DA PRAIA" Mogi Mirim
2026-02-10 02:06:14,856 - src.scrappers.google_scraper - INFO - Dados extraídos para PEIXARIA PONTA DA PRAIA: {'telefone': '(19) 99866-2524', 'facebook_link': None, 'site': None}
2026-02-10 02:06:14,889 - src.processors.async_processor - INFO - Novo registro criado: PEIXARIA PONTA DA PRAIA
2026-02-10 02:06:19,983 - __main__ - INFO - Iniciando: EMP ENTER MACHIP PAPEL
2026-02-10 02:06:19,986 - src.processors.async_processor - INFO - [85/449] Processando: EMP ENTER MACHIP PAPEL
2026-02-10 02:06:20,068 - src.scrappers.google_scraper - INFO - Buscando: "EMP ENTER MACHIP PAPEL" Mogi Mirim
2026-02-10 02:06:28,367 - src.scrappers.google_scraper - INFO - Dados extraídos para EMP ENTER MACHIP PAPEL: {'telefone': '(19) 3805-2242', 'facebook_link': None, 'site': None}
2026-02-10 02:06:28,398 - src.processors.async_processor - INFO - Novo registro criado: EMP ENTER MACHIP PAPEL
2026-02-10 02:06:35,074 - __main__ - INFO - Iniciando: PASTELARIA SAO JOSE
2026-02-10 02:06:35,081 - src.processors.async_processor - INFO - [86/449] Processando: PASTELARIA SAO JOSE
2026-02-10 02:06:35,192 - src.scrappers.google_scraper - INFO - Buscando: "PASTELARIA SAO JOSE" Mogi Mirim
2026-02-10 02:06:43,900 - src.scrappers.google_scraper - INFO - Dados extraídos para PASTELARIA SAO JOSE: {'telefone': '(19) 3805-2187', 'facebook_link': 'https://www.instagram.com/pastelariasaojose2021/', 'site': 'https://visitesocorrosp.com.br/guia-completo-de-monte-siao-mg/'}
2026-02-10 02:06:44,018 - src.scrappers.facebook_scraper - INFO - Acessando Facebook: https://www.instagram.com/pastelariasaojose2021/
2026-02-10 02:06:50,746 - src.scrappers.facebook_scraper - INFO - Navegou para seção Sobre
2026-02-10 02:06:52,887 - src.scrappers.facebook_scraper - INFO - WhatsApp encontrado: (19) 99452-5426
2026-02-10 02:06:52,888 - src.scrappers.facebook_scraper - INFO - Dados do Facebook extraídos: {'email': None, 'celular_whatsapp': '(19) 99452-5426'}
2026-02-10 02:06:52,903 - src.processors.async_processor - INFO - Novo registro criado: PASTELARIA SAO JOSE
2026-02-10 02:06:57,573 - __main__ - INFO - Iniciando: IPCI
2026-02-10 02:06:57,581 - src.processors.async_processor - INFO - [87/449] Processando: IPCI
2026-02-10 02:06:57,682 - src.scrappers.google_scraper - INFO - Buscando: "IPCI" Mogi Mirim
2026-02-10 02:07:06,189 - src.scrappers.google_scraper - INFO - Dados extraídos para IPCI: {'telefone': '(19) 3806-1764', 'facebook_link': 'https://m.facebook.com/IPCITAPIRA/videos/passe-o-seu-fim-de-ano-na-ipci-dia-2912-%C3%BAltimo-domingo-do-ano-participe-dos-cult/621564596980077/', 'site': None}
2026-02-10 02:07:06,309 - src.scrappers.facebook_scraper - INFO - Acessando Facebook: https://m.facebook.com/IPCITAPIRA/videos/passe-o-seu-fim-de-ano-na-ipci-dia-2912-%C3%BAltimo-domingo-do-ano-participe-dos-cult/621564596980077/
2026-02-10 02:07:14,436 - src.scrappers.facebook_scraper - INFO - WhatsApp encontrado: (19) 95774-9962
2026-02-10 02:07:14,436 - src.scrappers.facebook_scraper - INFO - Dados do Facebook extraídos: {'email': None, 'celular_whatsapp': '(19) 95774-9962'}
2026-02-10 02:07:14,481 - src.processors.async_processor - INFO - Novo registro criado: IPCI
2026-02-10 02:07:17,807 - __main__ - INFO - Iniciando: CASA DE REPOUSO EMANUEL
2026-02-10 02:07:17,810 - src.processors.async_processor - INFO - [88/449] Processando: CASA DE REPOUSO EMANUEL
2026-02-10 02:07:17,889 - src.scrappers.google_scraper - INFO - Buscando: "CASA DE REPOUSO EMANUEL" Mogi Mirim
2026-02-10 02:07:26,276 - src.scrappers.google_scraper - INFO - Dados extraídos para CASA DE REPOUSO EMANUEL: {'telefone': '(19) 3862-0044', 'facebook_link': 'https://www.facebook.com/casaderepousoemanuel/', 'site': 'https://casaderepousoemanuel.com.br/'}
2026-02-10 02:07:26,424 - src.scrappers.facebook_scraper - INFO - Acessando Facebook: https://www.facebook.com/casaderepousoemanuel/
2026-02-10 02:08:37,840 - src.scrappers.facebook_scraper - INFO - Email encontrado: casaderepousoemanuel@hotmail.com
2026-02-10 02:08:37,842 - src.scrappers.facebook_scraper - INFO - WhatsApp encontrado: (19) 92227-6806
2026-02-10 02:08:37,843 - src.scrappers.facebook_scraper - INFO - Dados do Facebook extraídos: {'email': 'casaderepousoemanuel@hotmail.com', 'celular_whatsapp': '(19) 92227-6806'}
2026-02-10 02:08:37,875 - src.processors.async_processor - INFO - Novo registro criado: CASA DE REPOUSO EMANUEL
2026-02-10 02:08:44,339 - __main__ - INFO - Iniciando: PALACE
2026-02-10 02:08:44,361 - src.processors.async_processor - INFO - [89/449] Processando: PALACE
2026-02-10 02:08:44,460 - src.scrappers.google_scraper - INFO - Buscando: "PALACE" Mogi Mirim
2026-02-10 02:08:53,669 - src.scrappers.google_scraper - INFO - Dados extraídos para PALACE: {'telefone': '(19) 2018-8321', 'facebook_link': 'https://www.instagram.com/westinpalace_hotel/', 'site': 'https://www.booking.com/'}
2026-02-10 02:08:53,776 - src.scrappers.facebook_scraper - INFO - Acessando Facebook: https://www.instagram.com/westinpalace_hotel/
2026-02-10 02:09:00,518 - src.scrappers.facebook_scraper - INFO - Navegou para seção Sobre
2026-02-10 02:09:02,674 - src.scrappers.facebook_scraper - INFO - WhatsApp encontrado: (19) 99452-5426
2026-02-10 02:09:02,674 - src.scrappers.facebook_scraper - INFO - Dados do Facebook extraídos: {'email': None, 'celular_whatsapp': '(19) 99452-5426'}
2026-02-10 02:09:02,690 - src.processors.async_processor - INFO - Novo registro criado: PALACE
2026-02-10 02:09:06,245 - __main__ - INFO - Iniciando: MAKTUB
2026-02-10 02:09:06,255 - src.processors.async_processor - INFO - [90/449] Processando: MAKTUB
2026-02-10 02:09:06,366 - src.scrappers.google_scraper - INFO - Buscando: "MAKTUB" Mogi Mirim
2026-02-10 02:09:14,158 - src.scrappers.google_scraper - INFO - Dados extraídos para MAKTUB: {'telefone': '(19) 3805-4972', 'facebook_link': 'https://www.instagram.com/reel/DIqvjGqs7-T/', 'site': 'https://marklub.com.br/'}
2026-02-10 02:09:14,271 - src.scrappers.facebook_scraper - INFO - Acessando Facebook: https://www.instagram.com/reel/DIqvjGqs7-T/
2026-02-10 02:10:25,930 - src.scrappers.facebook_scraper - INFO - WhatsApp encontrado: (19) 96874-7345
2026-02-10 02:10:25,930 - src.scrappers.facebook_scraper - INFO - Dados do Facebook extraídos: {'email': None, 'celular_whatsapp': '(19) 96874-7345'}
2026-02-10 02:10:25,962 - src.processors.async_processor - INFO - Novo registro criado: MAKTUB
2026-02-10 02:10:29,464 - __main__ - INFO - Iniciando: NANDO & ELAINE DISHARON
2026-02-10 02:10:29,472 - src.processors.async_processor - INFO - [91/449] Processando: NANDO & ELAINE DISHARON
2026-02-10 02:10:29,573 - src.scrappers.google_scraper - INFO - Buscando: "NANDO & ELAINE DISHARON" Mogi Mirim
2026-02-10 02:10:39,915 - src.scrappers.google_scraper - INFO - Dados extraídos para NANDO & ELAINE DISHARON: {'telefone': '(19) 90897-4132', 'facebook_link': 'https://www.instagram.com/nandomoura_oficial_101/', 'site': 'https://nandoreis.com.br/'}
2026-02-10 02:10:40,042 - src.scrappers.facebook_scraper - INFO - Acessando Facebook: https://www.instagram.com/nandomoura_oficial_101/
2026-02-10 02:10:46,708 - src.scrappers.facebook_scraper - INFO - Navegou para seção Sobre
2026-02-10 02:10:48,871 - src.scrappers.facebook_scraper - INFO - WhatsApp encontrado: (19) 99452-5426
2026-02-10 02:10:48,872 - src.scrappers.facebook_scraper - INFO - Dados do Facebook extraídos: {'email': None, 'celular_whatsapp': '(19) 99452-5426'}
2026-02-10 02:10:48,886 - src.processors.async_processor - INFO - Novo registro criado: NANDO & ELAINE DISHARON
2026-02-10 02:10:53,278 - __main__ - INFO - Iniciando: CRYSP S - PRODUTOS ALIMENTICIOS
2026-02-10 02:10:53,284 - src.processors.async_processor - INFO - [92/449] Processando: CRYSP S - PRODUTOS ALIMENTICIOS
2026-02-10 02:10:53,385 - src.scrappers.google_scraper - INFO - Buscando: "CRYSP S - PRODUTOS ALIMENTICIOS" Mogi Mirim
2026-02-10 02:11:01,079 - src.scrappers.google_scraper - INFO - Dados extraídos para CRYSP S - PRODUTOS ALIMENTICIOS: {'telefone': '8997-8449', 'facebook_link': None, 'site': None}
2026-02-10 02:11:01,109 - src.processors.async_processor - INFO - Novo registro criado: CRYSP S - PRODUTOS ALIMENTICIOS
2026-02-10 02:11:05,355 - __main__ - INFO - Iniciando: RESTAURANTE TEMPERO CASEIRO
2026-02-10 02:11:05,358 - src.processors.async_processor - INFO - [93/449] Processando: RESTAURANTE TEMPERO CASEIRO
2026-02-10 02:11:05,441 - src.scrappers.google_scraper - INFO - Buscando: "RESTAURANTE TEMPERO CASEIRO" Mogi Mirim
2026-02-10 02:11:14,963 - src.scrappers.google_scraper - INFO - Dados extraídos para RESTAURANTE TEMPERO CASEIRO: {'telefone': '(19) 99913-7383', 'facebook_link': 'https://www.facebook.com/100064116936043/mentions/', 'site': None}
2026-02-10 02:11:15,077 - src.scrappers.facebook_scraper - INFO - Acessando Facebook: https://www.facebook.com/100064116936043/mentions/
2026-02-10 02:11:55,770 - src.scrappers.facebook_scraper - INFO - WhatsApp encontrado: (19) 99452-5426
2026-02-10 02:11:55,770 - src.scrappers.facebook_scraper - INFO - Dados do Facebook extraídos: {'email': None, 'celular_whatsapp': '(19) 99452-5426'}
2026-02-10 02:11:55,804 - src.processors.async_processor - INFO - Novo registro criado: RESTAURANTE TEMPERO CASEIRO
2026-02-10 02:12:01,985 - __main__ - INFO - Iniciando: AGRO SAO JUDAS TADEU
2026-02-10 02:12:01,998 - src.processors.async_processor - INFO - [94/449] Processando: AGRO SAO JUDAS TADEU
2026-02-10 02:12:02,112 - src.scrappers.google_scraper - INFO - Buscando: "AGRO SAO JUDAS TADEU" Mogi Mirim
2026-02-10 02:12:10,828 - src.scrappers.google_scraper - INFO - Dados extraídos para AGRO SAO JUDAS TADEU: {'telefone': '8997-8449', 'facebook_link': None, 'site': None}
2026-02-10 02:12:10,862 - src.processors.async_processor - INFO - Novo registro criado: AGRO SAO JUDAS TADEU
2026-02-10 02:12:17,354 - __main__ - INFO - Iniciando: IGREJA UNIDA DE MOGI MIRIM
2026-02-10 02:12:17,361 - src.processors.async_processor - INFO - [95/449] Processando: IGREJA UNIDA DE MOGI MIRIM
2026-02-10 02:12:17,473 - src.scrappers.google_scraper - INFO - Buscando: "IGREJA UNIDA DE MOGI MIRIM" Mogi Mirim
2026-02-10 02:12:26,621 - src.scrappers.google_scraper - INFO - Dados extraídos para IGREJA UNIDA DE MOGI MIRIM: {'telefone': '(19) 3806-5800', 'facebook_link': None, 'site': 'https://ongrace.com/'}
2026-02-10 02:12:26,664 - src.processors.async_processor - INFO - Novo registro criado: IGREJA UNIDA DE MOGI MIRIM
2026-02-10 02:12:33,620 - __main__ - INFO - Iniciando: MINI MERCADO RODRIGUES
2026-02-10 02:12:33,629 - src.processors.async_processor - INFO - [96/449] Processando: MINI MERCADO RODRIGUES
2026-02-10 02:12:33,753 - src.scrappers.google_scraper - INFO - Buscando: "MINI MERCADO RODRIGUES" Mogi Mirim
2026-02-10 02:12:42,276 - src.scrappers.google_scraper - INFO - Dados extraídos para MINI MERCADO RODRIGUES: {'telefone': '8997-8449', 'facebook_link': None, 'site': 'https://bkpsitecpsnew.blob.core.windows.net/uploadsitecps/sites/181/2025/04/supermercados_em_sp-1.xlsx'}
2026-02-10 02:12:42,313 - src.processors.async_processor - INFO - Novo registro criado: MINI MERCADO RODRIGUES
2026-02-10 02:12:47,246 - __main__ - INFO - Iniciando: LOTERICA SIMPATIA
2026-02-10 02:12:47,258 - src.processors.async_processor - INFO - [97/449] Processando: LOTERICA SIMPATIA
2026-02-10 02:12:47,349 - src.scrappers.google_scraper - INFO - Buscando: "LOTERICA SIMPATIA" Mogi Mirim
2026-02-10 02:12:59,083 - src.scrappers.google_scraper - INFO - Dados extraídos para LOTERICA SIMPATIA: {'telefone': '(19) 3804-1241', 'facebook_link': 'https://www.instagram.com/reel/DRwfclcjtHG/', 'site': None}
2026-02-10 02:12:59,198 - src.scrappers.facebook_scraper - INFO - Acessando Facebook: https://www.instagram.com/reel/DRwfclcjtHG/
2026-02-10 02:14:10,907 - src.scrappers.facebook_scraper - INFO - WhatsApp encontrado: (19) 99452-5426
2026-02-10 02:14:10,907 - src.scrappers.facebook_scraper - INFO - Dados do Facebook extraídos: {'email': None, 'celular_whatsapp': '(19) 99452-5426'}
2026-02-10 02:14:10,938 - src.processors.async_processor - INFO - Novo registro criado: LOTERICA SIMPATIA
2026-02-10 02:14:15,590 - __main__ - INFO - Iniciando: LIMAJ
2026-02-10 02:14:15,594 - src.processors.async_processor - INFO - [98/449] Processando: LIMAJ
2026-02-10 02:14:15,667 - src.scrappers.google_scraper - INFO - Buscando: "LIMAJ" Mogi Mirim
2026-02-10 02:14:28,136 - src.scrappers.google_scraper - INFO - Dados extraídos para LIMAJ: {'telefone': '(19) 20258-2600', 'facebook_link': None, 'site': None}
2026-02-10 02:14:28,172 - src.processors.async_processor - INFO - Novo registro criado: LIMAJ
2026-02-10 02:14:33,011 - __main__ - INFO - Iniciando: OP ART
2026-02-10 02:14:33,019 - src.processors.async_processor - INFO - [99/449] Processando: OP ART
2026-02-10 02:14:33,113 - src.scrappers.google_scraper - INFO - Buscando: "OP ART" Mogi Mirim
2026-02-10 02:14:43,039 - src.scrappers.google_scraper - INFO - Dados extraídos para OP ART: {'telefone': '(19) 62646-9585', 'facebook_link': None, 'site': None}
2026-02-10 02:14:43,074 - src.processors.async_processor - INFO - Novo registro criado: OP ART
2026-02-10 02:14:48,176 - __main__ - INFO - Iniciando: POSTO DE MEDICAMENTOS MONTE SERRAT
2026-02-10 02:14:48,178 - src.processors.async_processor - INFO - [100/449] Processando: POSTO DE MEDICAMENTOS MONTE SERRAT
2026-02-10 02:14:48,282 - src.scrappers.google_scraper - INFO - Buscando: "POSTO DE MEDICAMENTOS MONTE SERRAT" Mogi Mirim
2026-02-10 02:14:57,637 - src.scrappers.google_scraper - INFO - Dados extraídos para POSTO DE MEDICAMENTOS MONTE SERRAT: {'telefone': '(19) 3804-3958', 'facebook_link': None, 'site': 'https://www.saudemogi.com.br/'}
2026-02-10 02:14:57,668 - src.processors.async_processor - INFO - Novo registro criado: POSTO DE MEDICAMENTOS MONTE SERRAT
2026-02-10 02:15:02,444 - __main__ - INFO - Iniciando: PENTAGON
2026-02-10 02:15:02,446 - src.processors.async_processor - INFO - [101/449] Processando: PENTAGON
2026-02-10 02:15:02,529 - src.scrappers.google_scraper - INFO - Buscando: "PENTAGON" Mogi Mirim
2026-02-10 02:15:12,917 - src.scrappers.google_scraper - INFO - Dados extraídos para PENTAGON: {'telefone': '(19) 99492-7481', 'facebook_link': 'https://www.instagram.com/lojapentagon/', 'site': None}
2026-02-10 02:15:13,042 - src.scrappers.facebook_scraper - INFO - Acessando Facebook: https://www.instagram.com/lojapentagon/
2026-02-10 02:15:19,884 - src.scrappers.facebook_scraper - INFO - Navegou para seção Sobre
2026-02-10 02:15:22,036 - src.scrappers.facebook_scraper - INFO - WhatsApp encontrado: (19) 99492-7481
2026-02-10 02:15:22,036 - src.scrappers.facebook_scraper - INFO - Dados do Facebook extraídos: {'email': None, 'celular_whatsapp': '(19) 99492-7481'}
2026-02-10 02:15:22,050 - src.processors.async_processor - INFO - Novo registro criado: PENTAGON
2026-02-10 02:15:27,597 - __main__ - INFO - Iniciando: INSTALADORA MATERIAIS ELETRICOS
2026-02-10 02:15:27,599 - src.processors.async_processor - INFO - [102/449] Processando: INSTALADORA MATERIAIS ELETRICOS
2026-02-10 02:15:27,675 - src.scrappers.google_scraper - INFO - Buscando: "INSTALADORA MATERIAIS ELETRICOS" Mogi Mirim
2026-02-10 02:15:40,644 - src.scrappers.google_scraper - INFO - Dados extraídos para INSTALADORA MATERIAIS ELETRICOS: {'telefone': '(19) 3862-1239', 'facebook_link': 'https://www.facebook.com/instaladora.materiaiseletricos/', 'site': None}
2026-02-10 02:15:40,761 - src.scrappers.facebook_scraper - INFO - Acessando Facebook: https://www.facebook.com/instaladora.materiaiseletricos/
2026-02-10 02:16:52,665 - src.scrappers.facebook_scraper - INFO - WhatsApp encontrado: (19) 99452-5426
2026-02-10 02:16:52,666 - src.scrappers.facebook_scraper - INFO - Dados do Facebook extraídos: {'email': None, 'celular_whatsapp': '(19) 99452-5426'}
2026-02-10 02:16:52,702 - src.processors.async_processor - INFO - Novo registro criado: INSTALADORA MATERIAIS ELETRICOS
2026-02-10 02:16:57,354 - __main__ - INFO - Iniciando: CASA DOS CALCADOS SANTA CRUZ
2026-02-10 02:16:57,362 - src.processors.async_processor - INFO - [103/449] Processando: CASA DOS CALCADOS SANTA CRUZ
2026-02-10 02:16:57,462 - src.scrappers.google_scraper - INFO - Buscando: "CASA DOS CALCADOS SANTA CRUZ" Mogi Mirim
2026-02-10 02:17:06,349 - src.scrappers.google_scraper - INFO - Dados extraídos para CASA DOS CALCADOS SANTA CRUZ: {'telefone': '(19) 3891-9012', 'facebook_link': None, 'site': None}
2026-02-10 02:17:06,381 - src.processors.async_processor - INFO - Novo registro criado: CASA DOS CALCADOS SANTA CRUZ
2026-02-10 02:17:11,089 - __main__ - INFO - Iniciando: BAR NOVO HORIZONTE
2026-02-10 02:17:11,097 - src.processors.async_processor - INFO - [104/449] Processando: BAR NOVO HORIZONTE
2026-02-10 02:17:11,178 - src.scrappers.google_scraper - INFO - Buscando: "BAR NOVO HORIZONTE" Mogi Mirim
2026-02-10 02:17:21,107 - src.scrappers.google_scraper - INFO - Dados extraídos para BAR NOVO HORIZONTE: {'telefone': '(19) 94950-5760', 'facebook_link': None, 'site': None}
2026-02-10 02:17:21,143 - src.processors.async_processor - INFO - Novo registro criado: BAR NOVO HORIZONTE
2026-02-10 02:17:26,621 - __main__ - INFO - Iniciando: C & C VARIEDADES
2026-02-10 02:17:26,626 - src.processors.async_processor - INFO - [105/449] Processando: C & C VARIEDADES
2026-02-10 02:17:26,728 - src.scrappers.google_scraper - INFO - Buscando: "C & C VARIEDADES" Mogi Mirim
2026-02-10 02:17:39,773 - src.scrappers.google_scraper - INFO - Dados extraídos para C & C VARIEDADES: {'telefone': '(19) 59923-6757', 'facebook_link': None, 'site': None}
2026-02-10 02:17:39,821 - src.processors.async_processor - INFO - Novo registro criado: C & C VARIEDADES
2026-02-10 02:17:43,151 - __main__ - INFO - Iniciando: DEMA ARTEFATOS DE CIMENTO
2026-02-10 02:17:43,158 - src.processors.async_processor - INFO - [106/449] Processando: DEMA ARTEFATOS DE CIMENTO
2026-02-10 02:17:43,266 - src.scrappers.google_scraper - INFO - Buscando: "DEMA ARTEFATOS DE CIMENTO" Mogi Mirim
2026-02-10 02:17:51,489 - src.scrappers.google_scraper - INFO - Dados extraídos para DEMA ARTEFATOS DE CIMENTO: {'telefone': '(19) 3852-4301', 'facebook_link': None, 'site': None}
2026-02-10 02:17:51,517 - src.processors.async_processor - INFO - Novo registro criado: DEMA ARTEFATOS DE CIMENTO
2026-02-10 02:17:58,292 - __main__ - INFO - Iniciando: MY PET
2026-02-10 02:17:58,306 - src.processors.async_processor - INFO - [107/449] Processando: MY PET
2026-02-10 02:17:58,387 - src.scrappers.google_scraper - INFO - Buscando: "MY PET" Mogi Mirim
2026-02-10 02:18:08,134 - src.scrappers.google_scraper - INFO - Dados extraídos para MY PET: {'telefone': '(19) 3806-3831', 'facebook_link': 'https://www.facebook.com/mypetmogi/', 'site': 'https://landingpage.petz.com.br/banho-e-tosa'}
2026-02-10 02:18:08,278 - src.scrappers.facebook_scraper - INFO - Acessando Facebook: https://www.facebook.com/mypetmogi/
2026-02-10 02:19:20,324 - src.scrappers.facebook_scraper - INFO - Email encontrado: ehgcaoagrofarma@hotmail.com
2026-02-10 02:19:20,327 - src.scrappers.facebook_scraper - INFO - WhatsApp encontrado: (19) 99452-5426
2026-02-10 02:19:20,327 - src.scrappers.facebook_scraper - INFO - Dados do Facebook extraídos: {'email': 'ehgcaoagrofarma@hotmail.com', 'celular_whatsapp': '(19) 99452-5426'}
2026-02-10 02:19:20,358 - src.processors.async_processor - INFO - Novo registro criado: MY PET
2026-02-10 02:19:26,641 - __main__ - INFO - Iniciando: CENTER PISOS
2026-02-10 02:19:26,642 - src.processors.async_processor - INFO - [108/449] Processando: CENTER PISOS
2026-02-10 02:19:26,707 - src.scrappers.google_scraper - INFO - Buscando: "CENTER PISOS" Mogi Mirim
2026-02-10 02:19:38,168 - src.scrappers.google_scraper - INFO - Dados extraídos para CENTER PISOS: {'telefone': '(19) 99123-7580', 'facebook_link': 'https://www.instagram.com/delcenter_porcelanatos/', 'site': None}
2026-02-10 02:19:38,303 - src.scrappers.facebook_scraper - INFO - Acessando Facebook: https://www.instagram.com/delcenter_porcelanatos/
2026-02-10 02:19:45,611 - src.scrappers.facebook_scraper - INFO - Navegou para seção Sobre
2026-02-10 02:19:47,755 - src.scrappers.facebook_scraper - INFO - WhatsApp encontrado: (19) 99452-5426
2026-02-10 02:19:47,756 - src.scrappers.facebook_scraper - INFO - Dados do Facebook extraídos: {'email': None, 'celular_whatsapp': '(19) 99452-5426'}
2026-02-10 02:19:47,774 - src.processors.async_processor - INFO - Novo registro criado: CENTER PISOS
2026-02-10 02:19:53,486 - __main__ - INFO - Iniciando: BAR E MERCEARIA PEREIRA
2026-02-10 02:19:53,488 - src.processors.async_processor - INFO - [109/449] Processando: BAR E MERCEARIA PEREIRA
2026-02-10 02:19:53,556 - src.scrappers.google_scraper - INFO - Buscando: "BAR E MERCEARIA PEREIRA" Mogi Mirim
2026-02-10 02:20:02,434 - src.scrappers.google_scraper - INFO - Dados extraídos para BAR E MERCEARIA PEREIRA: {'telefone': '8997-8449', 'facebook_link': None, 'site': None}
2026-02-10 02:20:02,476 - src.processors.async_processor - INFO - Novo registro criado: BAR E MERCEARIA PEREIRA
2026-02-10 02:20:06,513 - __main__ - INFO - Iniciando: BAR E MERCEARIA PRADO
2026-02-10 02:20:06,515 - src.processors.async_processor - INFO - [110/449] Processando: BAR E MERCEARIA PRADO
2026-02-10 02:20:06,586 - src.scrappers.google_scraper - INFO - Buscando: "BAR E MERCEARIA PRADO" Mogi Mirim
2026-02-10 02:20:15,811 - src.scrappers.google_scraper - INFO - Dados extraídos para BAR E MERCEARIA PRADO: {'telefone': '8997-8449', 'facebook_link': None, 'site': None}
2026-02-10 02:20:15,844 - src.processors.async_processor - INFO - Novo registro criado: BAR E MERCEARIA PRADO
2026-02-10 02:20:21,091 - __main__ - INFO - Iniciando: QUITANDA DIAZ
2026-02-10 02:20:21,121 - src.processors.async_processor - INFO - [111/449] Processando: QUITANDA DIAZ
2026-02-10 02:20:21,196 - src.scrappers.google_scraper - INFO - Buscando: "QUITANDA DIAZ" Mogi Mirim
2026-02-10 02:20:32,697 - src.scrappers.google_scraper - INFO - Dados extraídos para QUITANDA DIAZ: {'telefone': '8997-8449', 'facebook_link': 'https://www.instagram.com/eskinahortifruti/', 'site': None}
2026-02-10 02:20:32,829 - src.scrappers.facebook_scraper - INFO - Acessando Facebook: https://www.instagram.com/eskinahortifruti/
2026-02-10 02:20:39,838 - src.scrappers.facebook_scraper - INFO - Navegou para seção Sobre
2026-02-10 02:20:41,957 - src.scrappers.facebook_scraper - INFO - WhatsApp encontrado: (19) 99452-5426
2026-02-10 02:20:41,958 - src.scrappers.facebook_scraper - INFO - Dados do Facebook extraídos: {'email': None, 'celular_whatsapp': '(19) 99452-5426'}
2026-02-10 02:20:41,973 - src.processors.async_processor - INFO - Novo registro criado: QUITANDA DIAZ
2026-02-10 02:20:49,204 - __main__ - INFO - Iniciando: PIZZARIA CASA VELHA
2026-02-10 02:20:49,205 - src.processors.async_processor - INFO - [112/449] Processando: PIZZARIA CASA VELHA
2026-02-10 02:20:49,288 - src.scrappers.google_scraper - INFO - Buscando: "PIZZARIA CASA VELHA" Mogi Mirim
2026-02-10 02:20:58,484 - src.scrappers.google_scraper - INFO - Dados extraídos para PIZZARIA CASA VELHA: {'telefone': '(19) 3837-3539', 'facebook_link': 'https://www.instagram.com/reel/C8-laPiPc2r/', 'site': 'https://contato21721.wixsite.com/meusite/jagua-gastronomia'}
2026-02-10 02:20:58,620 - src.scrappers.facebook_scraper - INFO - Acessando Facebook: https://www.instagram.com/reel/C8-laPiPc2r/
2026-02-10 02:22:10,202 - src.scrappers.facebook_scraper - INFO - WhatsApp encontrado: (19) 92122-6736
2026-02-10 02:22:10,202 - src.scrappers.facebook_scraper - INFO - Dados do Facebook extraídos: {'email': None, 'celular_whatsapp': '(19) 92122-6736'}
2026-02-10 02:22:10,233 - src.processors.async_processor - INFO - Novo registro criado: PIZZARIA CASA VELHA
2026-02-10 02:22:15,121 - __main__ - INFO - Iniciando: FAZENDA MATA DA CHUVA
2026-02-10 02:22:15,128 - src.processors.async_processor - INFO - [113/449] Processando: FAZENDA MATA DA CHUVA
2026-02-10 02:22:15,235 - src.scrappers.google_scraper - INFO - Buscando: "FAZENDA MATA DA CHUVA" Mogi Mirim
2026-02-10 02:22:19,198 - src.scrappers.google_scraper - WARNING - CAPTCHA detectado via seletor: form#captcha-form
2026-02-10 02:22:19,198 - src.processors.async_processor - WARNING - CAPTCHA detectado para: FAZENDA MATA DA CHUVA
2026-02-10 02:22:19,210 - __main__ - WARNING - CAPTCHA: FAZENDA MATA DA CHUVA - CAPTCHA detectado! Aguardando resolução manual...
2026-02-10 02:22:19,211 - src.scrappers.google_scraper - WARNING - CAPTCHA detectado! Aguardando intervenção humana...
2026-02-10 02:22:19,211 - src.scrappers.google_scraper - WARNING - ============================================================
2026-02-10 02:22:19,213 - src.scrappers.google_scraper - WARNING - ============================================================
2026-02-10 02:22:19,213 - src.scrappers.google_scraper - WARNING - Empresa: FAZENDA MATA DA CHUVA
2026-02-10 02:22:19,214 - src.scrappers.google_scraper - WARNING - Instruções:
2026-02-10 02:22:19,214 - src.scrappers.google_scraper - WARNING - 1. Resolva o CAPTCHA manualmente na janela do navegador
2026-02-10 02:22:19,214 - src.scrappers.google_scraper - WARNING - 2. Aguarde até ver os resultados da busca aparecerem
2026-02-10 02:22:19,214 - src.scrappers.google_scraper - WARNING - 3. O script continuará automaticamente
2026-02-10 02:22:19,214 - src.scrappers.google_scraper - WARNING - ============================================================
2026-02-10 02:23:04,675 - src.scrappers.google_scraper - INFO - Dados extraídos para FAZENDA MATA DA CHUVA: {'telefone': '(19) 99717-1321', 'facebook_link': 'https://www.instagram.com/explore/locations/946537278801776/fazenda-mata-da-chuva/', 'site': 'http://matadachuva.com.br/'}
2026-02-10 02:23:04,801 - src.scrappers.facebook_scraper - INFO - Acessando Facebook: https://www.instagram.com/explore/locations/946537278801776/fazenda-mata-da-chuva/
2026-02-10 02:24:17,528 - src.scrappers.facebook_scraper - INFO - WhatsApp encontrado: (19) 99452-5426
2026-02-10 02:24:17,529 - src.scrappers.facebook_scraper - INFO - Dados do Facebook extraídos: {'email': None, 'celular_whatsapp': '(19) 99452-5426'}
2026-02-10 02:24:17,544 - src.processors.async_processor - INFO - Novo registro criado: FAZENDA MATA DA CHUVA
2026-02-10 02:24:24,189 - __main__ - INFO - Iniciando: GRECON
2026-02-10 02:24:24,191 - src.processors.async_processor - INFO - [114/449] Processando: GRECON
2026-02-10 02:24:24,333 - src.scrappers.google_scraper - INFO - Buscando: "GRECON" Mogi Mirim
2026-02-10 02:24:34,250 - src.scrappers.google_scraper - INFO - Dados extraídos para GRECON: {'telefone': '(19) 64312-8983', 'facebook_link': None, 'site': None}
2026-02-10 02:24:34,275 - src.processors.async_processor - INFO - Novo registro criado: GRECON
2026-02-10 02:24:37,996 - __main__ - INFO - Iniciando: OFICINA MECANICA BIZIGATO
2026-02-10 02:24:38,006 - src.processors.async_processor - INFO - [115/449] Processando: OFICINA MECANICA BIZIGATO
2026-02-10 02:24:38,149 - src.scrappers.google_scraper - INFO - Buscando: "OFICINA MECANICA BIZIGATO" Mogi Mirim
2026-02-10 02:24:50,969 - src.scrappers.google_scraper - INFO - Dados extraídos para OFICINA MECANICA BIZIGATO: {'telefone': '(19) 3862-6263', 'facebook_link': None, 'site': 'http://www.bizigato.com.br/'}
2026-02-10 02:24:50,989 - src.processors.async_processor - INFO - Novo registro criado: OFICINA MECANICA BIZIGATO
2026-02-10 02:24:57,668 - __main__ - INFO - Iniciando: BAR E MERCEARIA ANTOZAGA
2026-02-10 02:24:57,678 - src.processors.async_processor - INFO - [116/449] Processando: BAR E MERCEARIA ANTOZAGA
2026-02-10 02:24:57,847 - src.scrappers.google_scraper - INFO - Buscando: "BAR E MERCEARIA ANTOZAGA" Mogi Mirim
2026-02-10 02:25:07,966 - src.scrappers.google_scraper - INFO - Dados extraídos para BAR E MERCEARIA ANTOZAGA: {'telefone': '(19) 73266-5944', 'facebook_link': None, 'site': None}
2026-02-10 02:25:07,984 - src.processors.async_processor - INFO - Novo registro criado: BAR E MERCEARIA ANTOZAGA
2026-02-10 02:25:14,120 - __main__ - INFO - Iniciando: NEUZA E DAGREGA BOUTIQUE
2026-02-10 02:25:14,129 - src.processors.async_processor - INFO - [117/449] Processando: NEUZA E DAGREGA BOUTIQUE
2026-02-10 02:25:14,284 - src.scrappers.google_scraper - INFO - Buscando: "NEUZA E DAGREGA BOUTIQUE" Mogi Mirim
2026-02-10 02:25:22,318 - src.scrappers.google_scraper - INFO - Dados extraídos para NEUZA E DAGREGA BOUTIQUE: {'telefone': '(19) 98702-6828', 'facebook_link': None, 'site': None}
2026-02-10 02:25:22,341 - src.processors.async_processor - INFO - Novo registro criado: NEUZA E DAGREGA BOUTIQUE
2026-02-10 02:25:28,055 - __main__ - INFO - Iniciando: BAR DO TINA
2026-02-10 02:25:28,058 - src.processors.async_processor - INFO - [118/449] Processando: BAR DO TINA
2026-02-10 02:25:28,188 - src.scrappers.google_scraper - INFO - Buscando: "BAR DO TINA" Mogi Mirim
2026-02-10 02:25:40,192 - src.scrappers.google_scraper - INFO - Dados extraídos para BAR DO TINA: {'telefone': '(19) 3862-5972', 'facebook_link': 'https://www.instagram.com/bardotinamogi/', 'site': 'https://linktr.ee/bardotinamogi'}
2026-02-10 02:25:40,361 - src.scrappers.facebook_scraper - INFO - Acessando Facebook: https://www.instagram.com/bardotinamogi/
2026-02-10 02:25:47,247 - src.scrappers.facebook_scraper - INFO - Navegou para seção Sobre
2026-02-10 02:25:49,406 - src.scrappers.facebook_scraper - INFO - WhatsApp encontrado: (19) 98517-5019
2026-02-10 02:25:49,406 - src.scrappers.facebook_scraper - INFO - Dados do Facebook extraídos: {'email': None, 'celular_whatsapp': '(19) 98517-5019'}
2026-02-10 02:25:49,428 - src.processors.async_processor - INFO - Novo registro criado: BAR DO TINA
2026-02-10 02:25:54,464 - __main__ - INFO - Iniciando: BAR E MERCEARIA DO BRANCO
2026-02-10 02:25:54,481 - src.processors.async_processor - INFO - [119/449] Processando: BAR E MERCEARIA DO BRANCO
2026-02-10 02:25:54,557 - src.scrappers.google_scraper - INFO - Buscando: "BAR E MERCEARIA DO BRANCO" Mogi Mirim
2026-02-10 02:26:02,644 - src.scrappers.google_scraper - INFO - Dados extraídos para BAR E MERCEARIA DO BRANCO: {'telefone': '8997-8449', 'facebook_link': None, 'site': None}
2026-02-10 02:26:02,664 - src.processors.async_processor - INFO - Novo registro criado: BAR E MERCEARIA DO BRANCO
2026-02-10 02:26:08,136 - __main__ - INFO - Iniciando: MOJIMOVEIS
2026-02-10 02:26:08,144 - src.processors.async_processor - INFO - [120/449] Processando: MOJIMOVEIS
2026-02-10 02:26:08,291 - src.scrappers.google_scraper - INFO - Buscando: "MOJIMOVEIS" Mogi Mirim
2026-02-10 02:26:18,499 - src.scrappers.google_scraper - INFO - Dados extraídos para MOJIMOVEIS: {'telefone': '8997-8449', 'facebook_link': None, 'site': None}
2026-02-10 02:26:18,524 - src.processors.async_processor - INFO - Novo registro criado: MOJIMOVEIS
2026-02-10 02:26:22,340 - __main__ - INFO - Iniciando: DESTAQUE MODAS
2026-02-10 02:26:22,349 - src.processors.async_processor - INFO - [121/449] Processando: DESTAQUE MODAS
2026-02-10 02:26:22,504 - src.scrappers.google_scraper - INFO - Buscando: "DESTAQUE MODAS" Mogi Mirim
2026-02-10 02:26:31,444 - src.scrappers.google_scraper - INFO - Dados extraídos para DESTAQUE MODAS: {'telefone': '(19) 3442-1394', 'facebook_link': 'https://www.instagram.com/reel/C-KnpNOuHKn/', 'site': None}
2026-02-10 02:26:31,608 - src.scrappers.facebook_scraper - INFO - Acessando Facebook: https://www.instagram.com/reel/C-KnpNOuHKn/
2026-02-10 02:27:43,370 - src.scrappers.facebook_scraper - INFO - WhatsApp encontrado: (19) 92301-3853
2026-02-10 02:27:43,371 - src.scrappers.facebook_scraper - INFO - Dados do Facebook extraídos: {'email': None, 'celular_whatsapp': '(19) 92301-3853'}
2026-02-10 02:27:43,392 - src.processors.async_processor - INFO - Novo registro criado: DESTAQUE MODAS
2026-02-10 02:27:50,011 - __main__ - INFO - Iniciando: ORGANIZACAO POLI ENGENHARIA DE PROJETO E ASSIST TECNICA
2026-02-10 02:27:50,026 - src.processors.async_processor - INFO - [122/449] Processando: ORGANIZACAO POLI ENGENHARIA DE PROJETO E ASSIST TECNICA
2026-02-10 02:27:50,143 - src.scrappers.google_scraper - INFO - Buscando: "ORGANIZACAO POLI ENGENHARIA DE PROJETO E ASSIST TECNICA" Mogi Mirim
2026-02-10 02:27:57,829 - src.scrappers.google_scraper - INFO - Dados extraídos para ORGANIZACAO POLI ENGENHARIA DE PROJETO E ASSIST TECNICA: {'telefone': '8997-8449', 'facebook_link': None, 'site': None}
2026-02-10 02:27:57,853 - src.processors.async_processor - INFO - Novo registro criado: ORGANIZACAO POLI ENGENHARIA DE PROJETO E ASSIST TECNICA
2026-02-10 02:28:01,848 - __main__ - INFO - Iniciando: ACOUGUE STO ANTONIO
2026-02-10 02:28:01,850 - src.processors.async_processor - INFO - [123/449] Processando: ACOUGUE STO ANTONIO
2026-02-10 02:28:01,975 - src.scrappers.google_scraper - INFO - Buscando: "ACOUGUE STO ANTONIO" Mogi Mirim
2026-02-10 02:28:11,407 - src.scrappers.google_scraper - INFO - Dados extraídos para ACOUGUE STO ANTONIO: {'telefone': '(19) 3806-2833', 'facebook_link': 'https://www.instagram.com/reel/DKe6D2CRKaX/', 'site': None}
2026-02-10 02:28:11,605 - src.scrappers.facebook_scraper - INFO - Acessando Facebook: https://www.instagram.com/reel/DKe6D2CRKaX/
2026-02-10 02:29:23,031 - src.scrappers.facebook_scraper - INFO - WhatsApp encontrado: (19) 99452-5426
2026-02-10 02:29:23,031 - src.scrappers.facebook_scraper - INFO - Dados do Facebook extraídos: {'email': None, 'celular_whatsapp': '(19) 99452-5426'}
2026-02-10 02:29:23,053 - src.processors.async_processor - INFO - Novo registro criado: ACOUGUE STO ANTONIO
2026-02-10 02:29:26,527 - __main__ - INFO - Iniciando: CASA SOUTO REFRIGERACAO
2026-02-10 02:29:26,535 - src.processors.async_processor - INFO - [124/449] Processando: CASA SOUTO REFRIGERACAO
2026-02-10 02:29:26,658 - src.scrappers.google_scraper - INFO - Buscando: "CASA SOUTO REFRIGERACAO" Mogi Mirim
2026-02-10 02:29:30,962 - src.scrappers.google_scraper - WARNING - CAPTCHA detectado via seletor: form#captcha-form
2026-02-10 02:29:30,962 - src.processors.async_processor - WARNING - CAPTCHA detectado para: CASA SOUTO REFRIGERACAO
2026-02-10 02:29:30,974 - __main__ - WARNING - CAPTCHA: CASA SOUTO REFRIGERACAO - CAPTCHA detectado! Aguardando resolução manual...
2026-02-10 02:29:30,974 - src.scrappers.google_scraper - WARNING - CAPTCHA detectado! Aguardando intervenção humana...
2026-02-10 02:29:30,974 - src.scrappers.google_scraper - WARNING - ============================================================
2026-02-10 02:29:30,976 - src.scrappers.google_scraper - WARNING - ============================================================
2026-02-10 02:29:30,976 - src.scrappers.google_scraper - WARNING - Empresa: CASA SOUTO REFRIGERACAO
2026-02-10 02:29:30,977 - src.scrappers.google_scraper - WARNING - Instruções:
2026-02-10 02:29:30,977 - src.scrappers.google_scraper - WARNING - 1. Resolva o CAPTCHA manualmente na janela do navegador
2026-02-10 02:29:30,977 - src.scrappers.google_scraper - WARNING - 2. Aguarde até ver os resultados da busca aparecerem
2026-02-10 02:29:30,977 - src.scrappers.google_scraper - WARNING - 3. O script continuará automaticamente
2026-02-10 02:29:30,977 - src.scrappers.google_scraper - WARNING - ============================================================
2026-02-10 02:29:44,525 - src.scrappers.google_scraper - INFO - Dados extraídos para CASA SOUTO REFRIGERACAO: {'telefone': '(19) 3862-2480', 'facebook_link': 'https://www.facebook.com/soutorefrigeracao/', 'site': None}
2026-02-10 02:29:44,696 - src.scrappers.facebook_scraper - INFO - Acessando Facebook: https://www.facebook.com/soutorefrigeracao/
2026-02-10 02:30:56,891 - src.scrappers.facebook_scraper - INFO - WhatsApp encontrado: (19) 99452-5426
2026-02-10 02:30:56,892 - src.scrappers.facebook_scraper - INFO - Dados do Facebook extraídos: {'email': None, 'celular_whatsapp': '(19) 99452-5426'}
2026-02-10 02:30:56,914 - src.processors.async_processor - INFO - Novo registro criado: CASA SOUTO REFRIGERACAO
2026-02-10 02:31:01,573 - __main__ - INFO - Iniciando: AMETISTA COSMETICOS
2026-02-10 02:31:01,574 - src.processors.async_processor - INFO - [125/449] Processando: AMETISTA COSMETICOS
2026-02-10 02:31:01,697 - src.scrappers.google_scraper - INFO - Buscando: "AMETISTA COSMETICOS" Mogi Mirim
2026-02-10 02:31:10,875 - src.scrappers.google_scraper - INFO - Dados extraídos para AMETISTA COSMETICOS: {'telefone': '(19) 3549-1859', 'facebook_link': 'https://www.instagram.com/daikincosmeticosmogi/', 'site': None}
2026-02-10 02:31:11,064 - src.scrappers.facebook_scraper - INFO - Acessando Facebook: https://www.instagram.com/daikincosmeticosmogi/
2026-02-10 02:31:17,882 - src.scrappers.facebook_scraper - INFO - Navegou para seção Sobre
2026-02-10 02:31:20,054 - src.scrappers.facebook_scraper - INFO - WhatsApp encontrado: (19) 99452-5426
2026-02-10 02:31:20,054 - src.scrappers.facebook_scraper - INFO - Dados do Facebook extraídos: {'email': None, 'celular_whatsapp': '(19) 99452-5426'}
2026-02-10 02:31:20,073 - src.processors.async_processor - INFO - Novo registro criado: AMETISTA COSMETICOS
2026-02-10 02:31:24,886 - __main__ - INFO - Iniciando: LOJA REAL
2026-02-10 02:31:24,897 - src.processors.async_processor - INFO - [126/449] Processando: LOJA REAL
2026-02-10 02:31:24,995 - src.scrappers.google_scraper - INFO - Buscando: "LOJA REAL" Mogi Mirim
2026-02-10 02:31:33,824 - src.scrappers.google_scraper - INFO - Dados extraídos para LOJA REAL: {'telefone': '(19) 3862-3815', 'facebook_link': 'https://www.instagram.com/reel/DCosleWxVxm/', 'site': None}
2026-02-10 02:31:33,937 - src.scrappers.facebook_scraper - INFO - Acessando Facebook: https://www.instagram.com/reel/DCosleWxVxm/
2026-02-10 02:32:45,549 - src.scrappers.facebook_scraper - INFO - WhatsApp encontrado: (19) 91466-5237
2026-02-10 02:32:45,549 - src.scrappers.facebook_scraper - INFO - Dados do Facebook extraídos: {'email': None, 'celular_whatsapp': '(19) 91466-5237'}
2026-02-10 02:32:45,578 - src.processors.async_processor - INFO - Novo registro criado: LOJA REAL
2026-02-10 02:32:50,985 - __main__ - INFO - Iniciando: TERRAPLENAGEM TOLEDO
2026-02-10 02:32:50,992 - src.processors.async_processor - INFO - [127/449] Processando: TERRAPLENAGEM TOLEDO
2026-02-10 02:32:51,098 - src.scrappers.google_scraper - INFO - Buscando: "TERRAPLENAGEM TOLEDO" Mogi Mirim
2026-02-10 02:32:59,670 - src.scrappers.google_scraper - INFO - Dados extraídos para TERRAPLENAGEM TOLEDO: {'telefone': '(19) 99715-1525', 'facebook_link': None, 'site': None}
2026-02-10 02:32:59,705 - src.processors.async_processor - INFO - Novo registro criado: TERRAPLENAGEM TOLEDO
2026-02-10 02:33:03,839 - __main__ - INFO - Iniciando: ELETRO PIEROBON
2026-02-10 02:33:03,850 - src.processors.async_processor - INFO - [128/449] Processando: ELETRO PIEROBON
2026-02-10 02:33:03,961 - src.scrappers.google_scraper - INFO - Buscando: "ELETRO PIEROBON" Mogi Mirim
2026-02-10 02:33:12,688 - src.scrappers.google_scraper - INFO - Dados extraídos para ELETRO PIEROBON: {'telefone': '(19) 3862-4561', 'facebook_link': 'https://www.facebook.com/EletroChaveiroBorim/', 'site': 'http://www.eletroferrimotores.com.br/'}
2026-02-10 02:33:12,792 - src.scrappers.facebook_scraper - INFO - Acessando Facebook: https://www.facebook.com/EletroChaveiroBorim/
2026-02-10 02:34:25,111 - src.scrappers.facebook_scraper - INFO - Email encontrado: borimcarimbos@uol.com.br
2026-02-10 02:34:25,113 - src.scrappers.facebook_scraper - INFO - WhatsApp encontrado: (19) 98128-1144
2026-02-10 02:34:25,114 - src.scrappers.facebook_scraper - INFO - Dados do Facebook extraídos: {'email': 'borimcarimbos@uol.com.br', 'celular_whatsapp': '(19) 98128-1144'}
2026-02-10 02:34:25,141 - src.processors.async_processor - INFO - Novo registro criado: ELETRO PIEROBON
2026-02-10 02:34:31,042 - __main__ - INFO - Iniciando: CASA ARAGUAIA
2026-02-10 02:34:31,051 - src.processors.async_processor - INFO - [129/449] Processando: CASA ARAGUAIA
2026-02-10 02:34:31,136 - src.scrappers.google_scraper - INFO - Buscando: "CASA ARAGUAIA" Mogi Mirim
2026-02-10 02:34:39,811 - src.scrappers.google_scraper - INFO - Dados extraídos para CASA ARAGUAIA: {'telefone': '(19) 8201-1619', 'facebook_link': None, 'site': None}
2026-02-10 02:34:39,841 - src.processors.async_processor - INFO - Novo registro criado: CASA ARAGUAIA
2026-02-10 02:34:44,495 - __main__ - INFO - Iniciando: METALURGICA LUNAR
2026-02-10 02:34:44,503 - src.processors.async_processor - INFO - [130/449] Processando: METALURGICA LUNAR
2026-02-10 02:34:44,608 - src.scrappers.google_scraper - INFO - Buscando: "METALURGICA LUNAR" Mogi Mirim
2026-02-10 02:34:52,908 - src.scrappers.google_scraper - INFO - Dados extraídos para METALURGICA LUNAR: {'telefone': '(19) 3843-3064', 'facebook_link': None, 'site': 'http://www.metalurgicalune.com.br/'}
2026-02-10 02:34:52,941 - src.processors.async_processor - INFO - Novo registro criado: METALURGICA LUNAR
2026-02-10 02:34:58,402 - __main__ - INFO - Iniciando: COMERCIO DE CONFECCOES MALVEZZI
2026-02-10 02:34:58,413 - src.processors.async_processor - INFO - [131/449] Processando: COMERCIO DE CONFECCOES MALVEZZI
2026-02-10 02:34:58,513 - src.scrappers.google_scraper - INFO - Buscando: "COMERCIO DE CONFECCOES MALVEZZI" Mogi Mirim
2026-02-10 02:35:07,595 - src.scrappers.google_scraper - INFO - Dados extraídos para COMERCIO DE CONFECCOES MALVEZZI: {'telefone': '(19) 3806-3003', 'facebook_link': None, 'site': None}
2026-02-10 02:35:07,623 - src.processors.async_processor - INFO - Novo registro criado: COMERCIO DE CONFECCOES MALVEZZI
2026-02-10 02:35:13,007 - __main__ - INFO - Iniciando: CONSTRARTE
2026-02-10 02:35:13,008 - src.processors.async_processor - INFO - [132/449] Processando: CONSTRARTE
2026-02-10 02:35:13,077 - src.scrappers.google_scraper - INFO - Buscando: "CONSTRARTE" Mogi Mirim
2026-02-10 02:35:24,247 - src.scrappers.google_scraper - INFO - Dados extraídos para CONSTRARTE: {'telefone': '(19) 3517-1700', 'facebook_link': 'https://www.instagram.com/reel/DNys9FwXJum/', 'site': None}
2026-02-10 02:35:24,366 - src.scrappers.facebook_scraper - INFO - Acessando Facebook: https://www.instagram.com/reel/DNys9FwXJum/
2026-02-10 02:36:36,137 - src.scrappers.facebook_scraper - INFO - WhatsApp encontrado: (19) 91125-6344
2026-02-10 02:36:36,137 - src.scrappers.facebook_scraper - INFO - Dados do Facebook extraídos: {'email': None, 'celular_whatsapp': '(19) 91125-6344'}
2026-02-10 02:36:36,166 - src.processors.async_processor - INFO - Novo registro criado: CONSTRARTE
2026-02-10 02:36:43,715 - __main__ - INFO - Iniciando: BAR BRUNO
2026-02-10 02:36:43,723 - src.processors.async_processor - INFO - [133/449] Processando: BAR BRUNO
2026-02-10 02:36:43,807 - src.scrappers.google_scraper - INFO - Buscando: "BAR BRUNO" Mogi Mirim
2026-02-10 02:36:53,177 - src.scrappers.google_scraper - INFO - Dados extraídos para BAR BRUNO: {'telefone': '(19) 42182-5358', 'facebook_link': 'https://www.instagram.com/reel/DSL8qUSjsT0/', 'site': None}
2026-02-10 02:36:53,304 - src.scrappers.facebook_scraper - INFO - Acessando Facebook: https://www.instagram.com/reel/DSL8qUSjsT0/
2026-02-10 02:38:04,994 - src.scrappers.facebook_scraper - INFO - WhatsApp encontrado: (19) 99452-5426
2026-02-10 02:38:04,995 - src.scrappers.facebook_scraper - INFO - Dados do Facebook extraídos: {'email': None, 'celular_whatsapp': '(19) 99452-5426'}
2026-02-10 02:38:05,026 - src.processors.async_processor - INFO - Novo registro criado: BAR BRUNO
2026-02-10 02:38:08,479 - __main__ - INFO - Iniciando: M S MIRANDA PECAS E SERVICOS
2026-02-10 02:38:08,488 - src.processors.async_processor - INFO - [134/449] Processando: M S MIRANDA PECAS E SERVICOS
2026-02-10 02:38:08,599 - src.scrappers.google_scraper - INFO - Buscando: "M S MIRANDA PECAS E SERVICOS" Mogi Mirim
2026-02-10 02:38:17,931 - src.scrappers.google_scraper - INFO - Dados extraídos para M S MIRANDA PECAS E SERVICOS: {'telefone': '(19) 3861-5259', 'facebook_link': None, 'site': None}
2026-02-10 02:38:17,974 - src.processors.async_processor - INFO - Novo registro criado: M S MIRANDA PECAS E SERVICOS
2026-02-10 02:38:25,269 - __main__ - INFO - Iniciando: TABELIONATO CANI
2026-02-10 02:38:25,272 - src.processors.async_processor - INFO - [135/449] Processando: TABELIONATO CANI
2026-02-10 02:38:25,369 - src.scrappers.google_scraper - INFO - Buscando: "TABELIONATO CANI" Mogi Mirim
2026-02-10 02:38:37,610 - src.scrappers.google_scraper - INFO - Dados extraídos para TABELIONATO CANI: {'telefone': '(19) 3806-5340', 'facebook_link': None, 'site': 'https://2tabeliaomogimirim.com.br/'}
2026-02-10 02:38:37,640 - src.processors.async_processor - INFO - Novo registro criado: TABELIONATO CANI
2026-02-10 02:38:43,620 - __main__ - INFO - Iniciando: CASA DAS BATERIAS SANTA CRUZ
2026-02-10 02:38:43,626 - src.processors.async_processor - INFO - [136/449] Processando: CASA DAS BATERIAS SANTA CRUZ
2026-02-10 02:38:43,713 - src.scrappers.google_scraper - INFO - Buscando: "CASA DAS BATERIAS SANTA CRUZ" Mogi Mirim
2026-02-10 02:38:55,419 - src.scrappers.google_scraper - INFO - Dados extraídos para CASA DAS BATERIAS SANTA CRUZ: {'telefone': '(19) 99917-9511', 'facebook_link': 'https://www.facebook.com/Auto-El%C3%A9trica-Santa-Cruz-2129672133989137/', 'site': None}
2026-02-10 02:38:55,532 - src.scrappers.facebook_scraper - INFO - Acessando Facebook: https://www.facebook.com/Auto-El%C3%A9trica-Santa-Cruz-2129672133989137/
2026-02-10 02:39:35,283 - src.scrappers.facebook_scraper - INFO - Email encontrado: sc.autoeletrica@hotmail.com
2026-02-10 02:39:35,285 - src.scrappers.facebook_scraper - INFO - WhatsApp encontrado: (19) 99452-5426
2026-02-10 02:39:35,286 - src.scrappers.facebook_scraper - INFO - Dados do Facebook extraídos: {'email': 'sc.autoeletrica@hotmail.com', 'celular_whatsapp': '(19) 99452-5426'}
2026-02-10 02:39:35,320 - src.processors.async_processor - INFO - Novo registro criado: CASA DAS BATERIAS SANTA CRUZ
2026-02-10 02:39:40,307 - __main__ - INFO - Iniciando: MERCEARIA E EMPORIO SANTACECILIA
2026-02-10 02:39:40,318 - src.processors.async_processor - INFO - [137/449] Processando: MERCEARIA E EMPORIO SANTACECILIA
2026-02-10 02:39:40,445 - src.scrappers.google_scraper - INFO - Buscando: "MERCEARIA E EMPORIO SANTACECILIA" Mogi Mirim
2026-02-10 02:39:52,916 - src.scrappers.google_scraper - INFO - Dados extraídos para MERCEARIA E EMPORIO SANTACECILIA: {'telefone': '(19) 3549-8226', 'facebook_link': None, 'site': None}
2026-02-10 02:39:52,942 - src.processors.async_processor - INFO - Novo registro criado: MERCEARIA E EMPORIO SANTACECILIA
2026-02-10 02:39:58,465 - __main__ - INFO - Iniciando: NOSSO BAR
2026-02-10 02:39:58,471 - src.processors.async_processor - INFO - [138/449] Processando: NOSSO BAR
2026-02-10 02:39:58,565 - src.scrappers.google_scraper - INFO - Buscando: "NOSSO BAR" Mogi Mirim
2026-02-10 02:40:07,902 - src.scrappers.google_scraper - INFO - Dados extraídos para NOSSO BAR: {'telefone': '(19) 99835-1384', 'facebook_link': 'https://www.instagram.com/nossobarerestaurante_/', 'site': None}
2026-02-10 02:40:08,018 - src.scrappers.facebook_scraper - INFO - Acessando Facebook: https://www.instagram.com/nossobarerestaurante_/
2026-02-10 02:40:14,972 - src.scrappers.facebook_scraper - INFO - Navegou para seção Sobre
2026-02-10 02:40:17,134 - src.scrappers.facebook_scraper - INFO - WhatsApp encontrado: (19) 99452-5426
2026-02-10 02:40:17,134 - src.scrappers.facebook_scraper - INFO - Dados do Facebook extraídos: {'email': None, 'celular_whatsapp': '(19) 99452-5426'}
2026-02-10 02:40:17,152 - src.processors.async_processor - INFO - Novo registro criado: NOSSO BAR
2026-02-10 02:40:22,512 - __main__ - INFO - Iniciando: RESTAURANTE CHANEL
2026-02-10 02:40:22,523 - src.processors.async_processor - INFO - [139/449] Processando: RESTAURANTE CHANEL
2026-02-10 02:40:22,607 - src.scrappers.google_scraper - INFO - Buscando: "RESTAURANTE CHANEL" Mogi Mirim
2026-02-10 02:40:31,175 - src.scrappers.google_scraper - INFO - Dados extraídos para RESTAURANTE CHANEL: {'telefone': '(19) 3805-3125', 'facebook_link': None, 'site': None}
2026-02-10 02:40:31,209 - src.processors.async_processor - INFO - Novo registro criado: RESTAURANTE CHANEL
2026-02-10 02:40:36,402 - __main__ - INFO - Iniciando: SUPERMERCADO VITORIA
2026-02-10 02:40:36,413 - src.processors.async_processor - INFO - [140/449] Processando: SUPERMERCADO VITORIA
2026-02-10 02:40:36,501 - src.scrappers.google_scraper - INFO - Buscando: "SUPERMERCADO VITORIA" Mogi Mirim
2026-02-10 02:40:41,089 - src.scrappers.google_scraper - WARNING - CAPTCHA detectado via seletor: form#captcha-form
2026-02-10 02:40:41,090 - src.processors.async_processor - WARNING - CAPTCHA detectado para: SUPERMERCADO VITORIA
2026-02-10 02:40:41,102 - __main__ - WARNING - CAPTCHA: SUPERMERCADO VITORIA - CAPTCHA detectado! Aguardando resolução manual...
2026-02-10 02:40:41,102 - src.scrappers.google_scraper - WARNING - CAPTCHA detectado! Aguardando intervenção humana...
2026-02-10 02:40:41,102 - src.scrappers.google_scraper - WARNING - ============================================================
2026-02-10 02:40:41,104 - src.scrappers.google_scraper - WARNING - ============================================================
2026-02-10 02:40:41,104 - src.scrappers.google_scraper - WARNING - Empresa: SUPERMERCADO VITORIA
2026-02-10 02:40:41,105 - src.scrappers.google_scraper - WARNING - Instruções:
2026-02-10 02:40:41,105 - src.scrappers.google_scraper - WARNING - 1. Resolva o CAPTCHA manualmente na janela do navegador
2026-02-10 02:40:41,105 - src.scrappers.google_scraper - WARNING - 2. Aguarde até ver os resultados da busca aparecerem
2026-02-10 02:40:41,105 - src.scrappers.google_scraper - WARNING - 3. O script continuará automaticamente
2026-02-10 02:40:41,105 - src.scrappers.google_scraper - WARNING - ============================================================
2026-02-10 02:45:41,124 - src.scrappers.google_scraper - ERROR - Timeout aguardando resolução do CAPTCHA
2026-02-10 02:45:41,194 - src.processors.async_processor - ERROR - CAPTCHA detectado para SUPERMERCADO VITORIA: Timeout ao aguardar resolução manual do CAPTCHA
2026-02-10 02:45:41,200 - __main__ - ERROR - Erro em SUPERMERCADO VITORIA: CAPTCHA: Timeout ao aguardar resolução manual do CAPTCHA
2026-02-10 02:45:41,228 - src.processors.async_processor - WARNING - DICA: Execute novamente com headless=False para resolver CAPTCHAs manualmente
2026-02-10 02:45:41,265 - __main__ - INFO - Iniciando: ALCARA AMBULANTE
2026-02-10 02:45:41,266 - src.processors.async_processor - INFO - [141/449] Processando: ALCARA AMBULANTE
2026-02-10 02:45:41,333 - src.scrappers.google_scraper - INFO - Buscando: "ALCARA AMBULANTE" Mogi Mirim
2026-02-10 02:45:45,614 - src.scrappers.google_scraper - WARNING - CAPTCHA detectado via seletor: form#captcha-form
2026-02-10 02:45:45,614 - src.processors.async_processor - WARNING - CAPTCHA detectado para: ALCARA AMBULANTE
2026-02-10 02:45:45,626 - __main__ - WARNING - CAPTCHA: ALCARA AMBULANTE - CAPTCHA detectado! Aguardando resolução manual...
2026-02-10 02:45:45,627 - src.scrappers.google_scraper - WARNING - CAPTCHA detectado! Aguardando intervenção humana...
2026-02-10 02:45:45,627 - src.scrappers.google_scraper - WARNING - ============================================================
2026-02-10 02:45:45,630 - src.scrappers.google_scraper - WARNING - ============================================================
2026-02-10 02:45:45,630 - src.scrappers.google_scraper - WARNING - Empresa: ALCARA AMBULANTE
2026-02-10 02:45:45,631 - src.scrappers.google_scraper - WARNING - Instruções:
2026-02-10 02:45:45,631 - src.scrappers.google_scraper - WARNING - 1. Resolva o CAPTCHA manualmente na janela do navegador
2026-02-10 02:45:45,631 - src.scrappers.google_scraper - WARNING - 2. Aguarde até ver os resultados da busca aparecerem
2026-02-10 02:45:45,631 - src.scrappers.google_scraper - WARNING - 3. O script continuará automaticamente
2026-02-10 02:45:45,632 - src.scrappers.google_scraper - WARNING - ============================================================
2026-02-10 02:48:07,026 - src.scrappers.google_scraper - ERROR - Erro ao buscar ALCARA AMBULANTE: Page.wait_for_selector: Target page, context or browser has been closed
Call log:
waiting for locator("div#search") to be visible

2026-02-10 02:48:07,043 - src.processors.async_processor - INFO - Novo registro criado: ALCARA AMBULANTE
2026-02-10 02:48:07,215 - __main__ - INFO - Concluído: ALCARA AMBULANTE - Sem dados
2026-02-10 02:48:11,589 - __main__ - INFO - Iniciando: CASA DAS PARABOLICAS
2026-02-10 02:48:11,597 - src.processors.async_processor - INFO - [142/449] Processando: CASA DAS PARABOLICAS
2026-02-10 02:48:11,616 - src.processors.async_processor - ERROR - Erro ao processar CASA DAS PARABOLICAS: BrowserContext.new_page: Target page, context or browser has been closed
2026-02-10 02:48:11,621 - __main__ - ERROR - Erro em CASA DAS PARABOLICAS: BrowserContext.new_page: Target page, context or browser has been closed
2026-02-10 02:48:11,685 - __main__ - INFO - Iniciando: TERRA PRODUTOS NATURAIS E COSMETICOS
2026-02-10 02:48:11,686 - src.processors.async_processor - INFO - [143/449] Processando: TERRA PRODUTOS NATURAIS E COSMETICOS
2026-02-10 02:48:11,691 - src.processors.async_processor - ERROR - Erro ao processar TERRA PRODUTOS NATURAIS E COSMETICOS: BrowserContext.new_page: Target page, context or browser has been closed
2026-02-10 02:48:11,693 - __main__ - ERROR - Erro em TERRA PRODUTOS NATURAIS E COSMETICOS: BrowserContext.new_page: Target page, context or browser has been closed
2026-02-10 02:48:11,694 - __main__ - INFO - Iniciando: REFRIGERACAO MIRAGEL
2026-02-10 02:48:11,694 - src.processors.async_processor - INFO - [144/449] Processando: REFRIGERACAO MIRAGEL
2026-02-10 02:48:11,699 - src.processors.async_processor - ERROR - Erro ao processar REFRIGERACAO MIRAGEL: BrowserContext.new_page: Target page, context or browser has been closed
2026-02-10 02:48:11,700 - __main__ - ERROR - Erro em REFRIGERACAO MIRAGEL: BrowserContext.new_page: Target page, context or browser has been closed
2026-02-10 02:48:11,701 - __main__ - INFO - Iniciando: BAR DO FERNE
2026-02-10 02:48:11,702 - src.processors.async_processor - INFO - [145/449] Processando: BAR DO FERNE
2026-02-10 02:48:11,748 - src.processors.async_processor - ERROR - Erro ao processar BAR DO FERNE: BrowserContext.new_page: Target page, context or browser has been closed
2026-02-10 02:48:11,750 - __main__ - ERROR - Erro em BAR DO FERNE: BrowserContext.new_page: Target page, context or browser has been closed
2026-02-10 02:48:11,750 - __main__ - INFO - Iniciando: RODASA-CARROCERIAS E MAQUINAS PARA SERRAR MADEIRA
2026-02-10 02:48:11,751 - src.processors.async_processor - INFO - [146/449] Processando: RODASA-CARROCERIAS E MAQUINAS PARA SERRAR MADEIRA
2026-02-10 02:48:11,755 - src.processors.async_processor - ERROR - Erro ao processar RODASA-CARROCERIAS E MAQUINAS PARA SERRAR MADEIRA: BrowserContext.new_page: Target page, context or browser has been closed
2026-02-10 02:48:11,757 - __main__ - ERROR - Erro em RODASA-CARROCERIAS E MAQUINAS PARA SERRAR MADEIRA: BrowserContext.new_page: Target page, context or browser has been closed
2026-02-10 02:48:11,757 - __main__ - INFO - Iniciando: QUITANDA E MERCEARIA NOSSA SENHORA APARECIDA
2026-02-10 02:48:11,758 - src.processors.async_processor - INFO - [147/449] Processando: QUITANDA E MERCEARIA NOSSA SENHORA APARECIDA
2026-02-10 02:48:11,763 - src.processors.async_processor - ERROR - Erro ao processar QUITANDA E MERCEARIA NOSSA SENHORA APARECIDA: BrowserContext.new_page: Target page, context or browser has been closed
2026-02-10 02:48:11,764 - __main__ - ERROR - Erro em QUITANDA E MERCEARIA NOSSA SENHORA APARECIDA: BrowserContext.new_page: Target page, context or browser has been closed
2026-02-10 02:48:11,765 - __main__ - INFO - Iniciando: RELOJOARIA PESSINI
2026-02-10 02:48:11,765 - src.processors.async_processor - INFO - [148/449] Processando: RELOJOARIA PESSINI
2026-02-10 02:48:11,770 - src.processors.async_processor - ERROR - Erro ao processar RELOJOARIA PESSINI: BrowserContext.new_page: Target page, context or browser has been closed
2026-02-10 02:48:11,771 - __main__ - ERROR - Erro em RELOJOARIA PESSINI: BrowserContext.new_page: Target page, context or browser has been closed
2026-02-10 02:48:11,816 - __main__ - INFO - Iniciando: BONSAI CONFECCOES
2026-02-10 02:48:11,816 - src.processors.async_processor - INFO - [149/449] Processando: BONSAI CONFECCOES
2026-02-10 02:48:11,821 - src.processors.async_processor - ERROR - Erro ao processar BONSAI CONFECCOES: BrowserContext.new_page: Target page, context or browser has been closed
2026-02-10 02:48:11,823 - __main__ - ERROR - Erro em BONSAI CONFECCOES: BrowserContext.new_page: Target page, context or browser has been closed
2026-02-10 02:48:11,823 - __main__ - INFO - Iniciando: SOMAR
2026-02-10 02:48:11,824 - src.processors.async_processor - INFO - [150/449] Processando: SOMAR
2026-02-10 02:48:11,829 - src.processors.async_processor - ERROR - Erro ao processar SOMAR: BrowserContext.new_page: Target page, context or browser has been closed
2026-02-10 02:48:11,830 - __main__ - ERROR - Erro em SOMAR: BrowserContext.new_page: Target page, context or browser has been closed
2026-02-10 02:48:11,831 - __main__ - INFO - Iniciando: KIT-LAR
2026-02-10 02:48:11,831 - src.processors.async_processor - INFO - [151/449] Processando: KIT-LAR
2026-02-10 02:48:11,836 - src.processors.async_processor - ERROR - Erro ao processar KIT-LAR: BrowserContext.new_page: Target page, context or browser has been closed
2026-02-10 02:48:11,837 - __main__ - ERROR - Erro em KIT-LAR: BrowserContext.new_page: Target page, context or browser has been closed
2026-02-10 02:48:11,838 - __main__ - INFO - Iniciando: PARRA SERVICOS
2026-02-10 02:48:11,854 - src.processors.async_processor - INFO - [152/449] Processando: PARRA SERVICOS
2026-02-10 02:48:11,883 - src.processors.async_processor - ERROR - Erro ao processar PARRA SERVICOS: BrowserContext.new_page: Target page, context or browser has been closed
2026-02-10 02:48:11,884 - __main__ - ERROR - Erro em PARRA SERVICOS: BrowserContext.new_page: Target page, context or browser has been closed
2026-02-10 02:48:11,885 - __main__ - INFO - Iniciando: EDILUZ BRASIL LIVRARIA DA LUZ EDITORA E DISTRIBUIDORA
2026-02-10 02:48:11,886 - src.processors.async_processor - INFO - [153/449] Processando: EDILUZ BRASIL LIVRARIA DA LUZ EDITORA E DISTRIBUIDORA
2026-02-10 02:48:11,890 - src.processors.async_processor - ERROR - Erro ao processar EDILUZ BRASIL LIVRARIA DA LUZ EDITORA E DISTRIBUIDORA: BrowserContext.new_page: Target page, context or browser has been closed
2026-02-10 02:48:11,892 - __main__ - ERROR - Erro em EDILUZ BRASIL LIVRARIA DA LUZ EDITORA E DISTRIBUIDORA: BrowserContext.new_page: Target page, context or browser has been closed
2026-02-10 02:48:11,892 - __main__ - INFO - Iniciando: BAR E LANCHONETE CHOPAO
2026-02-10 02:48:11,893 - src.processors.async_processor - INFO - [154/449] Processando: BAR E LANCHONETE CHOPAO
2026-02-10 02:48:11,898 - src.processors.async_processor - ERROR - Erro ao processar BAR E LANCHONETE CHOPAO: BrowserContext.new_page: Target page, context or browser has been closed
2026-02-10 02:48:11,899 - __main__ - ERROR - Erro em BAR E LANCHONETE CHOPAO: BrowserContext.new_page: Target page, context or browser has been closed
2026-02-10 02:48:11,900 - __main__ - INFO - Iniciando: FRIOS BIAZOTTO
2026-02-10 02:48:11,900 - src.processors.async_processor - INFO - [155/449] Processando: FRIOS BIAZOTTO
2026-02-10 02:48:11,905 - src.processors.async_processor - ERROR - Erro ao processar FRIOS BIAZOTTO: BrowserContext.new_page: Target page, context or browser has been closed
2026-02-10 02:48:11,954 - __main__ - ERROR - Erro em FRIOS BIAZOTTO: BrowserContext.new_page: Target page, context or browser has been closed
2026-02-10 02:48:11,955 - __main__ - INFO - Iniciando: 1921
2026-02-10 02:48:11,956 - src.processors.async_processor - INFO - [156/449] Processando: 1921
2026-02-10 02:48:11,961 - src.processors.async_processor - ERROR - Erro ao processar 1921: BrowserContext.new_page: Target page, context or browser has been closed
2026-02-10 02:48:11,963 - __main__ - ERROR - Erro em 1921: BrowserContext.new_page: Target page, context or browser has been closed
2026-02-10 02:48:11,963 - __main__ - INFO - Iniciando: SKILUS SORVETERIA
2026-02-10 02:48:11,964 - src.processors.async_processor - INFO - [157/449] Processando: SKILUS SORVETERIA
2026-02-10 02:48:11,969 - src.processors.async_processor - ERROR - Erro ao processar SKILUS SORVETERIA: BrowserContext.new_page: Target page, context or browser has been closed
2026-02-10 02:48:11,970 - __main__ - ERROR - Erro em SKILUS SORVETERIA: BrowserContext.new_page: Target page, context or browser has been closed
2026-02-10 02:48:11,971 - __main__ - INFO - Iniciando: MECANICA ROSEME
2026-02-10 02:48:11,972 - src.processors.async_processor - INFO - [158/449] Processando: MECANICA ROSEME
2026-02-10 02:48:12,023 - src.processors.async_processor - ERROR - Erro ao processar MECANICA ROSEME: BrowserContext.new_page: Target page, context or browser has been closed
2026-02-10 02:48:12,025 - __main__ - ERROR - Erro em MECANICA ROSEME: BrowserContext.new_page: Target page, context or browser has been closed
2026-02-10 02:48:12,026 - __main__ - INFO - Iniciando: BAR E LANCHONETE SOURI
2026-02-10 02:48:12,027 - src.processors.async_processor - INFO - [159/449] Processando: BAR E LANCHONETE SOURI
2026-02-10 02:48:12,031 - src.processors.async_processor - ERROR - Erro ao processar BAR E LANCHONETE SOURI: BrowserContext.new_page: Target page, context or browser has been closed
2026-02-10 02:48:12,033 - __main__ - ERROR - Erro em BAR E LANCHONETE SOURI: BrowserContext.new_page: Target page, context or browser has been closed
2026-02-10 02:48:12,034 - __main__ - INFO - Iniciando: ASTEKA
2026-02-10 02:48:12,035 - src.processors.async_processor - INFO - [160/449] Processando: ASTEKA
2026-02-10 02:48:12,083 - src.processors.async_processor - ERROR - Erro ao processar ASTEKA: BrowserContext.new_page: Target page, context or browser has been closed
2026-02-10 02:48:12,085 - __main__ - ERROR - Erro em ASTEKA: BrowserContext.new_page: Target page, context or browser has been closed
2026-02-10 02:48:12,086 - __main__ - INFO - Iniciando: BAR NOSSA SENHORA APARECIDA
2026-02-10 02:48:12,086 - src.processors.async_processor - INFO - [161/449] Processando: BAR NOSSA SENHORA APARECIDA
2026-02-10 02:48:12,091 - src.processors.async_processor - ERROR - Erro ao processar BAR NOSSA SENHORA APARECIDA: BrowserContext.new_page: Target page, context or browser has been closed
2026-02-10 02:48:12,093 - __main__ - ERROR - Erro em BAR NOSSA SENHORA APARECIDA: BrowserContext.new_page: Target page, context or browser has been closed
2026-02-10 02:48:12,093 - __main__ - INFO - Iniciando: CAFE COPPO
2026-02-10 02:48:12,094 - src.processors.async_processor - INFO - [162/449] Processando: CAFE COPPO
2026-02-10 02:48:12,098 - src.processors.async_processor - ERROR - Erro ao processar CAFE COPPO: BrowserContext.new_page: Target page, context or browser has been closed
2026-02-10 02:48:12,100 - __main__ - ERROR - Erro em CAFE COPPO: BrowserContext.new_page: Target page, context or browser has been closed
2026-02-10 02:48:12,101 - __main__ - INFO - Iniciando: MECANICA PICCIN
2026-02-10 02:48:12,102 - src.processors.async_processor - INFO - [163/449] Processando: MECANICA PICCIN
2026-02-10 02:48:12,153 - src.processors.async_processor - ERROR - Erro ao processar MECANICA PICCIN: BrowserContext.new_page: Target page, context or browser has been closed
2026-02-10 02:48:12,156 - __main__ - ERROR - Erro em MECANICA PICCIN: BrowserContext.new_page: Target page, context or browser has been closed
2026-02-10 02:48:12,157 - __main__ - INFO - Iniciando: VIDRACARIA NOSSA SENHORA APARECIDA
2026-02-10 02:48:12,158 - src.processors.async_processor - INFO - [164/449] Processando: VIDRACARIA NOSSA SENHORA APARECIDA
2026-02-10 02:48:12,164 - src.processors.async_processor - ERROR - Erro ao processar VIDRACARIA NOSSA SENHORA APARECIDA: BrowserContext.new_page: Target page, context or browser has been closed
2026-02-10 02:48:12,165 - __main__ - ERROR - Erro em VIDRACARIA NOSSA SENHORA APARECIDA: BrowserContext.new_page: Target page, context or browser has been closed
2026-02-10 02:48:12,166 - __main__ - INFO - Iniciando: CASA MORAES
2026-02-10 02:48:12,167 - src.processors.async_processor - INFO - [165/449] Processando: CASA MORAES
2026-02-10 02:48:12,171 - src.processors.async_processor - ERROR - Erro ao processar CASA MORAES: BrowserContext.new_page: Target page, context or browser has been closed
2026-02-10 02:48:12,216 - __main__ - ERROR - Erro em CASA MORAES: BrowserContext.new_page: Target page, context or browser has been closed
2026-02-10 02:48:12,217 - __main__ - INFO - Iniciando: ESCRITORIO TECNICO CONTABIL MARROCOS
2026-02-10 02:48:12,217 - src.processors.async_processor - INFO - [166/449] Processando: ESCRITORIO TECNICO CONTABIL MARROCOS
2026-02-10 02:48:12,222 - src.processors.async_processor - ERROR - Erro ao processar ESCRITORIO TECNICO CONTABIL MARROCOS: BrowserContext.new_page: Target page, context or browser has been closed
2026-02-10 02:48:12,224 - __main__ - ERROR - Erro em ESCRITORIO TECNICO CONTABIL MARROCOS: BrowserContext.new_page: Target page, context or browser has been closed
2026-02-10 02:48:12,224 - __main__ - INFO - Iniciando: BAR SAO JORGE
2026-02-10 02:48:12,225 - src.processors.async_processor - INFO - [167/449] Processando: BAR SAO JORGE
2026-02-10 02:48:12,229 - src.processors.async_processor - ERROR - Erro ao processar BAR SAO JORGE: BrowserContext.new_page: Target page, context or browser has been closed
2026-02-10 02:48:12,231 - __main__ - ERROR - Erro em BAR SAO JORGE: BrowserContext.new_page: Target page, context or browser has been closed
2026-02-10 02:48:12,232 - __main__ - INFO - Iniciando: BAR DO ATERRADO
2026-02-10 02:48:12,233 - src.processors.async_processor - INFO - [168/449] Processando: BAR DO ATERRADO
2026-02-10 02:48:12,238 - src.processors.async_processor - ERROR - Erro ao processar BAR DO ATERRADO: BrowserContext.new_page: Target page, context or browser has been closed
2026-02-10 02:48:12,284 - __main__ - ERROR - Erro em BAR DO ATERRADO: BrowserContext.new_page: Target page, context or browser has been closed
2026-02-10 02:48:12,285 - __main__ - INFO - Iniciando: FREE WAY BAZAR
2026-02-10 02:48:12,286 - src.processors.async_processor - INFO - [169/449] Processando: FREE WAY BAZAR
2026-02-10 02:48:12,290 - src.processors.async_processor - ERROR - Erro ao processar FREE WAY BAZAR: BrowserContext.new_page: Target page, context or browser has been closed
2026-02-10 02:48:12,292 - __main__ - ERROR - Erro em FREE WAY BAZAR: BrowserContext.new_page: Target page, context or browser has been closed
2026-02-10 02:48:12,292 - __main__ - INFO - Iniciando: DROGARIA SANTA LUZIA
2026-02-10 02:48:12,293 - src.processors.async_processor - INFO - [170/449] Processando: DROGARIA SANTA LUZIA
2026-02-10 02:48:12,297 - src.processors.async_processor - ERROR - Erro ao processar DROGARIA SANTA LUZIA: BrowserContext.new_page: Target page, context or browser has been closed
2026-02-10 02:48:12,299 - __main__ - ERROR - Erro em DROGARIA SANTA LUZIA: BrowserContext.new_page: Target page, context or browser has been closed
2026-02-10 02:48:12,299 - __main__ - INFO - Iniciando: AGRO-TRATOR
2026-02-10 02:48:12,300 - src.processors.async_processor - INFO - [171/449] Processando: AGRO-TRATOR
2026-02-10 02:48:12,305 - src.processors.async_processor - ERROR - Erro ao processar AGRO-TRATOR: BrowserContext.new_page: Target page, context or browser has been closed
2026-02-10 02:48:12,359 - __main__ - ERROR - Erro em AGRO-TRATOR: BrowserContext.new_page: Target page, context or browser has been closed
2026-02-10 02:48:12,360 - __main__ - INFO - Iniciando: TURCO COMERCIO DE SUCATAS
2026-02-10 02:48:12,360 - src.processors.async_processor - INFO - [172/449] Processando: TURCO COMERCIO DE SUCATAS
2026-02-10 02:48:12,365 - src.processors.async_processor - ERROR - Erro ao processar TURCO COMERCIO DE SUCATAS: BrowserContext.new_page: Target page, context or browser has been closed
2026-02-10 02:48:12,366 - __main__ - ERROR - Erro em TURCO COMERCIO DE SUCATAS: BrowserContext.new_page: Target page, context or browser has been closed
2026-02-10 02:48:12,367 - __main__ - INFO - Iniciando: HAGAS SPORTS
2026-02-10 02:48:12,368 - src.processors.async_processor - INFO - [173/449] Processando: HAGAS SPORTS
2026-02-10 02:48:12,374 - src.processors.async_processor - ERROR - Erro ao processar HAGAS SPORTS: BrowserContext.new_page: Connection closed while reading from the driver
2026-02-10 02:48:12,377 - __main__ - ERROR - Erro em HAGAS SPORTS: BrowserContext.new_page: Connection closed while reading from the driver
2026-02-10 02:48:12,377 - __main__ - INFO - Iniciando: PEDRO VEICULOS
2026-02-10 02:48:12,378 - src.processors.async_processor - INFO - [174/449] Processando: PEDRO VEICULOS
2026-02-19 12:51:58,513 - __main__ - INFO - Iniciando ExtractMogi
2026-02-19 12:51:58,946 - __main__ - INFO - Banco de dados inicializado
2026-02-19 12:58:00,144 - __main__ - INFO - Iniciando ExtractMogi
2026-02-19 12:58:00,165 - __main__ - INFO - Banco de dados inicializado
2026-02-19 12:58:13,710 - src.exporters.data_exporter - INFO - Exportação concluída: 86 empresas exportadas para exports\extractmogi_export_20260219_125813.csv
2026-02-19 12:58:13,712 - __main__ - INFO - Exportação realizada: exports\extractmogi_export_20260219_125813.csv
2026-03-04 12:13:41,300 - __main__ - INFO - Iniciando ExtractMogi
2026-03-04 12:13:41,888 - __main__ - INFO - Banco de dados inicializado
2026-03-04 12:13:50,485 - __main__ - INFO - Tabela de dados limpa
2026-03-04 12:54:43,200 - __main__ - INFO - Iniciando ExtractMogi
2026-03-04 12:54:43,254 - __main__ - INFO - Banco de dados inicializado
2026-03-04 12:55:00,461 - __main__ - INFO - Tabela de dados limpa
2026-03-04 12:59:50,904 - __main__ - INFO - Iniciando ExtractMogi
2026-03-04 12:59:50,939 - __main__ - INFO - Banco de dados inicializado
2026-03-04 12:59:54,807 - __main__ - INFO - Banco de dados limpo com sucesso
2026-03-04 12:59:54,809 - __main__ - INFO - Tabela de dados da interface limpa
